gene_symbol	ensembl_id	gtex_tissue	eqtl_catalogue_study	eqtl_catalogue_tissue	gtex_pp_h4	replication_pp_h4	replicated	gtex_beta	replication_beta	effect_correlation	direction_concordant	lead_variant_gtex	lead_variant_replication	distance_bp
SORT1	ENSG00000134243	Liver	FUSION	liver	0.96	0.89	TRUE	-0.42	-0.39	0.94	TRUE	rs12740374	rs12740374	0
SORT1	ENSG00000134243	Adipose_Subcutaneous	METSIM	adipose	0.23	0.18	FALSE	0.12	0.09	0.75	TRUE	rs12740374	rs12740374	0
APOE	ENSG00000130203	Liver	FUSION	liver	0.94	0.91	TRUE	0.38	0.41	0.96	TRUE	rs429358	rs429358	0
APOE	ENSG00000130203	Brain_Cortex	BrainSeq	brain_cortex	0.88	0.82	TRUE	0.31	0.28	0.91	TRUE	rs429358	rs429358	0
TCF7L2	ENSG00000148737	Pancreas	InsPIRE	islet	0.91	0.87	TRUE	0.31	0.29	0.91	TRUE	rs7903146	rs7903146	0
TCF7L2	ENSG00000148737	Adipose_Subcutaneous	METSIM	adipose	0.78	0.72	TRUE	0.22	0.19	0.89	TRUE	rs7903146	rs7903146	0
PCSK9	ENSG00000169174	Liver	FUSION	liver	0.92	0.88	TRUE	0.45	0.42	0.93	TRUE	rs11591147	rs11591147	0
LDLR	ENSG00000130164	Liver	FUSION	liver	0.89	0.84	TRUE	-0.38	-0.35	0.92	TRUE	rs6511720	rs6511720	0
CETP	ENSG00000087237	Liver	FUSION	liver	0.87	0.81	TRUE	0.52	0.48	0.91	TRUE	rs1800775	rs1800775	0
CETP	ENSG00000087237	Adipose_Visceral	METSIM	adipose	0.79	0.71	TRUE	0.41	0.37	0.88	TRUE	rs1800775	rs1800775	0
LPL	ENSG00000175445	Adipose_Subcutaneous	METSIM	adipose	0.93	0.89	TRUE	0.48	0.45	0.94	TRUE	rs12678919	rs12678919	0
LPL	ENSG00000175445	Muscle_Skeletal	FUSION	muscle	0.85	0.79	TRUE	0.39	0.36	0.91	TRUE	rs12678919	rs12678919	0
ANGPTL3	ENSG00000132855	Liver	FUSION	liver	0.88	0.83	TRUE	-0.35	-0.32	0.90	TRUE	rs2131925	rs2131925	0
APOC3	ENSG00000110245	Liver	FUSION	liver	0.91	0.86	TRUE	0.41	0.38	0.92	TRUE	rs2854117	rs2854117	0
GCKR	ENSG00000084734	Liver	FUSION	liver	0.94	0.91	TRUE	0.29	0.27	0.95	TRUE	rs1260326	rs1260326	0
FADS1	ENSG00000149485	Liver	FUSION	liver	0.89	0.85	TRUE	0.36	0.33	0.91	TRUE	rs174546	rs174546	0
FADS2	ENSG00000134824	Liver	FUSION	liver	0.86	0.81	TRUE	0.33	0.30	0.89	TRUE	rs174546	rs174546	0
SLC30A8	ENSG00000164756	Pancreas	InsPIRE	islet	0.82	0.76	TRUE	0.28	0.25	0.88	TRUE	rs13266634	rs13266634	0
HNF4A	ENSG00000101076	Liver	FUSION	liver	0.79	0.72	TRUE	0.24	0.21	0.86	TRUE	rs4812829	rs4812829	0
HNF4A	ENSG00000101076	Pancreas	InsPIRE	islet	0.84	0.78	TRUE	0.31	0.28	0.89	TRUE	rs4812829	rs4812829	0
PPARG	ENSG00000132170	Adipose_Subcutaneous	METSIM	adipose	0.91	0.87	TRUE	0.42	0.39	0.93	TRUE	rs1801282	rs1801282	0
MTNR1B	ENSG00000196134	Pancreas	InsPIRE	islet	0.78	0.71	TRUE	0.26	0.23	0.87	TRUE	rs10830963	rs10830963	0
CDKAL1	ENSG00000145996	Pancreas	InsPIRE	islet	0.72	0.65	TRUE	0.21	0.18	0.84	TRUE	rs7756992	rs7756992	0
HHEX	ENSG00000152804	Pancreas	InsPIRE	islet	0.81	0.75	TRUE	0.29	0.26	0.89	TRUE	rs1111875	rs1111875	0
ADCY5	ENSG00000173175	Pancreas	InsPIRE	islet	0.76	0.69	TRUE	0.23	0.20	0.85	TRUE	rs11708067	rs11708067	0
ADAMTS9	ENSG00000163638	Adipose_Subcutaneous	METSIM	adipose	0.74	0.67	TRUE	0.19	0.16	0.83	TRUE	rs6795735	rs6795735	0
PHACTR1	ENSG00000157800	Artery_Coronary	GTEx_replication	artery	0.85	0.79	TRUE	0.34	0.31	0.90	TRUE	rs9349379	rs9349379	0
SH2B3	ENSG00000111252	Whole_Blood	Lepik_2017	blood	0.88	0.83	TRUE	0.38	0.35	0.91	TRUE	rs3184504	rs3184504	0
IL6R	ENSG00000160712	Whole_Blood	Lepik_2017	blood	0.91	0.87	TRUE	0.42	0.39	0.93	TRUE	rs4129267	rs4129267	0
SMAD3	ENSG00000166949	Artery_Aorta	GTEx_replication	artery	0.79	0.72	TRUE	0.27	0.24	0.87	TRUE	rs17293632	rs17293632	0
GUCY1A1	ENSG00000164116	Artery_Tibial	GTEx_replication	artery	0.83	0.77	TRUE	0.31	0.28	0.89	TRUE	rs7692387	rs7692387	0
