locus_id	gene_symbol	lead_snp	cs2g_snp_hg19	cs2g_score	cs2g_prediction
PCSK9_CAD_LDL	PCSK9	rs11591147			0
ANGPTL3_LDL_TG	ANGPTL3	rs11207997			0
IL23R_IBD	IL23R	rs11209026			0
APOB_CAD_LDL	APOB	rs1367117			0
PPARG_T2D_Insulin	PPARG	rs1801282			0
LPA_CAD_Lp(a)	LPA	rs10455872			0
GCK_T2D_MODY	GCK	rs4607517			0
SLC30A8_T2D	SLC30A8	rs13266634			0
JAK2_MPN	JAK2	rs77375493			0
TCF7L2_T2D	TCF7L2	rs7903146			0
KCNJ11_T2D	KCNJ11	rs5219			0
APOC3_TG_CAD	APOC3	rs138326449	11:116701354_G_A	1.0	1
HNF1A_T2D_MODY	HNF1A	rs1169288	12:121416650_A_C	0.502	1
NOD2_CD	NOD2	rs2066844			0
FTO_Obesity	IRX3	rs1421085			0
CETP_HDL_CAD	CETP	rs247617			0
LDLR_CAD_LDL	LDLR	rs688	19:11227602_C_T	1.0	1
IL23R_IBD_PSO	IL23R	rs11209026			0
PTPN22_RA_T1D	PTPN22	rs2476601			0
HBB_ANEMIA	HBB	rs334	11:5248232_T_A	0.981	1
CACNA1C_SCZ_BD	CACNA1C	rs1006737			0
CHD8_ASD	CHD8	rs4899556			0
SERPINA1_COPD	SERPINA1	rs28929474			0
HBA1_THALASSEMIA	HBA1	rs34599082			0
UMOD_CKD	UMOD	rs4293393			0
FTO_OBESITY	IRX3	rs1421085			0
TP53_LFS	TP53	rs1042522			0
BRCA1_BC_OC	BRCA1	rs799917	17:41244936_G_A	0.914	1
MC4R_OBESITY	MC4R	rs17782313			0
TYK2_SLE_MS	TYK2	rs34536443	19:10463118_G_C	0.972	1
APOL1_CKD	APOL1	rs73885319	22:36661906_A_G	1.0	1
SLC2A9_URIC_ACID	SLC2A9	rs16890979			0
APC_CRC	APC	rs41115	5:112175770_G_A	1.0	1
HLA-DRB1_RA	HLA-DRB1	rs660895			0
CFTR_CF_LUNG	CFTR	rs75961395			0
LEP_OBESITY	LEP	rs10487505			0
FMRP_ASD_ID	FMR1	rs25487			0
F8_HEMOPHILIA	F8	rs137852327			0
APOE_AD	APOE	rs429358			0
TREM2_AD	TREM2	rs75932628	6:41129252_C_T	1.0	1
SORL1_AD	SORL1	rs11218343	11:121435587_T_C	1.0	1
SNCA_PD	SNCA	rs356182			0
LRRK2_PD	LRRK2	rs34637584			0
GBA_PD	GBA	rs76763715	1:155205634_T_C	1.0	1
LRP5_BMD_OSTEO	LRP5	rs3736228			0
COL1A1_OI_BMD	COL1A1	rs1800012	17:48277749_C_A	1.0	1
WNT16_BMD_FRACTURE	WNT16	rs3801387			0
CFH_AMD	CFH	rs1061170	1:196659237_C_T	1.0	1
MYOC_GLAUCOMA	MYOC	rs183532			0
ABCA4_STARGARDT	ABCA4	rs1801466			0
GJB2_DEAFNESS	GJB2	rs72474224			0
SLC26A4_PENDRED	SLC26A4	rs111033171			0
PNPLA3_NAFLD	PNPLA3	rs738409			0
TM6SF2_NAFLD_CVD	TM6SF2	rs58542926			0
HFE_HEMOCHROMATOSIS	HFE	rs1800562	6:26093141_G_A	1.0	1
PKD1_POLYCYSTIC	PKD1	rs137852855			0
DMD_MUSCULAR_DYSTROPHY	DMD	rs137852331			0
MYBPC3_HCM	MYBPC3	rs727503209			0
HEXA_TAY_SACHS	HEXA	rs121907979			0
IRS1_T2D_INSULIN	IRS1	rs2943641			0
MTNR1B_T2D_MELATONIN	MTNR1B	rs10830963			0
TSHR_HYPOTHYROID	TSHR	rs10149689	14:81415800_A_G	1.0	1
TG_THYROID_CANCER	TG	rs2069561	8:133975283_G_A	1.0	1
