locus_id	gene_symbol	chr	pos_hg38	lead_snp	cs2g_score	cs2g_best_snp	cs2g_chr	cs2g_prediction	match_method	correct
PCSK9_CAD_LDL	PCSK9	1	55039974	rs11591147	1.0	1:54559083_A_C	1.0	1.0	gene_max	1.0
ANGPTL3_LDL_TG	ANGPTL3	1	62597513	rs11207997	1.0	1:62411326_AC_A	1.0	1.0	gene_max	1.0
IL23R_IBD	IL23R	1	67240275	rs11209026	1.0	1:66729704_C_T	1.0	1.0	gene_max	1.0
APOB_CAD_LDL	APOB	2	21001429	rs1367117	1.0	2:20315161_T_A	2.0	1.0	gene_max	1.0
PPARG_T2D_Insulin	PPARG	3	12351626	rs1801282	1.0	rs77075000	3.0	1.0	gene_max	1.0
LPA_CAD_Lp(a)	LPA	6	160580597	rs10455872	1.0	6:160522336_C_T	6.0	1.0	gene_max	1.0
GCK_T2D_MODY	GCK	7	44184500	rs4607517	1.0	7:43278824_G_A	7.0	1.0	gene_max	1.0
SLC30A8_T2D	SLC30A8	8	117172544	rs13266634	1.0	8:117758844_C_T	8.0	1.0	gene_max	1.0
JAK2_MPN	JAK2	9	4985244	rs77375493	1.0	9:4050409_T_G	9.0	1.0	gene_max	1.0
TCF7L2_T2D	TCF7L2	10	112998590	rs7903146	1.0	10:113967204_A_G	10.0	1.0	gene_max	1.0
KCNJ11_T2D	KCNJ11	11	17408630	rs5219	1.0	rs72871358	11.0	1.0	gene_max	1.0
APOC3_TG_CAD	APOC3	11	116833860	rs138326449	1.0	rs116963285	11.0	1.0	gene_max	1.0
HNF1A_T2D_MODY	HNF1A	12	120977564	rs1169288	1.0	12:121203427_C_T	12.0	1.0	gene_max	1.0
NOD2_CD	NOD2	16	50745926	rs2066844	1.0	16:49887212_C_G	16.0	1.0	gene_max	1.0
FTO_Obesity	IRX3	16	53786615	rs1421085	1.0	16:53391538_GC_G	16.0	1.0	gene_max	1.0
CETP_HDL_CAD	CETP	16	56995236	rs247617	1.0	16:56024355_T_C	16.0	1.0	gene_max	1.0
LDLR_CAD_LDL	LDLR	19	11060935	rs688	1.0	19:10932590_G_A	19.0	1.0	gene_max	1.0
IL23R_IBD_PSO	IL23R	1	67240275	rs11209026	1.0	1:66729704_C_T	1.0	1.0	gene_max	1.0
PTPN22_RA_T1D	PTPN22	1	113834946	rs2476601	1.0	1:113735072_G_C	1.0	1.0	gene_max	1.0
HBB_ANEMIA	HBB	11	5227002	rs334	1.0	11:4269832_C_T	11.0	1.0	gene_max	1.0
CACNA1C_SCZ_BD	CACNA1C	12	1970786	rs1006737	1.0	12:1330175_C_T	12.0	1.0	gene_max	1.0
CHD8_ASD	CHD8	14	21385689	rs4899556	1.0	14:21088026_A_ACCCGGCC	14.0	1.0	gene_max	1.0
SERPINA1_COPD	SERPINA1	14	94376738	rs28929474	1.0	14:93858081_T_C	14.0	1.0	gene_max	1.0
HBA1_THALASSEMIA	HBA1	16	176680	rs34599082	1.0	16:198102_T_C	16.0	1.0	gene_max	1.0
UMOD_CKD	UMOD	16	20344176	rs4293393	1.0	16:19453358_G_C	16.0	1.0	gene_max	1.0
FTO_OBESITY	IRX3	16	53800954	rs1421085	1.0	16:53391538_GC_G	16.0	1.0	gene_max	1.0
TP53_LFS	TP53	17	7676154	rs1042522	1.0	17:7352872_A_G	17.0	1.0	gene_max	1.0
BRCA1_BC_OC	BRCA1	17	43044295	rs799917	1.0	rs8176320	17.0	1.0	gene_max	1.0
MC4R_OBESITY	MC4R	18	60372088	rs17782313	1.0	18:57089951_A_AGT	18.0	1.0	gene_max	1.0
TYK2_SLE_MS	TYK2	19	10352442	rs34536443	1.0	19:10350882_C_T	19.0	1.0	gene_max	1.0
APOL1_CKD	APOL1	22	36253960	rs73885319	1.0	22:35854733_C_A	22.0	1.0	gene_max	1.0
SLC2A9_URIC_ACID	SLC2A9	4	9920000	rs16890979	1.0	4:9155572_T_G	4.0	1.0	gene_max	1.0
APC_CRC	APC	5	112707498	rs41115	1.0	5:111379284_T_C	5.0	1.0	gene_max	1.0
HLA-DRB1_RA	HLA-DRB1	6	32578530	rs660895	1.0	rs3129860	6.0	1.0	gene_max	1.0
CFTR_CF_LUNG	CFTR	7	117559593	rs75961395	1.0	7:116337352_T_G	7.0	1.0	gene_max	1.0
LEP_OBESITY	LEP	7	128241278	rs10487505	1.0	7:127117844_T_C	7.0	1.0	gene_max	1.0
FMRP_ASD_ID	FMR1	X	147912050	rs25487						
F8_HEMOPHILIA	F8	X	154835794	rs137852327						
APOE_AD	APOE	19	44908684	rs429358	1.0	19:44457647_A_T	19.0	1.0	gene_max	1.0
TREM2_AD	TREM2	6	41129252	rs75932628	1.0	6:40507791_C_T	6.0	1.0	gene_max	1.0
SORL1_AD	SORL1	11	121378665	rs11218343	1.0	11:120536007_T_G	11.0	1.0	gene_max	1.0
SNCA_PD	SNCA	4	89724099	rs356182	1.0	4:90114587_A_T	4.0	1.0	gene_max	1.0
LRRK2_PD	LRRK2	12	40340400	rs34637584	1.0	12:39599861_T_A	12.0	1.0	gene_max	1.0
GBA_PD	GBA	1	155204239	rs76763715	1.0	1:154274638_A_G	1.0	1.0	gene_max	1.0
LRP5_BMD_OSTEO	LRP5	11	68069157	rs3736228	1.0	11:67528849_T_C	11.0	1.0	gene_max	1.0
COL1A1_OI_BMD	COL1A1	17	50184238	rs1800012	1.0	17:47353994_C_T	17.0	1.0	gene_max	1.0
WNT16_BMD_FRACTURE	WNT16	7	121415807	rs3801387	1.0	rs73215361	7.0	1.0	gene_max	1.0
CFH_AMD	CFH	1	196690107	rs1061170	1.0	rs17668780	1.0	1.0	gene_max	1.0
MYOC_GLAUCOMA	MYOC	1	171629364	rs183532	1.0	1:170771306_G_A	1.0	1.0	gene_max	1.0
ABCA4_STARGARDT	ABCA4	1	94458393	rs1801466	1.0	1:94232838_G_A	1.0	1.0	gene_max	1.0
GJB2_DEAFNESS	GJB2	13	20189539	rs72474224	1.0	13:19878728_G_A	13.0	1.0	gene_max	1.0
SLC26A4_PENDRED	SLC26A4	7	107301262	rs111033171	1.0	7:106583125_G_A	7.0	1.0	gene_max	1.0
PNPLA3_NAFLD	PNPLA3	22	43928847	rs738409	1.0	22:44073254_G_A	22.0	1.0	gene_max	1.0
TM6SF2_NAFLD_CVD	TM6SF2	19	19268740	rs58542926	1.0	19:18741531_G_C	19.0	1.0	gene_max	1.0
HFE_HEMOCHROMATOSIS	HFE	6	26090951	rs1800562	1.0	6:25373510_T_A	6.0	1.0	gene_max	1.0
PKD1_POLYCYSTIC	PKD1	16	2088708	rs137852855	1.0	16:1232052_T_G	16.0	1.0	gene_max	1.0
DMD_MUSCULAR_DYSTROPHY	DMD	X	32386297	rs137852331						
MYBPC3_HCM	MYBPC3	11	47352926	rs727503209	1.0	11:46442983_T_A	11.0	1.0	gene_max	1.0
HEXA_TAY_SACHS	HEXA	15	72346580	rs121907979	1.0	15:71701203_G_A	15.0	1.0	gene_max	1.0
IRS1_T2D_INSULIN	IRS1	2	226795828	rs2943641	1.0	2:226534845_A_G	2.0	1.0	gene_max	1.0
MTNR1B_T2D_MELATONIN	MTNR1B	11	92708710	rs10830963	1.0	11:91950169_T_C	11.0	1.0	gene_max	1.0
TSHR_HYPOTHYROID	TSHR	14	81158324	rs10149689	1.0	14:81171594_C_T	14.0	1.0	gene_max	1.0
TG_THYROID_CANCER	TG	8	132929738	rs2069561	1.0	rs56027339	8.0	1.0	gene_max	1.0
