locus_id	chr	pos_hg38	lead_snp	ensembl_id	gene_symbol	trait	evidence_class	mechanism_class	confidence	source	pubmed_id	l2g_training_overlap
GCST90061435_ENSG00000139287	12	72342043		ENSG00000139287		EFO_0003888	ot_platform	REGULATORY	High	OpenTargets_2023		NO
GCST90020227_ENSG00000166736	11	113581043		ENSG00000166736		EFO_0003761	ot_platform	REGULATORY	High	OpenTargets_2023		NO
FINNGEN_R6_M13_ROTATORCUFF_ENSG00000163288	4	46577132		ENSG00000163288		EFO_1001250	ot_platform	REGULATORY	High	OpenTargets_2023		NO
GCST010557_ENSG00000144285	2	165754317		ENSG00000144285		MONDO_0005148	ot_platform	REGULATORY	Medium	OpenTargets_2023		NO
GCST010144_ENSG00000145321	4	71750901		ENSG00000145321		EFO_0004631	otg_original	REGULATORY	Medium	OpenTargets_2023		NO
GCST90025982_ENSG00000002745	7	121069067		ENSG00000002745		EFO_0009270	otg_original	REGULATORY	Medium	OpenTargets_2023		NO
FINNGEN_R6_T2D_INCLAVO_ENSG00000163581	3	170912095		ENSG00000163581		EFO_0001360	otg_original	REGULATORY	Medium	OpenTargets_2023		NO
GCST90025957_ENSG00000175445	8	20119800		ENSG00000175445		EFO_0004530	otg_original	REGULATORY	Medium	OpenTargets_2023		NO
GCST000755_ENSG00000087237	16	56983090		ENSG00000087237		EFO_0004612	otg_original	REGULATORY	Medium	OpenTargets_2023		NO
GCST010042_ENSG00000188229	9	137605991		ENSG00000188229		MONDO_0004979	ot_platform	REGULATORY	Medium	OpenTargets_2023		NO
GCST009597_ENSG00000131747	17	40096407		ENSG00000131747		MONDO_0005301	ot_platform	REGULATORY	High	OpenTargets_2023		NO
GCST011795_ENSG00000131759	17	40276973		ENSG00000131759		EFO_0000701	ot_platform	REGULATORY	High	OpenTargets_2023		NO
GCST90016624_ENSG00000184983	22	42207808		ENSG00000184983		MONDO_0005090	ot_platform	REGULATORY	High	OpenTargets_2023		NO
GCST90018706_ENSG00000139180	12	4179925		ENSG00000139180		MONDO_0005148	ot_platform	REGULATORY	High	OpenTargets_2023		NO
GCST011211_ENSG00000134775	18	36673782		ENSG00000134775		EFO_0000538	ot_platform	REGULATORY	High	OpenTargets_2023		NO
GCST90025959_ENSG00000132693	1	159508813		ENSG00000132693		EFO_0004458	otg_original	REGULATORY	Medium	OpenTargets_2023		NO
GCST001042_ENSG00000196126	6	32251212		ENSG00000196126		EFO_0000685	ot_platform	REGULATORY	High	OpenTargets_2023		NO
GCST90014023_ENSG00000111252	12	111446804		ENSG00000111252		MONDO_0005147	ot_platform	REGULATORY	High	OpenTargets_2023		NO
GCST90025956_ENSG00000073060	12	124777047		ENSG00000073060		EFO_0004612	otg_original	REGULATORY	Medium	OpenTargets_2023		NO
GCST000755_ENSG00000087237	16	56985620		ENSG00000087237		EFO_0004612	otg_original	REGULATORY	Medium	OpenTargets_2023		NO
GCST010551_ENSG00000172572	12	20078592		ENSG00000172572		EFO_0001645	ot_platform	REGULATORY	High	OpenTargets_2023		NO
GCST90025967_ENSG00000145321	4	71698468		ENSG00000145321		EFO_0004631	otg_original	REGULATORY	Medium	OpenTargets_2023		NO
GCST007343_ENSG00000144285	2	166142257		ENSG00000144285		EFO_0000474	ot_platform	REGULATORY	High	OpenTargets_2023		NO
FINNGEN_R6_CARDIAC_ARRHYTM_ENSG00000168539	11	62544526		ENSG00000168539		EFO_0000341	ot_platform	REGULATORY	High	OpenTargets_2023		NO
GCST004713_ENSG00000137090	9	863635		ENSG00000137090		EFO_1000566	ot_platform	REGULATORY	High	OpenTargets_2023		NO
GCST90053836_ENSG00000087085	7	100715476		ENSG00000087085		MONDO_0005090	ot_platform	REGULATORY	High	OpenTargets_2023		NO
GCST90014023_ENSG00000254647	11	2160994		ENSG00000254647		MONDO_0005147	ot_platform	REGULATORY	High	OpenTargets_2023		NO
GCST004050_ENSG00000137962	1	94092554		ENSG00000137962		EFO_0003959	ot_platform	REGULATORY	High	OpenTargets_2023		NO
GCST007278_ENSG00000138378	2	191068557		ENSG00000138378		EFO_0000685	ot_platform	REGULATORY	High	OpenTargets_2023		NO
GCST90013534_ENSG00000160856	1	157699488		ENSG00000160856		EFO_0000685	ot_platform	REGULATORY	High	OpenTargets_2023		NO
GCST010118_ENSG00000112164	6	39078868		ENSG00000112164		MONDO_0005148	ot_platform	REGULATORY	High	OpenTargets_2023		NO
GCST90025957_ENSG00000175445	8	20074326		ENSG00000175445		EFO_0004530	otg_original	REGULATORY	Medium	OpenTargets_2023		NO
GCST90025954_ENSG00000130164	19	11149078		ENSG00000130164		EFO_0004611	otg_original	REGULATORY	Medium	OpenTargets_2023		NO
FINNGEN_R6_H7_AMD_ENSG00000166033	10	122455905		ENSG00000166033		EFO_0001365	ot_platform	REGULATORY	High	OpenTargets_2023		NO
GCST011202_ENSG00000128591	7	128848680		ENSG00000128591		EFO_0000407	ot_platform	REGULATORY	High	OpenTargets_2023		NO
GCST007949_ENSG00000090402	3	165334038		ENSG00000090402		MONDO_0005148	ot_platform	REGULATORY	High	OpenTargets_2023		NO
FINNGEN_R6_I9_AF_ENSG00000183873	3	38613787		ENSG00000183873		EFO_0003911	ot_platform	REGULATORY	Medium	OpenTargets_2023		NO
GCST002740_2_ENSG00000143631	1	152196264		ENSG00000143631		EFO_0000274	ot_platform	REGULATORY	High	OpenTargets_2023		NO
GCST009717_ENSG00000204231	6	33088320		ENSG00000204231		HP_0000964	ot_platform	REGULATORY	High	OpenTargets_2023		NO
GCST90025954_ENSG00000130164	19	11116878		ENSG00000130164		EFO_0004611	otg_original	REGULATORY	Medium	OpenTargets_2023		NO
GCST005647_ENSG00000183735	12	64488187		ENSG00000183735		MONDO_0004976	ot_platform	REGULATORY	High	OpenTargets_2023		NO
GCST90025956_ENSG00000158874	1	161681274		ENSG00000158874		EFO_0004612	otg_original	REGULATORY	Medium	OpenTargets_2023		NO
GCST005446_ENSG00000166035	15	58149167		ENSG00000166035		EFO_0004612	otg_original	REGULATORY	Medium	OpenTargets_2023		NO
GCST90038656_ENSG00000125084	12	48985754		ENSG00000125084		EFO_0003882	ot_platform	REGULATORY	High	OpenTargets_2023		NO
GCST000807_ENSG00000007944	6	16196963		ENSG00000007944		EFO_0004611	otg_original	REGULATORY	Medium	OpenTargets_2023		NO
GCST90025982_ENSG00000002745	7	121081033		ENSG00000002745		EFO_0009270	otg_original	REGULATORY	Medium	OpenTargets_2023		NO
GCST010681_ENSG00000189043	7	10437039		ENSG00000189043		MONDO_0005147	ot_platform	REGULATORY	High	OpenTargets_2023		NO
GCST90032674_ENSG00000123360	12	54247259		ENSG00000123360		EFO_0600064	ot_platform	REGULATORY	High	OpenTargets_2023		NO
GCST008595_ENSG00000251322	22	50678709		ENSG00000251322		MONDO_0005090	ot_platform	REGULATORY	High	OpenTargets_2023		NO
GCST90025956_ENSG00000087237	16	56618519		ENSG00000087237		EFO_0004612	otg_original	REGULATORY	Medium	OpenTargets_2023		NO
GCST009887_2_ENSG00000232810	6	31372381		ENSG00000232810		EFO_0003780	otg_original	REGULATORY	Medium	OpenTargets_2023		NO
GCST90038646_ENSG00000123545	6	96611790		ENSG00000123545		MONDO_0005277	ot_platform	REGULATORY	Medium	OpenTargets_2023		NO
GCST90025973_ENSG00000241635	2	233412412		ENSG00000241635		EFO_0004570	otg_original	REGULATORY	Medium	OpenTargets_2023		NO
GCST010555_2_ENSG00000053918	11	2611200		ENSG00000053918		MONDO_0005148	ot_platform	REGULATORY	High	OpenTargets_2023		NO
GCST90002412_ENSG00000134243	1	109274968		ENSG00000134243		EFO_0004611	otg_original	REGULATORY	Medium	OpenTargets_2023		NO
GCST90016604_ENSG00000136531	2	165295879		ENSG00000136531		EFO_0000289	ot_platform	REGULATORY	High	OpenTargets_2023		NO
GCST90025956_ENSG00000101670	18	49575219		ENSG00000101670		EFO_0004612	otg_original	REGULATORY	Medium	OpenTargets_2023		NO
GCST90025959_ENSG00000132693	1	159477373		ENSG00000132693		EFO_0004458	otg_original	REGULATORY	Medium	OpenTargets_2023		NO
GCST90014023_ENSG00000038532	16	11100914		ENSG00000038532		MONDO_0005147	ot_platform	REGULATORY	High	OpenTargets_2023		NO
GCST90025959_ENSG00000132693	1	159566150		ENSG00000132693		EFO_0004458	otg_original	REGULATORY	Medium	OpenTargets_2023		NO
GCST90038604_ENSG00000169252	5	149006374		ENSG00000169252		EFO_0000537	otg_original	REGULATORY	Medium	OpenTargets_2023		NO
GCST90016610_ENSG00000134242	1	113318157		ENSG00000134242		EFO_0000685	ot_platform	REGULATORY	High	OpenTargets_2023		NO
GCST009325_ENSG00000188906	12	40220632		ENSG00000188906		MONDO_0005180	ot_platform	REGULATORY	High	OpenTargets_2023		NO
FINNGEN_R6_I9_IHD_ENSG00000073417	15	85610093		ENSG00000073417		EFO_1001375	ot_platform	REGULATORY	Medium	OpenTargets_2023		NO
GCST90025959_ENSG00000132693	1	159589298		ENSG00000132693		EFO_0004458	otg_original	REGULATORY	Medium	OpenTargets_2023		NO
GCST010555_2_ENSG00000148737	10	112983332		ENSG00000148737		MONDO_0005148	ot_platform	REGULATORY	High	OpenTargets_2023		NO
GCST012089_ENSG00000198822	7	86617000		ENSG00000198822		MONDO_0005090	ot_platform	REGULATORY	Medium	OpenTargets_2023		NO
GCST004050_ENSG00000073282	3	189835583		ENSG00000073282		EFO_0003959	ot_platform	REGULATORY	High	OpenTargets_2023		NO
GCST012431_ENSG00000145335	4	89840793		ENSG00000145335		MONDO_0005180	ot_platform	REGULATORY	High	OpenTargets_2023		NO
GCST011500_ENSG00000110148	11	6252514		ENSG00000110148		EFO_0003948	ot_platform	REGULATORY	High	OpenTargets_2023		NO
GCST90038599_ENSG00000171408	6	135811358		ENSG00000171408		EFO_0000400	ot_platform	REGULATORY	High	OpenTargets_2023		NO
GCST012091_ENSG00000183454	16	9846103		ENSG00000183454		EFO_0000289	ot_platform	REGULATORY	High	OpenTargets_2023		NO
GCST009529_ENSG00000250479	22	24186073		ENSG00000250479		MONDO_0004976	ot_platform	REGULATORY	High	OpenTargets_2023		NO
GCST005289_ENSG00000165731	10	43073439		ENSG00000165731		Orphanet_388	ot_platform	REGULATORY	High	OpenTargets_2023		NO
GCST90025956_ENSG00000101670	18	49535684		ENSG00000101670		EFO_0004612	otg_original	REGULATORY	Medium	OpenTargets_2023		NO
GCST001906_3_ENSG00000110092	11	69648142		ENSG00000110092		EFO_0001378	ot_platform	REGULATORY	High	OpenTargets_2023		NO
GCST009044_ENSG00000087237	16	56962023		ENSG00000087237		EFO_0004612	otg_original	REGULATORY	Medium	OpenTargets_2023		NO
GCST90025956_ENSG00000166035	15	58382496		ENSG00000166035		EFO_0004612	otg_original	REGULATORY	Medium	OpenTargets_2023		NO
GCST005782_ENSG00000145321	4	72109031		ENSG00000145321		EFO_0004631	otg_original	REGULATORY	Medium	OpenTargets_2023		NO
NEALE2_1747_2_ENSG00000258839	16	90053804		ENSG00000258839		EFO_0003924	otg_original	REGULATORY	Medium	OpenTargets_2023		NO
GCST010244_ENSG00000173334	8	125682133		ENSG00000173334		EFO_0004530	otg_original	REGULATORY	Medium	OpenTargets_2023		NO
GCST90038595_ENSG00000157445	3	53815978		ENSG00000157445		EFO_0000319	ot_platform	REGULATORY	High	OpenTargets_2023		NO
FINNGEN_R6_E4_HYPERGLYCER_ENSG00000110245	11	116778201		ENSG00000110245		EFO_0004211	ot_platform	REGULATORY	Medium	OpenTargets_2023		NO
FINNGEN_R6_KELA_DIAB_INSUL_ENSG00000144285	2	166390007		ENSG00000144285		EFO_0000400	ot_platform	REGULATORY	High	OpenTargets_2023		NO
FINNGEN_R6_E4_GILBERT_ENSG00000242366	2	233755940		ENSG00000242366		EFO_0005556	ot_platform	REGULATORY	High	OpenTargets_2023		NO
GCST010245_ENSG00000134243	1	109255141		ENSG00000134243		EFO_0004611	otg_original	REGULATORY	Medium	OpenTargets_2023		NO
GCST009685_ENSG00000164116	4	155472489		ENSG00000164116		EFO_0000537	ot_platform	REGULATORY	High	OpenTargets_2023		NO
GCST90013706_2_ENSG00000136997	8	127530199		ENSG00000136997		EFO_0001663	otg_original	REGULATORY	Medium	OpenTargets_2023		NO
GCST90011823_ENSG00000196230	6	31045574		ENSG00000196230		EFO_0000311	ot_platform	REGULATORY	High	OpenTargets_2023		NO
GCST90016618_ENSG00000133019	1	239038351		ENSG00000133019		MONDO_0005090	ot_platform	REGULATORY	Medium	OpenTargets_2023		NO
FINNGEN_R6_FG_DOAAC_ENSG00000151617	4	147472512		ENSG00000151617		EFO_0004264	ot_platform	REGULATORY	Medium	OpenTargets_2023		NO
GCST90038604_ENSG00000143839	1	204587862		ENSG00000143839		EFO_0000537	ot_platform	REGULATORY	High	OpenTargets_2023		NO
GCST90038595_ENSG00000165995	10	18439030		ENSG00000165995		EFO_0000319	ot_platform	REGULATORY	High	OpenTargets_2023		NO
GCST005485_ENSG00000169174	1	54648824		ENSG00000169174		EFO_0004611	otg_original	REGULATORY	Medium	OpenTargets_2023		NO
GCST90002412_ENSG00000134243	1	109293759		ENSG00000134243		EFO_0004611	otg_original	REGULATORY	Medium	OpenTargets_2023		NO
GCST90025956_ENSG00000101670	18	49864655		ENSG00000101670		EFO_0004612	otg_original	REGULATORY	Medium	OpenTargets_2023		NO
GCST005647_ENSG00000147894	9	27436086		ENSG00000147894		MONDO_0004976	ot_platform	REGULATORY	High	OpenTargets_2023		NO
GCST009356_ENSG00000176692	16	86482353		ENSG00000176692		HP_0000175	ot_platform	REGULATORY	High	OpenTargets_2023		NO
GCST90025956_ENSG00000131748	17	39659646		ENSG00000131748		EFO_0004612	otg_original	REGULATORY	Medium	OpenTargets_2023		NO
GCST003423_ENSG00000161509	17	75022679		ENSG00000161509		MONDO_0004975	ot_platform	REGULATORY	High	OpenTargets_2023		NO
GCST010555_2_ENSG00000275410	17	37686448		ENSG00000275410		MONDO_0005148	ot_platform	REGULATORY	High	OpenTargets_2023		NO
GCST90025959_ENSG00000132693	1	159712443		ENSG00000132693		EFO_0004458	otg_original	REGULATORY	Medium	OpenTargets_2023		NO
GCST90025982_ENSG00000002745	7	121124519		ENSG00000002745		EFO_0009270	otg_original	REGULATORY	Medium	OpenTargets_2023		NO
GCST90061435_ENSG00000163288	4	47197971		ENSG00000163288		EFO_0003888	ot_platform	REGULATORY	Medium	OpenTargets_2023		NO
GCST007692_25_ENSG00000184752	12	95144245		ENSG00000184752		EFO_0000341	ot_platform	REGULATORY	High	OpenTargets_2023		NO
GCST001086_ENSG00000141655	18	62414860		ENSG00000141655		EFO_0004261	ot_platform	REGULATORY	High	OpenTargets_2023		NO
GCST000755_ENSG00000087237	16	56950851		ENSG00000087237		EFO_0004612	otg_original	REGULATORY	Medium	OpenTargets_2023		NO
GCST010723_ENSG00000134365	1	196390909		ENSG00000134365		EFO_0001365	ot_platform	REGULATORY	High	OpenTargets_2023		NO
GCST90018805_ENSG00000232810	6	31413574		ENSG00000232810		EFO_0004220	ot_platform	REGULATORY	Medium	OpenTargets_2023		NO
GCST010242_ENSG00000166035	15	58379522		ENSG00000166035		EFO_0004612	otg_original	REGULATORY	Medium	OpenTargets_2023		NO
GCST001237_ENSG00000087237	16	56978467		ENSG00000087237		EFO_0004612	otg_original	REGULATORY	Medium	OpenTargets_2023		NO
GCST90038646_ENSG00000185633	12	57133500		ENSG00000185633		MONDO_0005277	ot_platform	REGULATORY	Medium	OpenTargets_2023		NO
GCST001359_ENSG00000112541	6	165741969		ENSG00000112541		EFO_0000289	ot_platform	REGULATORY	High	OpenTargets_2023		NO
GCST010555_ENSG00000171298	17	79921512		ENSG00000171298		MONDO_0005148	ot_platform	REGULATORY	High	OpenTargets_2023		NO
GCST90025956_ENSG00000101670	18	49583585		ENSG00000101670		EFO_0004612	otg_original	REGULATORY	Medium	OpenTargets_2023		NO
GCST009717_ENSG00000204231	6	32801612		ENSG00000204231		HP_0000964	ot_platform	REGULATORY	High	OpenTargets_2023		NO
GCST90061435_ENSG00000110693	11	15709104		ENSG00000110693		EFO_0003888	ot_platform	REGULATORY	High	OpenTargets_2023		NO
GCST90025982_ENSG00000177150	18	13702795		ENSG00000177150		EFO_0009270	otg_original	REGULATORY	Medium	OpenTargets_2023		NO
GCST004713_ENSG00000137090	9	878563		ENSG00000137090		EFO_1000566	ot_platform	REGULATORY	High	OpenTargets_2023		NO
FINNGEN_R6_E4_GILBERT_ENSG00000244474	2	233755940		ENSG00000244474		EFO_0005556	ot_platform	REGULATORY	High	OpenTargets_2023		NO
FINNGEN_R6_H7_AMD_ENSG00000080910	1	196677131		ENSG00000080910		EFO_0001365	ot_platform	REGULATORY	High	OpenTargets_2023		NO
GCST012206_ENSG00000076242	3	36993455		ENSG00000076242		EFO_0005842	ot_platform	REGULATORY	High	OpenTargets_2023		NO
FINNGEN_R6_MYELOPROF_ENSG00000096968	9	5073770		ENSG00000096968		EFO_0004251	otg_original	REGULATORY	Medium	OpenTargets_2023		NO
GCST004166_ENSG00000197728	12	56041628		ENSG00000197728		HP_0000175	ot_platform	REGULATORY	High	OpenTargets_2023		NO
GCST009337_ENSG00000155511	5	153415751		ENSG00000155511		MONDO_0005090	ot_platform	REGULATORY	Medium	OpenTargets_2023		NO
NEALE2_102_raw_ENSG00000169208	14	21074607		ENSG00000169208		EFO_0008111	otg_original	REGULATORY	Medium	OpenTargets_2023		NO
GCST009597_ENSG00000104848	19	49333989		ENSG00000104848		MONDO_0005301	ot_platform	REGULATORY	High	OpenTargets_2023		NO
GCST90025973_ENSG00000241635	2	233682324		ENSG00000241635		EFO_0004570	otg_original	REGULATORY	Medium	OpenTargets_2023		NO
GCST010416_ENSG00000164418	6	100891524		ENSG00000164418		EFO_0000289	ot_platform	REGULATORY	Medium	OpenTargets_2023		NO
GCST90038646_ENSG00000139180	12	4416598		ENSG00000139180		MONDO_0005277	ot_platform	REGULATORY	Medium	OpenTargets_2023		NO
GCST007994_ENSG00000196230	6	30487517		ENSG00000196230		MONDO_0004979	ot_platform	REGULATORY	Medium	OpenTargets_2023		NO
GCST010557_ENSG00000100170	22	31807348		ENSG00000100170		MONDO_0005148	ot_platform	REGULATORY	Medium	OpenTargets_2023		NO
GCST90038604_ENSG00000164258	5	53975590		ENSG00000164258		EFO_0000537	ot_platform	REGULATORY	High	OpenTargets_2023		NO
GCST011211_ENSG00000198523	6	118333145		ENSG00000198523		EFO_0000538	ot_platform	REGULATORY	High	OpenTargets_2023		NO
GCST011565_ENSG00000196230	6	30956152		ENSG00000196230		EFO_0001645	ot_platform	REGULATORY	High	OpenTargets_2023		NO
GCST90038656_ENSG00000167941	17	43730140		ENSG00000167941		EFO_0003882	ot_platform	REGULATORY	High	OpenTargets_2023		NO
GCST90038603_ENSG00000115594	2	102352407		ENSG00000115594		EFO_0000540	ot_platform	REGULATORY	High	OpenTargets_2023		NO
FINNGEN_R6_CARDIAC_ARRHYTM_ENSG00000160716	1	154839804		ENSG00000160716		EFO_0000341	ot_platform	REGULATORY	Medium	OpenTargets_2023		NO
GCST010144_ENSG00000145321	4	71867327		ENSG00000145321		EFO_0004631	otg_original	REGULATORY	Medium	OpenTargets_2023		NO
FINNGEN_R6_E4_HYTHY_AI_STRICT_ENSG00000042832	8	132945688		ENSG00000042832		EFO_0003779	ot_platform	REGULATORY	High	OpenTargets_2023		NO
GCST008595_ENSG00000140009	14	64259785		ENSG00000140009		MONDO_0005090	ot_platform	REGULATORY	High	OpenTargets_2023		NO
GCST90025956_ENSG00000073060	12	124800202		ENSG00000073060		EFO_0004612	otg_original	REGULATORY	Medium	OpenTargets_2023		NO
GCST90002412_ENSG00000130164	19	11172546		ENSG00000130164		EFO_0004611	otg_original	REGULATORY	Medium	OpenTargets_2023		NO
GCST90012877_ENSG00000064687	19	1050875		ENSG00000064687		MONDO_0004975	ot_platform	REGULATORY	High	OpenTargets_2023		NO
GCST90011804_ENSG00000066468	10	121819548		ENSG00000066468		EFO_0000305	otg_original	REGULATORY	Medium	OpenTargets_2023		NO
FINNGEN_R6_E4_DM2_STRICT_ENSG00000187486	11	17391413		ENSG00000187486		EFO_0001360	otg_original	REGULATORY	Medium	OpenTargets_2023		NO
GCST005081_ENSG00000204231	6	32956807		ENSG00000204231		MONDO_0005090	ot_platform	REGULATORY	Medium	OpenTargets_2023		NO
FINNGEN_R6_E4_DM2_STRICT_ENSG00000050820	16	75202865		ENSG00000050820		EFO_0001360	otg_original	REGULATORY	Medium	OpenTargets_2023		NO
GCST90038595_ENSG00000259207	17	46890164		ENSG00000259207		EFO_0000319	ot_platform	REGULATORY	Medium	OpenTargets_2023		NO
GCST90025956_ENSG00000073060	12	124857324		ENSG00000073060		EFO_0004612	otg_original	REGULATORY	Medium	OpenTargets_2023		NO
GCST90025982_ENSG00000002745	7	121372821		ENSG00000002745		EFO_0009270	otg_original	REGULATORY	Medium	OpenTargets_2023		NO
GCST009875_ENSG00000160191	21	42405613		ENSG00000160191		MONDO_0005148	ot_platform	REGULATORY	High	OpenTargets_2023		NO
GCST90000060_ENSG00000188778	8	38238144		ENSG00000188778		EFO_0000537	ot_platform	REGULATORY	High	OpenTargets_2023		NO
NEALE2_2887_ENSG00000101204	20	63361115		ENSG00000101204		EFO_0004318	ot_platform	REGULATORY	Medium	OpenTargets_2023		NO
GCST009717_ENSG00000204231	6	32777057		ENSG00000204231		HP_0000964	ot_platform	REGULATORY	High	OpenTargets_2023		NO
FINNGEN_R6_Z21_SPECIAL_SCREEN_EXAM_NEOPLASMS_ENSG00000113851	3	3270911		ENSG00000113851		EFO_0000616	ot_platform	REGULATORY	Medium	OpenTargets_2023		NO
GCST90025956_ENSG00000087237	16	56951643		ENSG00000087237		EFO_0004612	otg_original	REGULATORY	Medium	OpenTargets_2023		NO
GCST90038604_ENSG00000171105	19	7457663		ENSG00000171105		EFO_0000537	ot_platform	REGULATORY	Medium	OpenTargets_2023		NO
GCST007343_ENSG00000169432	2	166142257		ENSG00000169432		EFO_0000474	ot_platform	REGULATORY	High	OpenTargets_2023		NO
GCST90019512_ENSG00000157978	1	25540347		ENSG00000157978		EFO_0004611	otg_original	REGULATORY	Medium	OpenTargets_2023		NO
GCST90000618_ENSG00000145321	4	71893023		ENSG00000145321		EFO_0004631	otg_original	REGULATORY	Medium	OpenTargets_2023		NO
GCST010557_ENSG00000164867	7	150840547		ENSG00000164867		MONDO_0005148	ot_platform	REGULATORY	High	OpenTargets_2023		NO
GCST90038595_ENSG00000184160	4	3472024		ENSG00000184160		EFO_0000319	ot_platform	REGULATORY	High	OpenTargets_2023		NO
GCST009717_ENSG00000204231	6	32783639		ENSG00000204231		HP_0000964	ot_platform	REGULATORY	High	OpenTargets_2023		NO
FINNGEN_R6_I9_DVTANDPULM_ENSG00000088926	4	186285095		ENSG00000088926		EFO_0003907	otg_original	REGULATORY	Medium	OpenTargets_2023		NO
GCST000820_ENSG00000147894	9	27556782		ENSG00000147894		MONDO_0004976	ot_platform	REGULATORY	High	OpenTargets_2023		NO
GCST001159_ENSG00000143995	2	66554321		ENSG00000143995		EFO_0004270	ot_platform	REGULATORY	High	OpenTargets_2023		NO
FINNGEN_R6_E4_GILBERT_ENSG00000241635	2	233755940		ENSG00000241635		EFO_0005556	ot_platform	REGULATORY	High	OpenTargets_2023		NO
GCST90038646_ENSG00000175868	11	14977643		ENSG00000175868		MONDO_0005277	ot_platform	REGULATORY	High	OpenTargets_2023		NO
GCST012338_ENSG00000197891	11	64387509		ENSG00000197891		EFO_0004274	otg_original	REGULATORY	Medium	OpenTargets_2023		NO
GCST008702_3_ENSG00000009950	7	73645676		ENSG00000009950		EFO_0004530	otg_original	REGULATORY	Medium	OpenTargets_2023		NO
GCST90025956_ENSG00000100979	20	45925376		ENSG00000100979		EFO_0004612	otg_original	REGULATORY	Medium	OpenTargets_2023		NO
GCST008675_2_ENSG00000196616	4	99307860		ENSG00000196616		EFO_0007878	otg_original	REGULATORY	Medium	OpenTargets_2023		NO
GCST009597_ENSG00000183960	3	18757356		ENSG00000183960		MONDO_0005301	ot_platform	REGULATORY	High	OpenTargets_2023		NO
GCST90027898_ENSG00000144285	2	166086767		ENSG00000144285		EFO_0000474	ot_platform	REGULATORY	High	OpenTargets_2023		NO
GCST009777_ENSG00000132693	1	159217827		ENSG00000132693		EFO_0004458	otg_original	REGULATORY	Medium	OpenTargets_2023		NO
GCST90012877_ENSG00000120907	8	27362470		ENSG00000120907		MONDO_0004975	ot_platform	REGULATORY	High	OpenTargets_2023		NO
GCST007141_2_ENSG00000169174	1	55058182		ENSG00000169174		EFO_0004611	otg_original	REGULATORY	Medium	OpenTargets_2023		NO
GCST90020227_ENSG00000069696	11	380242		ENSG00000069696		EFO_0003761	ot_platform	REGULATORY	High	OpenTargets_2023		NO
GCST90025956_ENSG00000110921	12	109499729		ENSG00000110921		EFO_0004612	otg_original	REGULATORY	Medium	OpenTargets_2023		NO
GCST009597_ENSG00000079999	19	10481468		ENSG00000079999		MONDO_0005301	ot_platform	REGULATORY	High	OpenTargets_2023		NO
GCST008595_ENSG00000196811	2	232727791		ENSG00000196811		EFO_0004337	ot_platform	REGULATORY	High	OpenTargets_2023		NO
GCST90038615_ENSG00000175164	9	133263362		ENSG00000175164		EFO_0003907	otg_original	REGULATORY	Medium	OpenTargets_2023		NO
GCST90038633_ENSG00000133256	4	751184		ENSG00000133256		EFO_0000400	ot_platform	REGULATORY	High	OpenTargets_2023		NO
GCST007461_14_ENSG00000196616	4	99339522		ENSG00000196616		EFO_0007878	otg_original	REGULATORY	Medium	OpenTargets_2023		NO
GCST001963_ENSG00000064687	19	1050421		ENSG00000064687		MONDO_0004975	ot_platform	REGULATORY	High	OpenTargets_2023		NO
GCST90038595_ENSG00000196639	3	11454509		ENSG00000196639		EFO_0000319	ot_platform	REGULATORY	High	OpenTargets_2023		NO
GCST90016619_ENSG00000155511	5	153204097		ENSG00000155511		MONDO_0005090	ot_platform	REGULATORY	Medium	OpenTargets_2023		NO
GCST90025957_ENSG00000175445	8	19961817		ENSG00000175445		EFO_0004530	otg_original	REGULATORY	Medium	OpenTargets_2023		NO
GCST009598_ENSG00000122194	6	160203083		ENSG00000122194		EFO_0004253	ot_platform	REGULATORY	High	OpenTargets_2023		NO
GCST008595_ENSG00000134640	11	92588310		ENSG00000134640		MONDO_0005090	ot_platform	REGULATORY	High	OpenTargets_2023		NO
GCST90095124_ENSG00000147684	8	124324323		ENSG00000147684		MONDO_0100096	ot_platform	REGULATORY	Medium	OpenTargets_2023		NO
GCST90038595_ENSG00000112541	6	165767459		ENSG00000112541		EFO_0000319	ot_platform	REGULATORY	High	OpenTargets_2023		NO
GCST90025957_ENSG00000132855	1	62583922		ENSG00000132855		EFO_0004530	otg_original	REGULATORY	Medium	OpenTargets_2023		NO
GCST90038595_ENSG00000095464	10	94140247		ENSG00000095464		EFO_0000319	ot_platform	REGULATORY	High	OpenTargets_2023		NO
GCST010303_ENSG00000187098	3	69867486		ENSG00000187098		EFO_0000389	ot_platform	REGULATORY	High	OpenTargets_2023		NO
GCST90013687_ENSG00000186642	11	72822491		ENSG00000186642		EFO_0001645	ot_platform	REGULATORY	High	OpenTargets_2023		NO
FINNGEN_R6_N14_CALCUKIDUR_ENSG00000162551	1	21519101		ENSG00000162551		EFO_0004253	otg_original	REGULATORY	Medium	OpenTargets_2023		NO
GCST007461_18_ENSG00000196616	4	99352437		ENSG00000196616		EFO_0007878	otg_original	REGULATORY	Medium	OpenTargets_2023		NO
GCST011956_ENSG00000113302	5	159459931		ENSG00000113302		EFO_0002690	otg_original	REGULATORY	Medium	OpenTargets_2023		NO
GCST009757_ENSG00000130164	19	11097306		ENSG00000130164		EFO_0004611	otg_original	REGULATORY	Medium	OpenTargets_2023		NO
GCST008817_ENSG00000241635	2	233570731		ENSG00000241635		EFO_0004570	otg_original	REGULATORY	Medium	OpenTargets_2023		NO
GCST90014023_ENSG00000081248	1	200851482		ENSG00000081248		MONDO_0005147	ot_platform	REGULATORY	Medium	OpenTargets_2023		NO
GCST90002412_ENSG00000084674	2	21045952		ENSG00000084674		EFO_0004611	otg_original	REGULATORY	Medium	OpenTargets_2023		NO
GCST010242_ENSG00000101670	18	49902652		ENSG00000101670		EFO_0004612	otg_original	REGULATORY	Medium	OpenTargets_2023		NO
GCST003043_ENSG00000162594	1	67131612		ENSG00000162594		EFO_0003767	ot_platform	REGULATORY	High	OpenTargets_2023		NO
FINNGEN_R6_DM_RETINOPATHY_EXMORE_ENSG00000010704	6	26123182		ENSG00000010704		EFO_0003770	ot_platform	REGULATORY	High	OpenTargets_2023		NO
GCST90011804_ENSG00000095015	5	56926293		ENSG00000095015		EFO_0000305	otg_original	REGULATORY	Medium	OpenTargets_2023		NO
GCST001385_5_ENSG00000132693	1	159248476		ENSG00000132693		EFO_0004458	otg_original	REGULATORY	Medium	OpenTargets_2023		NO
GCST008464_ENSG00000053918	11	2166212		ENSG00000053918		MONDO_0005148	ot_platform	REGULATORY	High	OpenTargets_2023		NO
GCST90025973_ENSG00000241635	2	233618225		ENSG00000241635		EFO_0004570	otg_original	REGULATORY	Medium	OpenTargets_2023		NO
GCST90019510_ENSG00000131748	17	39404878		ENSG00000131748		EFO_0004612	otg_original	REGULATORY	Medium	OpenTargets_2023		NO
GCST009379_ENSG00000148737	10	113111835		ENSG00000148737		MONDO_0005148	ot_platform	REGULATORY	High	OpenTargets_2023		NO
FINNGEN_R6_E4_DM2NASCOMP_ENSG00000130675	7	157235059		ENSG00000130675		EFO_0001360	otg_original	REGULATORY	Medium	OpenTargets_2023		NO
GCST90013791_ENSG00000088832	20	1629416		ENSG00000088832		EFO_0001359	otg_original	REGULATORY	Medium	OpenTargets_2023		NO
FINNGEN_R6_M13_ARTHTROSIS_COX_PRIM_HIPSURG_ENSG00000198756	1	184036994		ENSG00000198756		EFO_1000786	otg_original	REGULATORY	Medium	OpenTargets_2023		NO
GCST90025959_ENSG00000132693	1	159407538		ENSG00000132693		EFO_0004458	otg_original	REGULATORY	Medium	OpenTargets_2023		NO
GCST009722_ENSG00000119630	14	74463018		ENSG00000119630		EFO_0000516	ot_platform	REGULATORY	Medium	OpenTargets_2023		NO
GCST011049_ENSG00000136997	8	127523298		ENSG00000136997		EFO_0001663	otg_original	REGULATORY	Medium	OpenTargets_2023		NO
FINNGEN_R6_E4_DM2NASCOMP_ENSG00000087448	12	27806268		ENSG00000087448		EFO_0001360	otg_original	REGULATORY	Medium	OpenTargets_2023		NO
GCST90025959_ENSG00000132693	1	159715346		ENSG00000132693		EFO_0004458	otg_original	REGULATORY	Medium	OpenTargets_2023		NO
GCST012202_ENSG00000113721	5	150166863		ENSG00000113721		EFO_0005842	ot_platform	REGULATORY	High	OpenTargets_2023		NO
FINNGEN_R6_M13_ROTATORCUFF_ENSG00000151834	4	46577132		ENSG00000151834		EFO_1001250	ot_platform	REGULATORY	High	OpenTargets_2023		NO
GCST004050_2_ENSG00000117595	1	209808680		ENSG00000117595		HP_0000175	ot_platform	REGULATORY	High	OpenTargets_2023		NO
GCST011211_ENSG00000035403	10	73646383		ENSG00000035403		EFO_0000538	ot_platform	REGULATORY	High	OpenTargets_2023		NO
GCST006004_ENSG00000084674	2	21310235		ENSG00000084674		EFO_0004611	otg_original	REGULATORY	Medium	OpenTargets_2023		NO
GCST90011804_ENSG00000178568	2	212679736		ENSG00000178568		EFO_0000305	ot_platform	REGULATORY	High	OpenTargets_2023		NO
GCST90025983_ENSG00000241635	2	233675678		ENSG00000241635		EFO_0004570	otg_original	REGULATORY	Medium	OpenTargets_2023		NO
GCST010555_2_ENSG00000121653	11	45746850		ENSG00000121653		MONDO_0005148	ot_platform	REGULATORY	High	OpenTargets_2023		NO
FINNGEN_R6_H7_GLAUCOMA_POAG_ENSG00000143183	1	165754533		ENSG00000143183		EFO_0004190	ot_platform	REGULATORY	High	OpenTargets_2023		NO
GCST009685_ENSG00000061918	4	155472489		ENSG00000061918		EFO_0000537	otg_original	REGULATORY	Medium	OpenTargets_2023		NO
FINNGEN_R6_I9_AF_ENSG00000131398	19	50497261		ENSG00000131398		EFO_0000275	ot_platform	REGULATORY	Medium	OpenTargets_2023		NO
GCST010244_ENSG00000175445	8	19805426		ENSG00000175445		EFO_0004530	otg_original	REGULATORY	Medium	OpenTargets_2023		NO
GCST90025956_ENSG00000166035	15	58295917		ENSG00000166035		EFO_0004612	otg_original	REGULATORY	Medium	OpenTargets_2023		NO
GCST90018905_ENSG00000196230	6	31099487		ENSG00000196230		EFO_0001663	otg_original	REGULATORY	Medium	OpenTargets_2023		NO
GCST002455_ENSG00000177628	1	154882579		ENSG00000177628		MONDO_0005180	ot_platform	REGULATORY	High	OpenTargets_2023		NO
GCST010303_ENSG00000113721	5	149832305		ENSG00000113721		EFO_0000389	ot_platform	REGULATORY	Medium	OpenTargets_2023		NO
GCST90061435_ENSG00000151577	3	114431487		ENSG00000151577		EFO_0003888	ot_platform	REGULATORY	High	OpenTargets_2023		NO
GCST010861_ENSG00000184588	1	65428477		ENSG00000184588		EFO_1001249	ot_platform	REGULATORY	High	OpenTargets_2023		NO
GCST011049_ENSG00000169083	X	67605515		ENSG00000169083		EFO_0001663	ot_platform	REGULATORY	High	OpenTargets_2023		NO
FINNGEN_R6_CD2_BENIGN_LEIOMYOMA_UTERI_ENSG00000122194	6	160986687		ENSG00000122194		EFO_0000731	ot_platform	REGULATORY	High	OpenTargets_2023		NO
GCST90016604_ENSG00000153253	2	165295879		ENSG00000153253		EFO_0000289	ot_platform	REGULATORY	High	OpenTargets_2023		NO
GCST90002412_ENSG00000130164	19	11139626		ENSG00000130164		EFO_0004611	otg_original	REGULATORY	Medium	OpenTargets_2023		NO
GCST90014268_ENSG00000160111	19	16989740		ENSG00000160111		MONDO_0005129	ot_platform	REGULATORY	High	OpenTargets_2023		NO
SAIGE_250_ENSG00000136531	2	164700808		ENSG00000136531		EFO_0000400	ot_platform	REGULATORY	High	OpenTargets_2023		NO
GCST010557_ENSG00000136531	2	165754317		ENSG00000136531		MONDO_0005148	ot_platform	REGULATORY	Medium	OpenTargets_2023		NO
GCST008553_ENSG00000121350	12	21178615		ENSG00000121350		EFO_0004145	ot_platform	REGULATORY	High	OpenTargets_2023		NO
GCST002455_ENSG00000160716	1	154882579		ENSG00000160716		MONDO_0005180	ot_platform	REGULATORY	High	OpenTargets_2023		NO
GCST90002412_ENSG00000130164	19	11120527		ENSG00000130164		EFO_0004611	otg_original	REGULATORY	Medium	OpenTargets_2023		NO
GCST009391_156_ENSG00000021826	2	210961491		ENSG00000021826		EFO_0009767	otg_original	REGULATORY	Medium	OpenTargets_2023		NO
GCST90013537_ENSG00000164305	4	184646959		ENSG00000164305		EFO_0004246	ot_platform	REGULATORY	High	OpenTargets_2023		NO
GCST90020227_ENSG00000149295	11	113581043		ENSG00000149295		EFO_0003761	ot_platform	REGULATORY	High	OpenTargets_2023		NO
GCST90038599_ENSG00000185313	3	39296450		ENSG00000185313		EFO_0000400	ot_platform	REGULATORY	High	OpenTargets_2023		NO
GCST90038595_ENSG00000198793	1	10738432		ENSG00000198793		EFO_0000319	ot_platform	REGULATORY	High	OpenTargets_2023		NO
FINNGEN_R6_E4_HYTHYNAS_ENSG00000165409	14	81018115		ENSG00000165409		EFO_0004705	ot_platform	REGULATORY	High	OpenTargets_2023		NO
FINNGEN_R6_I9_HYPERTENSION_ENSG00000171105	19	7316206		ENSG00000171105		EFO_0000537	ot_platform	REGULATORY	Medium	OpenTargets_2023		NO
GCST90011804_ENSG00000070193	5	44476770		ENSG00000070193		EFO_0000305	otg_original	REGULATORY	Medium	OpenTargets_2023		NO
GCST90002412_ENSG00000084674	2	21155063		ENSG00000084674		EFO_0004611	otg_original	REGULATORY	Medium	OpenTargets_2023		NO
GCST010304_ENSG00000128513	7	124756591		ENSG00000128513		EFO_0000389	ot_platform	REGULATORY	High	OpenTargets_2023		NO
NEALE2_1558_ENSG00000196616	4	99369658		ENSG00000196616		EFO_0007878	otg_original	REGULATORY	Medium	OpenTargets_2023		NO
FINNGEN_R6_AUTOIMMUNE_ENSG00000115085	2	97890066		ENSG00000115085		EFO_0005140	ot_platform	REGULATORY	High	OpenTargets_2023		NO
GCST000755_ENSG00000166035	15	58378698		ENSG00000166035		EFO_0004612	otg_original	REGULATORY	Medium	OpenTargets_2023		NO
GCST000677_ENSG00000196126	6	32703326		ENSG00000196126		EFO_0000685	ot_platform	REGULATORY	High	OpenTargets_2023		NO
GCST90025959_ENSG00000132693	1	159359193		ENSG00000132693		EFO_0004458	otg_original	REGULATORY	Medium	OpenTargets_2023		NO
GCST000755_ENSG00000087237	16	56930807		ENSG00000087237		EFO_0004612	otg_original	REGULATORY	Medium	OpenTargets_2023		NO
GCST001475_ENSG00000138031	2	24927247		ENSG00000138031		EFO_0001073	ot_platform	REGULATORY	High	OpenTargets_2023		NO
GCST003043_ENSG00000085978	2	233264200		ENSG00000085978		EFO_0003767	ot_platform	REGULATORY	High	OpenTargets_2023		NO
GCST010557_ENSG00000007314	17	64125699		ENSG00000007314		MONDO_0005148	ot_platform	REGULATORY	Medium	OpenTargets_2023		NO
GCST010303_ENSG00000128513	7	124878118		ENSG00000128513		EFO_0000389	ot_platform	REGULATORY	High	OpenTargets_2023		NO
GCST010416_ENSG00000184983	22	42419352		ENSG00000184983		EFO_0000289	ot_platform	REGULATORY	High	OpenTargets_2023		NO
GCST009357_ENSG00000117595	1	209804499		ENSG00000117595		EFO_0003959	ot_platform	REGULATORY	High	OpenTargets_2023		NO
FINNGEN_R6_T2D_INCLAVO_ENSG00000124782	6	7231953		ENSG00000124782		EFO_0001360	otg_original	REGULATORY	Medium	OpenTargets_2023		NO
GCST90025956_ENSG00000165029	9	104918177		ENSG00000165029		EFO_0004612	otg_original	REGULATORY	Medium	OpenTargets_2023		NO
FINNGEN_R6_H7_AMD_ENSG00000125730	19	6718376		ENSG00000125730		EFO_0001365	ot_platform	REGULATORY	High	OpenTargets_2023		NO
GCST000294_ENSG00000171867	20	4699605		ENSG00000171867		EFO_0004226	ot_platform	REGULATORY	High	OpenTargets_2023		NO
GCST011991_ENSG00000204525	6	31287231		ENSG00000204525		EFO_0000676	ot_platform	REGULATORY	High	OpenTargets_2023		NO
GCST007248_2_ENSG00000055118	7	150999023		ENSG00000055118		EFO_0000712	ot_platform	REGULATORY	Medium	OpenTargets_2023		NO
GCST001322_ENSG00000086544	19	40718299		ENSG00000086544		EFO_0004246	ot_platform	REGULATORY	High	OpenTargets_2023		NO
GCST90038690_ENSG00000138075	2	43845437		ENSG00000138075		HP_0003124	ot_platform	REGULATORY	High	OpenTargets_2023		NO
GCST009597_ENSG00000075043	20	63743088		ENSG00000075043		MONDO_0005301	ot_platform	REGULATORY	High	OpenTargets_2023		NO
GCST003959_ENSG00000167207	16	50888875		ENSG00000167207		EFO_0000384	ot_platform	REGULATORY	High	OpenTargets_2023		NO
GCST010556_ENSG00000106633	7	44145489		ENSG00000106633		MONDO_0005148	ot_platform	REGULATORY	High	OpenTargets_2023		NO
GCST90011804_ENSG00000112996	5	44476770		ENSG00000112996		EFO_0000305	otg_original	REGULATORY	Medium	OpenTargets_2023		NO
GCST010723_ENSG00000116785	1	196752640		ENSG00000116785		EFO_0001365	ot_platform	REGULATORY	High	OpenTargets_2023		NO
GCST008595_ENSG00000182346	13	105987507		ENSG00000182346		MONDO_0005090	ot_platform	REGULATORY	High	OpenTargets_2023		NO
GCST010557_ENSG00000186090	3	184020672		ENSG00000186090		MONDO_0005148	ot_platform	REGULATORY	High	OpenTargets_2023		NO
GCST90002412_ENSG00000169174	1	55035305		ENSG00000169174		EFO_0004611	otg_original	REGULATORY	Medium	OpenTargets_2023		NO
GCST90020227_ENSG00000149305	11	113581043		ENSG00000149305		EFO_0003761	ot_platform	REGULATORY	High	OpenTargets_2023		NO
GCST90001390_ENSG00000145335	4	89842209		ENSG00000145335		EFO_0006792	ot_platform	REGULATORY	High	OpenTargets_2023		NO
GCST010984_ENSG00000204539	6	31355235		ENSG00000204539		MONDO_0005271	ot_platform	REGULATORY	High	OpenTargets_2023		NO
GCST90002412_ENSG00000125629	2	118083942		ENSG00000125629		EFO_0004611	otg_original	REGULATORY	Medium	OpenTargets_2023		NO
FINNGEN_R6_K11_HYPODONTIA_INCLAVO_ENSG00000135925	2	218989595		ENSG00000135925		EFO_0005410	ot_platform	REGULATORY	High	OpenTargets_2023		NO
FINNGEN_R6_C3_BREAST_EXALLC_ENSG00000083093	16	23636404		ENSG00000083093		MONDO_0007254	ot_platform	REGULATORY	High	OpenTargets_2023		NO
FINNGEN_R6_E4_DM2NASCOMP_ENSG00000213996	19	19282905		ENSG00000213996		EFO_0001360	otg_original	REGULATORY	Medium	OpenTargets_2023		NO
GCST001974_ENSG00000117983	11	1304599		ENSG00000117983		EFO_0000768	ot_platform	REGULATORY	High	OpenTargets_2023		NO
GCST90038604_ENSG00000120251	4	156760122		ENSG00000120251		EFO_0000537	ot_platform	REGULATORY	Medium	OpenTargets_2023		NO
GCST90061435_ENSG00000149295	11	113853951		ENSG00000149295		MONDO_0002491	ot_platform	REGULATORY	High	OpenTargets_2023		NO
GCST90025967_ENSG00000145321	4	71746970		ENSG00000145321		EFO_0004631	otg_original	REGULATORY	Medium	OpenTargets_2023		NO
FINNGEN_R6_C3_BREAST_EXALLC_ENSG00000004779	16	23636404		ENSG00000004779		MONDO_0007254	ot_platform	REGULATORY	Medium	OpenTargets_2023		NO
GCST90027164_ENSG00000183735	12	64483273		ENSG00000183735		MONDO_0004976	ot_platform	REGULATORY	High	OpenTargets_2023		NO
FINNGEN_R6_RHEUMA_NOS_ENSG00000138378	2	191350098		ENSG00000138378		EFO_0000685	ot_platform	REGULATORY	High	OpenTargets_2023		NO
GCST90025956_ENSG00000101670	18	49539834		ENSG00000101670		EFO_0004612	otg_original	REGULATORY	Medium	OpenTargets_2023		NO
GCST010242_ENSG00000165029	9	104817599		ENSG00000165029		EFO_0004612	otg_original	REGULATORY	Medium	OpenTargets_2023		NO
GCST90011804_ENSG00000112996	5	44593979		ENSG00000112996		EFO_0000305	otg_original	REGULATORY	Medium	OpenTargets_2023		NO
FINNGEN_R6_H7_RETINALDETACH_ENSG00000165323	11	92890442		ENSG00000165323		EFO_0005773	otg_original	REGULATORY	Medium	OpenTargets_2023		NO
NEALE2_1747_2_ENSG00000258839	16	89950390		ENSG00000258839		EFO_0003924	otg_original	REGULATORY	Medium	OpenTargets_2023		NO
GCST010555_2_ENSG00000112164	6	39313680		ENSG00000112164		MONDO_0005148	ot_platform	REGULATORY	High	OpenTargets_2023		NO
GCST90014023_ENSG00000160194	21	42416077		ENSG00000160194		MONDO_0005147	ot_platform	REGULATORY	High	OpenTargets_2023		NO
FINNGEN_R6_KELA_DIAB_INSUL_ENSG00000112164	6	39093420		ENSG00000112164		EFO_0000400	ot_platform	REGULATORY	High	OpenTargets_2023		NO
FINNGEN_R6_ALCOHOLMENTAL_ENSG00000125356	X	120159310		ENSG00000125356		EFO_0000677	ot_platform	REGULATORY	High	OpenTargets_2023		NO
FINNGEN_R6_T2D_ENSG00000177508	16	53787501		ENSG00000177508		EFO_0001360	otg_original	REGULATORY	Medium	OpenTargets_2023		NO
FINNGEN_R6_E4_GILBERT_ENSG00000244122	2	233755940		ENSG00000244122		EFO_0005556	ot_platform	REGULATORY	High	OpenTargets_2023		NO
GCST90025956_ENSG00000062282	11	75717913		ENSG00000062282		EFO_0004612	otg_original	REGULATORY	Medium	OpenTargets_2023		NO
GCST90016606_ENSG00000151067	12	2277933		ENSG00000151067		EFO_0000289	ot_platform	REGULATORY	Medium	OpenTargets_2023		NO
FINNGEN_R6_J10_ASTHMA_INCLAVO_ENSG00000077238	16	27344903		ENSG00000077238		EFO_0000270	otg_original	REGULATORY	Medium	OpenTargets_2023		NO
GCST006979_ENSG00000002745	7	121801926		ENSG00000002745		EFO_0009270	otg_original	REGULATORY	Medium	OpenTargets_2023		NO
GCST011081_ENSG00000159110	21	33242905		ENSG00000159110		MONDO_0100096	ot_platform	REGULATORY	High	OpenTargets_2023		NO
FINNGEN_R6_H7_AMD_ENSG00000244414	1	196677131		ENSG00000244414		EFO_0001365	ot_platform	REGULATORY	High	OpenTargets_2023		NO
GCST006906_ENSG00000054598	6	1336945		ENSG00000054598		EFO_0000712	ot_platform	REGULATORY	High	OpenTargets_2023		NO
FINNGEN_R6_J10_COPDNAS_INCLAVO_ENSG00000105464	19	48021936		ENSG00000105464		EFO_0000341	ot_platform	REGULATORY	High	OpenTargets_2023		NO
GCST008595_ENSG00000186350	9	134067044		ENSG00000186350		MONDO_0005090	ot_platform	REGULATORY	Medium	OpenTargets_2023		NO
GCST001489_ENSG00000135111	12	114430333		ENSG00000135111		EFO_0000305	otg_original	REGULATORY	Medium	OpenTargets_2023		NO
GCST010555_ENSG00000112164	6	39048860		ENSG00000112164		MONDO_0005148	ot_platform	REGULATORY	High	OpenTargets_2023		NO
GCST000759_ENSG00000084674	2	21240918		ENSG00000084674		EFO_0004611	otg_original	REGULATORY	Medium	OpenTargets_2023		NO
FINNGEN_R6_H7_AMD_ENSG00000116785	1	196677131		ENSG00000116785		EFO_0001365	ot_platform	REGULATORY	High	OpenTargets_2023		NO
GCST010117_ENSG00000241635	2	233800178		ENSG00000241635		EFO_0004570	otg_original	REGULATORY	Medium	OpenTargets_2023		NO
GCST012338_ENSG00000168065	11	64387509		ENSG00000168065		EFO_0004274	otg_original	REGULATORY	Medium	OpenTargets_2023		NO
GCST008223_ENSG00000169432	2	166773339		ENSG00000169432		EFO_0003100	ot_platform	REGULATORY	Medium	OpenTargets_2023		NO
GCST003959_ENSG00000167207	16	50675812		ENSG00000167207		EFO_0000384	ot_platform	REGULATORY	High	OpenTargets_2023		NO
GCST010867_ENSG00000061918	4	155764503		ENSG00000061918		EFO_0001645	ot_platform	REGULATORY	High	OpenTargets_2023		NO
GCST010118_ENSG00000174326	17	7050462		ENSG00000174326		MONDO_0005148	ot_platform	REGULATORY	High	OpenTargets_2023		NO
FINNGEN_R6_CIRRHOSIS_BROAD_ENSG00000100344	22	43928975		ENSG00000100344		EFO_0001422	otg_original	REGULATORY	Medium	OpenTargets_2023		NO
FINNGEN_R6_T2D_INCLAVO_ENSG00000106633	7	44216044		ENSG00000106633		EFO_0001360	otg_original	REGULATORY	Medium	OpenTargets_2023		NO
GCST90038599_ENSG00000168356	3	39296450		ENSG00000168356		EFO_0000400	ot_platform	REGULATORY	High	OpenTargets_2023		NO
GCST90025957_ENSG00000173334	8	125435602		ENSG00000173334		EFO_0004530	otg_original	REGULATORY	Medium	OpenTargets_2023		NO
FINNGEN_R6_C3_PROSTATE_EXALLC_ENSG00000169083	X	67413702		ENSG00000169083		MONDO_0008315	ot_platform	REGULATORY	High	OpenTargets_2023		NO
GCST010242_ENSG00000101670	18	49621154		ENSG00000101670		EFO_0004612	otg_original	REGULATORY	Medium	OpenTargets_2023		NO
NEALE2_20114_9_ENSG00000170214	5	160310873		ENSG00000170214		EFO_0000400	ot_platform	REGULATORY	High	OpenTargets_2023		NO
NEALE2_1747_2_ENSG00000258839	16	89868425		ENSG00000258839		EFO_0003924	otg_original	REGULATORY	Medium	OpenTargets_2023		NO
GCST90025967_ENSG00000145321	4	71910446		ENSG00000145321		EFO_0004631	otg_original	REGULATORY	Medium	OpenTargets_2023		NO
GCST005289_ENSG00000165731	10	43379369		ENSG00000165731		Orphanet_388	ot_platform	REGULATORY	High	OpenTargets_2023		NO
GCST010242_ENSG00000073060	12	124950170		ENSG00000073060		EFO_0004612	otg_original	REGULATORY	Medium	OpenTargets_2023		NO
GCST90010361_ENSG00000087237	16	56974596		ENSG00000087237		EFO_0004612	otg_original	REGULATORY	Medium	OpenTargets_2023		NO
GCST002069_2_ENSG00000163687	3	58345459		ENSG00000163687		EFO_0002690	ot_platform	REGULATORY	High	OpenTargets_2023		NO
GCST009337_ENSG00000133019	1	239035659		ENSG00000133019		MONDO_0005090	ot_platform	REGULATORY	Medium	OpenTargets_2023		NO
GCST001475_ENSG00000115138	2	24927247		ENSG00000115138		EFO_0001073	ot_platform	REGULATORY	High	OpenTargets_2023		NO
FINNGEN_R6_E4_GILBERT_ENSG00000288705	2	233755940		ENSG00000288705		EFO_0005556	ot_platform	REGULATORY	High	OpenTargets_2023		NO
GCST010680_ENSG00000150594	10	110629099		ENSG00000150594		EFO_1000637	ot_platform	REGULATORY	Medium	OpenTargets_2023		NO
GCST008833_ENSG00000053918	11	2249112		ENSG00000053918		MONDO_0005148	ot_platform	REGULATORY	High	OpenTargets_2023		NO
GCST002672_2_ENSG00000169432	2	166041354		ENSG00000169432		HP_0002373	ot_platform	REGULATORY	High	OpenTargets_2023		NO
GCST90025956_ENSG00000166035	15	58429103		ENSG00000166035		EFO_0004612	otg_original	REGULATORY	Medium	OpenTargets_2023		NO
GCST007839_ENSG00000113448	5	60248826		ENSG00000113448		HP_0000155	ot_platform	REGULATORY	High	OpenTargets_2023		NO
GCST000759_ENSG00000169174	1	55264654		ENSG00000169174		EFO_0004611	otg_original	REGULATORY	Medium	OpenTargets_2023		NO
GCST002216_ENSG00000132855	1	62786544		ENSG00000132855		EFO_0004530	otg_original	REGULATORY	Medium	OpenTargets_2023		NO
GCST90002412_ENSG00000007944	6	16126703		ENSG00000007944		EFO_0004611	otg_original	REGULATORY	Medium	OpenTargets_2023		NO
FINNGEN_R6_M13_ROTATORCUFF_ENSG00000109158	4	46577132		ENSG00000109158		EFO_1001250	ot_platform	REGULATORY	High	OpenTargets_2023		NO
NEALE2_102_raw_ENSG00000105550	19	49157632		ENSG00000105550		EFO_0008111	otg_original	REGULATORY	Medium	OpenTargets_2023		NO
GCST003678_ENSG00000113161	5	74966337		ENSG00000113161		EFO_0004574	otg_original	REGULATORY	Medium	OpenTargets_2023		NO
FINNGEN_R6_DIABETES_FG_ENSG00000166136	10	101006652		ENSG00000166136		EFO_0000400	ot_platform	REGULATORY	High	OpenTargets_2023		NO
GCST007836_ENSG00000178445	9	6102648		ENSG00000178445		EFO_0009767	otg_original	REGULATORY	Medium	OpenTargets_2023		NO
FINNGEN_R6_I9_DVTANDPULM_ENSG00000126218	13	113117925		ENSG00000126218		EFO_0003907	ot_platform	REGULATORY	High	OpenTargets_2023		NO
GCST009380_ENSG00000181856	17	7646363		ENSG00000181856		MONDO_0005148	ot_platform	REGULATORY	High	OpenTargets_2023		NO
GCST90016618_ENSG00000105464	19	48704000		ENSG00000105464		MONDO_0005090	ot_platform	REGULATORY	High	OpenTargets_2023		NO
GCST010557_ENSG00000111319	12	6582286		ENSG00000111319		MONDO_0005148	ot_platform	REGULATORY	Medium	OpenTargets_2023		NO
GCST90002412_ENSG00000257017	16	72067626		ENSG00000257017		EFO_0004611	otg_original	REGULATORY	Medium	OpenTargets_2023		NO
GCST001974_ENSG00000117983	11	1303542		ENSG00000117983		EFO_0000768	ot_platform	REGULATORY	High	OpenTargets_2023		NO
GCST90000614_ENSG00000145321	4	71752058		ENSG00000145321		EFO_0004631	otg_original	REGULATORY	Medium	OpenTargets_2023		NO
FINNGEN_R6_E4_OBESITY_ENSG00000140718	16	53769662		ENSG00000140718		EFO_0001073	ot_platform	REGULATORY	High	OpenTargets_2023		NO
GCST010557_ENSG00000275410	17	37739849		ENSG00000275410		MONDO_0005148	ot_platform	REGULATORY	High	OpenTargets_2023		NO
GCST001963_ENSG00000116032	19	1050421		ENSG00000116032		MONDO_0004975	ot_platform	REGULATORY	High	OpenTargets_2023		NO
NEALE2_3148_raw_ENSG00000002745	7	121320649		ENSG00000002745		EFO_0009270	otg_original	REGULATORY	Medium	OpenTargets_2023		NO
GCST009597_ENSG00000136928	9	98105907		ENSG00000136928		MONDO_0005301	ot_platform	REGULATORY	High	OpenTargets_2023		NO
GCST90025956_ENSG00000166035	15	58388755		ENSG00000166035		EFO_0004612	otg_original	REGULATORY	Medium	OpenTargets_2023		NO
GCST002983_ENSG00000130203	19	44901322		ENSG00000130203		MONDO_0004975	ot_platform	REGULATORY	High	OpenTargets_2023		NO
GCST002268_ENSG00000009307	1	114697195		ENSG00000009307		EFO_0003758	ot_platform	REGULATORY	High	OpenTargets_2023		NO
GCST90011804_ENSG00000070193	5	44593979		ENSG00000070193		EFO_0000305	otg_original	REGULATORY	Medium	OpenTargets_2023		NO
GCST011365_ENSG00000112164	6	39188634		ENSG00000112164		EFO_0000612	otg_original	REGULATORY	Medium	OpenTargets_2023		NO
GCST010557_ENSG00000175535	10	116799225		ENSG00000175535		MONDO_0005148	ot_platform	REGULATORY	High	OpenTargets_2023		NO
GCST007461_8_ENSG00000196616	4	99523206		ENSG00000196616		EFO_0007878	otg_original	REGULATORY	Medium	OpenTargets_2023		NO
GCST010557_ENSG00000121361	12	21690642		ENSG00000121361		MONDO_0005148	ot_platform	REGULATORY	High	OpenTargets_2023		NO
GCST90038690_ENSG00000130164	19	11086585		ENSG00000130164		HP_0003124	ot_platform	REGULATORY	High	OpenTargets_2023		NO
GCST90061435_ENSG00000080298	9	3143398		ENSG00000080298		EFO_0003888	ot_platform	REGULATORY	High	OpenTargets_2023		NO
GCST010118_ENSG00000267855	19	7921753		ENSG00000267855		MONDO_0005148	ot_platform	REGULATORY	High	OpenTargets_2023		NO
GCST003043_ENSG00000162594	1	67239180		ENSG00000162594		EFO_0003767	ot_platform	REGULATORY	High	OpenTargets_2023		NO
GCST90002400_ENSG00000179348	3	128484100		ENSG00000179348		EFO_0007985	otg_original	REGULATORY	Medium	OpenTargets_2023		NO
FINNGEN_R6_H7_AMD_ENSG00000134365	1	196677131		ENSG00000134365		EFO_0001365	ot_platform	REGULATORY	High	OpenTargets_2023		NO
GCST010242_ENSG00000073060	12	124841607		ENSG00000073060		EFO_0004612	otg_original	REGULATORY	Medium	OpenTargets_2023		NO
GCST009379_ENSG00000053918	11	2734318		ENSG00000053918		MONDO_0005148	ot_platform	REGULATORY	High	OpenTargets_2023		NO
FINNGEN_R6_E4_HYTHYNAS_ENSG00000012963	14	93088163		ENSG00000012963		EFO_0004705	ot_platform	REGULATORY	High	OpenTargets_2023		NO
GCST003086_ENSG00000159261	21	36462940		ENSG00000159261		EFO_0004253	otg_original	REGULATORY	Medium	OpenTargets_2023		NO
GCST007278_ENSG00000128604	7	129007888		ENSG00000128604		EFO_0000685	ot_platform	REGULATORY	High	OpenTargets_2023		NO
GCST008055_ENSG00000132693	1	159685728		ENSG00000132693		EFO_0004458	otg_original	REGULATORY	Medium	OpenTargets_2023		NO
GCST010557_ENSG00000113448	5	58836875		ENSG00000113448		MONDO_0005148	ot_platform	REGULATORY	High	OpenTargets_2023		NO
FINNGEN_R6_H7_AMD_ENSG00000254636	10	122455905		ENSG00000254636		EFO_0001365	ot_platform	REGULATORY	High	OpenTargets_2023		NO
GCST010117_ENSG00000241635	2	233759379		ENSG00000241635		EFO_0004570	otg_original	REGULATORY	Medium	OpenTargets_2023		NO
GCST90038680_ENSG00000131759	17	40608272		ENSG00000131759		HP_0000964	ot_platform	REGULATORY	High	OpenTargets_2023		NO
GCST002486_ENSG00000129038	15	73884216		ENSG00000129038		EFO_0004235	ot_platform	REGULATORY	High	OpenTargets_2023		NO
GCST003043_ENSG00000163362	1	200906769		ENSG00000163362		EFO_0003767	ot_platform	REGULATORY	High	OpenTargets_2023		NO
GCST90010715_ENSG00000160712	1	154339435		ENSG00000160712		EFO_0002609	ot_platform	REGULATORY	High	OpenTargets_2023		NO
GCST90025956_ENSG00000131748	17	39659051		ENSG00000131748		EFO_0004612	otg_original	REGULATORY	Medium	OpenTargets_2023		NO
GCST90012877_ENSG00000130203	19	44862190		ENSG00000130203		MONDO_0004975	ot_platform	REGULATORY	High	OpenTargets_2023		NO
GCST90014033_ENSG00000157388	3	53028645		ENSG00000157388		EFO_0009552	ot_platform	REGULATORY	High	OpenTargets_2023		NO
GCST011202_ENSG00000151929	10	119670121		ENSG00000151929		EFO_0000407	ot_platform	REGULATORY	High	OpenTargets_2023		NO
GCST008479_ENSG00000228716	5	80449650		ENSG00000228716		EFO_0000676	ot_platform	REGULATORY	High	OpenTargets_2023		NO
GCST004217_ENSG00000196628	18	55729968		ENSG00000196628		Orphanet_98974	ot_platform	REGULATORY	High	OpenTargets_2023		NO
GCST007071_ENSG00000115085	2	97756543		ENSG00000115085		EFO_0005140	ot_platform	REGULATORY	High	OpenTargets_2023		NO
GCST009325_ENSG00000198049	1	205754444		ENSG00000198049		MONDO_0005180	ot_platform	REGULATORY	High	OpenTargets_2023		NO
GCST009337_ENSG00000116329	1	28814643		ENSG00000116329		MONDO_0005090	ot_platform	REGULATORY	High	OpenTargets_2023		NO
GCST008595_ENSG00000080503	9	1748795		ENSG00000080503		MONDO_0005090	ot_platform	REGULATORY	High	OpenTargets_2023		NO
GCST90011816_ENSG00000196230	6	31021915		ENSG00000196230		EFO_0001061	ot_platform	REGULATORY	Medium	OpenTargets_2023		NO
GCST90011822_ENSG00000062822	19	50862184		ENSG00000062822		EFO_0000311	ot_platform	REGULATORY	Medium	OpenTargets_2023		NO
GCST007472_ENSG00000196616	4	99346515		ENSG00000196616		EFO_0007878	otg_original	REGULATORY	Medium	OpenTargets_2023		NO
GCST011956_ENSG00000004779	16	23860136		ENSG00000004779		EFO_0002690	ot_platform	REGULATORY	High	OpenTargets_2023		NO
GCST009379_ENSG00000153253	2	164716684		ENSG00000153253		MONDO_0005148	ot_platform	REGULATORY	Medium	OpenTargets_2023		NO
SAIGE_252_1_ENSG00000124827	6	10853307		ENSG00000124827		EFO_0008506	ot_platform	REGULATORY	High	OpenTargets_2023		NO
GCST009875_ENSG00000182333	10	88275897		ENSG00000182333		MONDO_0005148	ot_platform	REGULATORY	High	OpenTargets_2023		NO
GCST007827_ENSG00000073060	12	124853790		ENSG00000073060		EFO_0004612	otg_original	REGULATORY	Medium	OpenTargets_2023		NO
GCST90019499_ENSG00000132693	1	159218693		ENSG00000132693		EFO_0004458	otg_original	REGULATORY	Medium	OpenTargets_2023		NO
GCST90061435_ENSG00000148737	10	112613140		ENSG00000148737		EFO_0003888	ot_platform	REGULATORY	High	OpenTargets_2023		NO
GCST010302_ENSG00000126215	14	103457138		ENSG00000126215		EFO_0000389	ot_platform	REGULATORY	High	OpenTargets_2023		NO
GCST90038604_ENSG00000043591	10	113965521		ENSG00000043591		EFO_0000537	ot_platform	REGULATORY	High	OpenTargets_2023		NO
GCST001850_5_ENSG00000170214	5	159580770		ENSG00000170214		EFO_0003761	ot_platform	REGULATORY	High	OpenTargets_2023		NO
GCST90013693_ENSG00000053918	11	2548673		ENSG00000053918		MONDO_0005148	ot_platform	REGULATORY	High	OpenTargets_2023		NO
GCST90038646_ENSG00000110680	11	14977643		ENSG00000110680		MONDO_0005277	ot_platform	REGULATORY	High	OpenTargets_2023		NO
GCST004166_ENSG00000137962	1	94104460		ENSG00000137962		EFO_0003959	ot_platform	REGULATORY	High	OpenTargets_2023		NO
GCST010098_ENSG00000070193	5	44145829		ENSG00000070193		EFO_0000305	otg_original	REGULATORY	Medium	OpenTargets_2023		NO
GCST90025983_ENSG00000241635	2	233772999		ENSG00000241635		EFO_0004570	otg_original	REGULATORY	Medium	OpenTargets_2023		NO
FINNGEN_R6_T2D_INCLAVO_ENSG00000183049	10	12267270		ENSG00000183049		EFO_0001360	otg_original	REGULATORY	Medium	OpenTargets_2023		NO
GCST90025959_ENSG00000132693	1	159440067		ENSG00000132693		EFO_0004458	otg_original	REGULATORY	Medium	OpenTargets_2023		NO
GCST010118_ENSG00000181856	17	7050462		ENSG00000181856		MONDO_0005148	ot_platform	REGULATORY	High	OpenTargets_2023		NO
GCST005414_ENSG00000135100	12	121249126		ENSG00000135100		MONDO_0005148	ot_platform	REGULATORY	High	OpenTargets_2023		NO
FINNGEN_R6_L12_SKIN_ENSG00000186350	9	134376879		ENSG00000186350		EFO_0000701	ot_platform	REGULATORY	High	OpenTargets_2023		NO
GCST009513_ENSG00000185345	6	162403694		ENSG00000185345		MONDO_0005180	ot_platform	REGULATORY	High	OpenTargets_2023		NO
GCST90038604_ENSG00000138792	4	110465271		ENSG00000138792		EFO_0000537	ot_platform	REGULATORY	Medium	OpenTargets_2023		NO
NEALE2_23129_raw_ENSG00000166603	18	60181418		ENSG00000166603		EFO_0004995	otg_original	REGULATORY	Medium	OpenTargets_2023		NO
GCST000730_2_ENSG00000241635	2	233760498		ENSG00000241635		EFO_0004570	otg_original	REGULATORY	Medium	OpenTargets_2023		NO
GCST90018808_ENSG00000166949	15	66691644		ENSG00000166949		EFO_0005842	ot_platform	REGULATORY	High	OpenTargets_2023		NO
FINNGEN_R6_KELA_DIAB_INSUL_ENSG00000136546	2	166390007		ENSG00000136546		EFO_0000400	ot_platform	REGULATORY	High	OpenTargets_2023		NO
GCST90002400_ENSG00000159216	21	35023677		ENSG00000159216		EFO_0007985	otg_original	REGULATORY	Medium	OpenTargets_2023		NO
GCST005647_ENSG00000147894	9	27491944		ENSG00000147894		MONDO_0004976	ot_platform	REGULATORY	High	OpenTargets_2023		NO
GCST90025956_ENSG00000073060	12	124814996		ENSG00000073060		EFO_0004612	otg_original	REGULATORY	Medium	OpenTargets_2023		NO
GCST90025956_ENSG00000166035	15	58409607		ENSG00000166035		EFO_0004612	otg_original	REGULATORY	Medium	OpenTargets_2023		NO
NEALE2_23129_raw_ENSG00000153162	6	7702426		ENSG00000153162		EFO_0004995	otg_original	REGULATORY	Medium	OpenTargets_2023		NO
GCST006611_ENSG00000135218	7	80671133		ENSG00000135218		EFO_0004612	otg_original	REGULATORY	Medium	OpenTargets_2023		NO
GCST90061435_ENSG00000165646	10	117017860		ENSG00000165646		EFO_0003888	ot_platform	REGULATORY	High	OpenTargets_2023		NO
SAIGE_250_ENSG00000267855	19	7905750		ENSG00000267855		EFO_0000400	ot_platform	REGULATORY	High	OpenTargets_2023		NO
GCST90016611_ENSG00000167207	16	50722970		ENSG00000167207		EFO_0000729	ot_platform	REGULATORY	High	OpenTargets_2023		NO
FINNGEN_R6_E4_GILBERT_ENSG00000242515	2	233755940		ENSG00000242515		EFO_0005556	ot_platform	REGULATORY	High	OpenTargets_2023		NO
GCST90025973_ENSG00000241635	2	233772770		ENSG00000241635		EFO_0004570	otg_original	REGULATORY	Medium	OpenTargets_2023		NO
NEALE2_20001_1053_ENSG00000160654	11	118837284		ENSG00000160654		EFO_0005952	ot_platform	REGULATORY	Medium	OpenTargets_2023		NO
GCST010284_ENSG00000254636	10	122464428		ENSG00000254636		EFO_0001365	ot_platform	REGULATORY	High	OpenTargets_2023		NO
FINNGEN_R6_KELA_DIAB_INSUL_ENSG00000169432	2	166390007		ENSG00000169432		EFO_0000400	ot_platform	REGULATORY	High	OpenTargets_2023		NO
GCST005811_ENSG00000125965	20	35324568		ENSG00000125965		MONDO_0005178	ot_platform	REGULATORY	High	OpenTargets_2023		NO
NEALE2_4105_raw_ENSG00000002745	7	121325664		ENSG00000002745		EFO_0009270	otg_original	REGULATORY	Medium	OpenTargets_2023		NO
NEALE2_6159_1_ENSG00000184588	1	65715272		ENSG00000184588		HP_0002315	ot_platform	REGULATORY	High	OpenTargets_2023		NO
FINNGEN_R6_I9_HEARTFAIL_AND_ANTIHYPERT_ENSG00000198336	17	47197680		ENSG00000198336		EFO_0003144	ot_platform	REGULATORY	Medium	OpenTargets_2023		NO
GCST011995_ENSG00000094755	5	171001975		ENSG00000094755		EFO_0004270	ot_platform	REGULATORY	High	OpenTargets_2023		NO
GCST009717_ENSG00000204231	6	32810645		ENSG00000204231		HP_0000964	ot_platform	REGULATORY	High	OpenTargets_2023		NO
GCST90025956_ENSG00000101670	18	49591004		ENSG00000101670		EFO_0004612	otg_original	REGULATORY	Medium	OpenTargets_2023		NO
GCST90002412_ENSG00000125629	2	118087545		ENSG00000125629		EFO_0004611	otg_original	REGULATORY	Medium	OpenTargets_2023		NO
GCST90025956_ENSG00000165029	9	104885374		ENSG00000165029		EFO_0004612	otg_original	REGULATORY	Medium	OpenTargets_2023		NO
GCST008595_ENSG00000273079	12	14458588		ENSG00000273079		MONDO_0005090	ot_platform	REGULATORY	High	OpenTargets_2023		NO
GCST90027898_ENSG00000136546	2	166086767		ENSG00000136546		EFO_0000474	ot_platform	REGULATORY	High	OpenTargets_2023		NO
GCST011064_ENSG00000274286	2	95825708		ENSG00000274286		MONDO_0005277	ot_platform	REGULATORY	High	OpenTargets_2023		NO
GCST010118_ENSG00000174327	17	7050462		ENSG00000174327		MONDO_0005148	ot_platform	REGULATORY	High	OpenTargets_2023		NO
FINNGEN_R6_K11_CHRONPANC_ENSG00000164266	5	147828115		ENSG00000164266		EFO_0000342	ot_platform	REGULATORY	High	OpenTargets_2023		NO
GCST90038604_ENSG00000117480	1	46076007		ENSG00000117480		EFO_0000537	ot_platform	REGULATORY	High	OpenTargets_2023		NO
GCST90025982_ENSG00000002745	7	121128565		ENSG00000002745		EFO_0009270	otg_original	REGULATORY	Medium	OpenTargets_2023		NO
GCST000389_ENSG00000113448	5	60073967		ENSG00000113448		MONDO_0004979	ot_platform	REGULATORY	High	OpenTargets_2023		NO
GCST010723_ENSG00000244414	1	196752640		ENSG00000244414		EFO_0001365	ot_platform	REGULATORY	High	OpenTargets_2023		NO
GCST90018655_ENSG00000196230	6	30412589		ENSG00000196230		EFO_0001071	otg_original	REGULATORY	Medium	OpenTargets_2023		NO
GCST003664_5_ENSG00000116641	1	62494579		ENSG00000116641		EFO_0004529	otg_original	REGULATORY	Medium	OpenTargets_2023		NO
GCST010557_ENSG00000169432	2	165754317		ENSG00000169432		MONDO_0005148	ot_platform	REGULATORY	Medium	OpenTargets_2023		NO
GCST009379_ENSG00000139180	12	4191006		ENSG00000139180		MONDO_0005148	ot_platform	REGULATORY	High	OpenTargets_2023		NO
GCST009597_ENSG00000158445	20	49805558		ENSG00000158445		MONDO_0005301	ot_platform	REGULATORY	High	OpenTargets_2023		NO
GCST90025956_ENSG00000087237	16	56983750		ENSG00000087237		EFO_0004612	otg_original	REGULATORY	Medium	OpenTargets_2023		NO
FINNGEN_R6_H7_GLAUCOMA_XFG_ENSG00000129038	15	73933797		ENSG00000129038		EFO_0004235	ot_platform	REGULATORY	High	OpenTargets_2023		NO
GCST90038604_ENSG00000170425	17	16337989		ENSG00000170425		EFO_0000537	ot_platform	REGULATORY	High	OpenTargets_2023		NO
GCST90038616_ENSG00000104833	19	6580881		ENSG00000104833		MONDO_0004979	ot_platform	REGULATORY	Medium	OpenTargets_2023		NO
GCST010723_ENSG00000134365	1	196752640		ENSG00000134365		EFO_0001365	ot_platform	REGULATORY	High	OpenTargets_2023		NO
GCST90019512_ENSG00000134243	1	109264212		ENSG00000134243		EFO_0004611	otg_original	REGULATORY	Medium	OpenTargets_2023		NO
GCST003122_5_ENSG00000119866	2	60493816		ENSG00000119866		EFO_0004576	otg_original	REGULATORY	Medium	OpenTargets_2023		NO
GCST001874_ENSG00000121764	1	31411078		ENSG00000121764		MONDO_0007079	ot_platform	REGULATORY	Medium	OpenTargets_2023		NO
GCST010979_ENSG00000136573	8	11486464		ENSG00000136573		EFO_0004246	ot_platform	REGULATORY	High	OpenTargets_2023		NO
GCST010048_ENSG00000241635	2	233385215		ENSG00000241635		EFO_0004570	otg_original	REGULATORY	Medium	OpenTargets_2023		NO
FINNGEN_R6_AUTOIMMUNE_ENSG00000163599	2	203880280		ENSG00000163599		EFO_0005140	ot_platform	REGULATORY	High	OpenTargets_2023		NO
GCST010118_ENSG00000004948	7	93477781		ENSG00000004948		MONDO_0005148	ot_platform	REGULATORY	High	OpenTargets_2023		NO
GCST009600_ENSG00000184903	7	111258859		ENSG00000184903		EFO_0004895	ot_platform	REGULATORY	High	OpenTargets_2023		NO
GCST90038604_ENSG00000166136	10	100792995		ENSG00000166136		EFO_0000537	ot_platform	REGULATORY	High	OpenTargets_2023		NO
GCST90025956_ENSG00000025434	11	47238768		ENSG00000025434		EFO_0004612	otg_original	REGULATORY	Medium	OpenTargets_2023		NO
GCST005042_ENSG00000143995	2	66523432		ENSG00000143995		EFO_0004270	ot_platform	REGULATORY	High	OpenTargets_2023		NO
GCST010242_ENSG00000166035	15	58422588		ENSG00000166035		EFO_0004612	otg_original	REGULATORY	Medium	OpenTargets_2023		NO
FINNGEN_R6_T2D_ENSG00000122859	10	69554950		ENSG00000122859		EFO_0001360	otg_original	REGULATORY	Medium	OpenTargets_2023		NO
FINNGEN_R6_I9_AF_ENSG00000185313	3	38613787		ENSG00000185313		EFO_0000275	ot_platform	REGULATORY	High	OpenTargets_2023		NO
GCST90025957_ENSG00000173334	8	125432267		ENSG00000173334		EFO_0004530	otg_original	REGULATORY	Medium	OpenTargets_2023		NO
NEALE2_6159_1_ENSG00000144481	2	233916448		ENSG00000144481		HP_0002315	ot_platform	REGULATORY	High	OpenTargets_2023		NO
GCST90038604_ENSG00000213619	11	47355732		ENSG00000213619		EFO_0000537	ot_platform	REGULATORY	High	OpenTargets_2023		NO
GCST010557_ENSG00000089250	12	117285808		ENSG00000089250		MONDO_0005148	ot_platform	REGULATORY	High	OpenTargets_2023		NO
GCST90094908_ENSG00000157388	3	53186359		ENSG00000157388		EFO_0003095	ot_platform	REGULATORY	High	OpenTargets_2023		NO
GCST90025956_ENSG00000165029	9	104817351		ENSG00000165029		EFO_0004612	otg_original	REGULATORY	Medium	OpenTargets_2023		NO
GCST90025956_ENSG00000166035	15	58275878		ENSG00000166035		EFO_0004612	otg_original	REGULATORY	Medium	OpenTargets_2023		NO
GCST004237_2_ENSG00000009950	7	73353442		ENSG00000009950		EFO_0004530	otg_original	REGULATORY	Medium	OpenTargets_2023		NO
FINNGEN_R6_I9_AF_ENSG00000140990	16	1947063		ENSG00000140990		EFO_0000275	ot_platform	REGULATORY	High	OpenTargets_2023		NO
GCST90002412_ENSG00000130164	19	11171559		ENSG00000130164		EFO_0004611	otg_original	REGULATORY	Medium	OpenTargets_2023		NO
GCST005647_ENSG00000147894	9	27543384		ENSG00000147894		MONDO_0004976	ot_platform	REGULATORY	High	OpenTargets_2023		NO
GCST90013445_ENSG00000156738	11	60961822		ENSG00000156738		MONDO_0005147	ot_platform	REGULATORY	High	OpenTargets_2023		NO
GCST90025956_ENSG00000073060	12	124562909		ENSG00000073060		EFO_0004612	otg_original	REGULATORY	Medium	OpenTargets_2023		NO
FINNGEN_R6_E4_GOITREMULTINOD_ENSG00000125798	20	22615005		ENSG00000125798		MONDO_0000334	otg_original	REGULATORY	Medium	OpenTargets_2023		NO
GCST90002412_ENSG00000130164	19	11164722		ENSG00000130164		EFO_0004611	otg_original	REGULATORY	Medium	OpenTargets_2023		NO
FINNGEN_R6_I9_AF_ENSG00000168356	3	38613787		ENSG00000168356		EFO_0000275	ot_platform	REGULATORY	High	OpenTargets_2023		NO
GCST90088709_ENSG00000000971	1	196615191		ENSG00000000971		EFO_0004983	otg_original	REGULATORY	Medium	OpenTargets_2023		NO
GCST010557_ENSG00000090266	7	140822273		ENSG00000090266		MONDO_0005148	ot_platform	REGULATORY	High	OpenTargets_2023		NO
GCST009325_ENSG00000177084	12	132487182		ENSG00000177084		MONDO_0005180	ot_platform	REGULATORY	High	OpenTargets_2023		NO
GCST000781_ENSG00000142168	21	31545981		ENSG00000142168		MONDO_0004976	ot_platform	REGULATORY	High	OpenTargets_2023		NO
GCST010245_ENSG00000084674	2	21211708		ENSG00000084674		EFO_0004611	otg_original	REGULATORY	Medium	OpenTargets_2023		NO
GCST007343_ENSG00000136546	2	166142257		ENSG00000136546		EFO_0000474	ot_platform	REGULATORY	High	OpenTargets_2023		NO
GCST007461_13_ENSG00000196616	4	99333363		ENSG00000196616		EFO_0007878	otg_original	REGULATORY	Medium	OpenTargets_2023		NO
GCST90038604_ENSG00000151623	4	147595454		ENSG00000151623		EFO_0000537	ot_platform	REGULATORY	High	OpenTargets_2023		NO
GCST009597_ENSG00000267534	19	10481468		ENSG00000267534		MONDO_0005301	ot_platform	REGULATORY	High	OpenTargets_2023		NO
GCST90038680_ENSG00000160712	1	154426919		ENSG00000160712		HP_0000964	ot_platform	REGULATORY	High	OpenTargets_2023		NO
GCST010555_2_ENSG00000120907	8	26272813		ENSG00000120907		MONDO_0005148	ot_platform	REGULATORY	Medium	OpenTargets_2023		NO
GCST90016618_ENSG00000181072	7	137391966		ENSG00000181072		MONDO_0005090	ot_platform	REGULATORY	Medium	OpenTargets_2023		NO
GCST010557_ENSG00000160013	19	47093845		ENSG00000160013		MONDO_0005148	ot_platform	REGULATORY	High	OpenTargets_2023		NO
GCST009366_ENSG00000169174	1	55253338		ENSG00000169174		EFO_0004611	otg_original	REGULATORY	Medium	OpenTargets_2023		NO
GCST90018862_ENSG00000165409	14	80938791		ENSG00000165409		EFO_0004705	ot_platform	REGULATORY	High	OpenTargets_2023		NO
GCST010723_ENSG00000244414	1	196390909		ENSG00000244414		EFO_0001365	ot_platform	REGULATORY	High	OpenTargets_2023		NO
GCST004131_ENSG00000112182	6	90237621		ENSG00000112182		EFO_0003767	ot_platform	REGULATORY	High	OpenTargets_2023		NO
GCST010510_ENSG00000112038	6	154039662		ENSG00000112038		EFO_0010702	ot_platform	REGULATORY	High	OpenTargets_2023		NO
GCST005647_ENSG00000160226	21	44333234		ENSG00000160226		MONDO_0004976	ot_platform	REGULATORY	High	OpenTargets_2023		NO
GCST010242_ENSG00000158874	1	161193247		ENSG00000158874		EFO_0004612	otg_original	REGULATORY	Medium	OpenTargets_2023		NO
GCST010244_ENSG00000173334	8	125397372		ENSG00000173334		EFO_0004530	otg_original	REGULATORY	Medium	OpenTargets_2023		NO
GCST002153_ENSG00000198216	1	182112825		ENSG00000198216		EFO_0000319	ot_platform	REGULATORY	High	OpenTargets_2023		NO
GCST010048_ENSG00000241635	2	233527423		ENSG00000241635		EFO_0004570	otg_original	REGULATORY	Medium	OpenTargets_2023		NO
GCST008595_ENSG00000135902	2	232727791		ENSG00000135902		EFO_0004337	ot_platform	REGULATORY	High	OpenTargets_2023		NO
GCST010136_ENSG00000243896	7	144461549		ENSG00000243896		EFO_0008111	otg_original	REGULATORY	Medium	OpenTargets_2023		NO
GCST90038604_ENSG00000135744	1	230701298		ENSG00000135744		EFO_0000537	ot_platform	REGULATORY	High	OpenTargets_2023		NO
GCST009367_ENSG00000073060	12	124840252		ENSG00000073060		EFO_0004612	otg_original	REGULATORY	Medium	OpenTargets_2023		NO
GCST90013788_ENSG00000143387	1	151056453		ENSG00000143387		EFO_0003882	ot_platform	REGULATORY	Medium	OpenTargets_2023		NO
GCST010557_ENSG00000106331	7	127418899		ENSG00000106331		MONDO_0005148	ot_platform	REGULATORY	High	OpenTargets_2023		NO
GCST90038604_ENSG00000152402	11	107224453		ENSG00000152402		EFO_0000537	ot_platform	REGULATORY	High	OpenTargets_2023		NO
GCST001767_ENSG00000065518	3	120866468		ENSG00000065518		GO_0007568	ot_platform	REGULATORY	High	OpenTargets_2023		NO
GCST006291_ENSG00000078328	16	7259046		ENSG00000078328		HP_0000545	otg_original	REGULATORY	Medium	OpenTargets_2023		NO
GCST010723_ENSG00000000971	1	196390909		ENSG00000000971		EFO_0001365	ot_platform	REGULATORY	High	OpenTargets_2023		NO
GCST010242_ENSG00000087237	16	56546049		ENSG00000087237		EFO_0004612	otg_original	REGULATORY	Medium	OpenTargets_2023		NO
GCST009722_ENSG00000149403	11	120377784		ENSG00000149403		EFO_0000516	ot_platform	REGULATORY	High	OpenTargets_2023		NO
GCST011064_ENSG00000187498	13	110149776		ENSG00000187498		MONDO_0005277	ot_platform	REGULATORY	High	OpenTargets_2023		NO
GCST010555_ENSG00000100170	22	31952854		ENSG00000100170		MONDO_0005148	ot_platform	REGULATORY	Medium	OpenTargets_2023		NO
GCST010118_ENSG00000186951	22	45917738		ENSG00000186951		MONDO_0005148	ot_platform	REGULATORY	High	OpenTargets_2023		NO
GCST012182_ENSG00000142192	21	26101558		ENSG00000142192		MONDO_0004975	ot_platform	REGULATORY	High	OpenTargets_2023		NO
FINNGEN_R6_E4_OBESITYCAL_ENSG00000094755	5	170638318		ENSG00000094755		EFO_0001073	ot_platform	REGULATORY	High	OpenTargets_2023		NO
NEALE2_102_raw_ENSG00000169208	14	21074581		ENSG00000169208		EFO_0008111	otg_original	REGULATORY	Medium	OpenTargets_2023		NO
GCST003679_ENSG00000130164	19	10912758		ENSG00000130164		EFO_0004611	otg_original	REGULATORY	Medium	OpenTargets_2023		NO
FINNGEN_R6_L12_HIDRADENITISSUP_ENSG00000165264	9	32077621		ENSG00000165264		EFO_1000710	ot_platform	REGULATORY	Medium	OpenTargets_2023		NO
GCST004710_ENSG00000116016	2	46306237		ENSG00000116016		EFO_0000681	ot_platform	REGULATORY	High	OpenTargets_2023		NO
FINNGEN_R6_E4_GOITREMULTINOD_ENSG00000140285	15	49418988		ENSG00000140285		MONDO_0000334	otg_original	REGULATORY	Medium	OpenTargets_2023		NO
GCST90013534_ENSG00000073756	1	186663185		ENSG00000073756		EFO_0000685	ot_platform	REGULATORY	High	OpenTargets_2023		NO
GCST010416_ENSG00000163873	1	36727140		ENSG00000163873		EFO_0000289	ot_platform	REGULATORY	Medium	OpenTargets_2023		NO
GCST90025956_ENSG00000166035	15	58565746		ENSG00000166035		EFO_0004612	otg_original	REGULATORY	Medium	OpenTargets_2023		NO
FINNGEN_R6_CHOLELITH_BROAD_ENSG00000143921	2	43839108		ENSG00000143921		EFO_0004799	ot_platform	REGULATORY	High	OpenTargets_2023		NO
GCST009600_ENSG00000184903	7	110428958		ENSG00000184903		EFO_0004895	ot_platform	REGULATORY	High	OpenTargets_2023		NO
GCST007198_ENSG00000198785	9	101115169		ENSG00000198785		MONDO_0005180	ot_platform	REGULATORY	High	OpenTargets_2023		NO
GCST90012877_ENSG00000138613	15	63277703		ENSG00000138613		MONDO_0004975	ot_platform	REGULATORY	Medium	OpenTargets_2023		NO
FINNGEN_R6_FG_HYPERTENSION_ENSG00000183648	14	92502887		ENSG00000183648		EFO_0000537	ot_platform	REGULATORY	High	OpenTargets_2023		NO
GCST90025957_ENSG00000173334	8	125465736		ENSG00000173334		EFO_0004530	otg_original	REGULATORY	Medium	OpenTargets_2023		NO
GCST011939_5_ENSG00000232810	6	31383277		ENSG00000232810		EFO_1001857	ot_platform	REGULATORY	High	OpenTargets_2023		NO
GCST008833_ENSG00000100170	22	31605064		ENSG00000100170		MONDO_0005148	ot_platform	REGULATORY	Medium	OpenTargets_2023		NO
NEALE2_20001_1053_ENSG00000167286	11	118837284		ENSG00000167286		EFO_0005952	ot_platform	REGULATORY	Medium	OpenTargets_2023		NO
GCST011991_ENSG00000007171	17	27797882		ENSG00000007171		MONDO_0005148	ot_platform	REGULATORY	High	OpenTargets_2023		NO
FINNGEN_R6_E4_GILBERT_ENSG00000167165	2	233755940		ENSG00000167165		EFO_0005556	ot_platform	REGULATORY	High	OpenTargets_2023		NO
FINNGEN_R6_C3_PROSTATE_ENSG00000169083	X	67711476		ENSG00000169083		EFO_0001663	otg_original	REGULATORY	Medium	OpenTargets_2023		NO
GCST012352_ENSG00000073282	3	190025179		ENSG00000073282		EFO_0003959	ot_platform	REGULATORY	High	OpenTargets_2023		NO
GCST90025957_ENSG00000009950	7	73606007		ENSG00000009950		EFO_0004530	otg_original	REGULATORY	Medium	OpenTargets_2023		NO
GCST007472_ENSG00000196616	4	98837981		ENSG00000196616		EFO_0007878	otg_original	REGULATORY	Medium	OpenTargets_2023		NO
GCST010557_ENSG00000186038	3	184020672		ENSG00000186038		MONDO_0005148	ot_platform	REGULATORY	High	OpenTargets_2023		NO
GCST90016620_ENSG00000164182	5	61458592		ENSG00000164182		MONDO_0005090	ot_platform	REGULATORY	High	OpenTargets_2023		NO
GCST009379_ENSG00000136531	2	164716684		ENSG00000136531		MONDO_0005148	ot_platform	REGULATORY	Medium	OpenTargets_2023		NO
GCST010723_ENSG00000080910	1	196752640		ENSG00000080910		EFO_0001365	ot_platform	REGULATORY	High	OpenTargets_2023		NO
GCST010144_ENSG00000145321	4	71892659		ENSG00000145321		EFO_0004631	otg_original	REGULATORY	Medium	OpenTargets_2023		NO
GCST90038604_ENSG00000171105	19	7257979		ENSG00000171105		EFO_0000537	ot_platform	REGULATORY	Medium	OpenTargets_2023		NO
GCST010555_2_ENSG00000196689	17	3954910		ENSG00000196689		MONDO_0005148	ot_platform	REGULATORY	High	OpenTargets_2023		NO
GCST010144_ENSG00000145321	4	71709300		ENSG00000145321		EFO_0004631	otg_original	REGULATORY	Medium	OpenTargets_2023		NO
GCST90025956_ENSG00000087237	16	56738541		ENSG00000087237		EFO_0004612	otg_original	REGULATORY	Medium	OpenTargets_2023		NO
NEALE2_1747_2_ENSG00000258839	16	89974667		ENSG00000258839		EFO_0003924	otg_original	REGULATORY	Medium	OpenTargets_2023		NO
GCST002268_ENSG00000009307	1	114405659		ENSG00000009307		EFO_0003758	ot_platform	REGULATORY	High	OpenTargets_2023		NO
GCST008595_ENSG00000164082	3	51431798		ENSG00000164082		MONDO_0005090	ot_platform	REGULATORY	Medium	OpenTargets_2023		NO
FINNGEN_R6_H7_AMD_ENSG00000000971	1	196677131		ENSG00000000971		EFO_0001365	ot_platform	REGULATORY	High	OpenTargets_2023		NO
FINNGEN_R6_D3_VONVILLEBRAND_ENSG00000110799	12	5987855		ENSG00000110799		Orphanet_903	ot_platform	REGULATORY	High	OpenTargets_2023		NO
GCST003724_ENSG00000126351	17	39737231		ENSG00000126351		EFO_0000289	ot_platform	REGULATORY	Medium	OpenTargets_2023		NO
GCST010304_ENSG00000164362	5	1299955		ENSG00000164362		EFO_0000389	ot_platform	REGULATORY	High	OpenTargets_2023		NO
FINNGEN_R6_C3_PROSTATE_ENSG00000159184	17	48728343		ENSG00000159184		EFO_0001663	ot_platform	REGULATORY	High	OpenTargets_2023		NO
GCST010556_ENSG00000015520	7	44145489		ENSG00000015520		MONDO_0005148	ot_platform	REGULATORY	High	OpenTargets_2023		NO
GCST90061435_ENSG00000165646	10	116791252		ENSG00000165646		EFO_0003888	ot_platform	REGULATORY	High	OpenTargets_2023		NO
GCST010984_ENSG00000204539	6	31550126		ENSG00000204539		MONDO_0005271	ot_platform	REGULATORY	High	OpenTargets_2023		NO
GCST90018681_ENSG00000232810	6	31351826		ENSG00000232810		EFO_0003106	ot_platform	REGULATORY	Medium	OpenTargets_2023		NO
GCST011768_ENSG00000131495	5	140142743		ENSG00000131495		MONDO_0005090	ot_platform	REGULATORY	High	OpenTargets_2023		NO
GCST011202_ENSG00000155657	2	178693639		ENSG00000155657		EFO_0000407	ot_platform	REGULATORY	High	OpenTargets_2023		NO
GCST010557_ENSG00000178084	3	184020672		ENSG00000178084		MONDO_0005148	ot_platform	REGULATORY	High	OpenTargets_2023		NO
GCST006288_ENSG00000002745	7	121319101		ENSG00000002745		EFO_0009270	otg_original	REGULATORY	Medium	OpenTargets_2023		NO
FINNGEN_R6_CHOLELITH_BROAD_ENSG00000005471	7	87483685		ENSG00000005471		EFO_0004799	ot_platform	REGULATORY	High	OpenTargets_2023		NO
GCST010979_ENSG00000232810	6	31565601		ENSG00000232810		EFO_0004246	ot_platform	REGULATORY	Medium	OpenTargets_2023		NO
GCST90027161_ENSG00000143631	1	152323234		ENSG00000143631		EFO_0000274	ot_platform	REGULATORY	High	OpenTargets_2023		NO
NEALE2_1747_2_ENSG00000258839	16	89600103		ENSG00000258839		EFO_0003924	otg_original	REGULATORY	Medium	OpenTargets_2023		NO
GCST90038600_ENSG00000010322	3	52786965		ENSG00000010322		EFO_0000618	ot_platform	REGULATORY	High	OpenTargets_2023		NO
GCST011365_ENSG00000187266	19	11078223		ENSG00000187266		EFO_0000612	ot_platform	REGULATORY	Medium	OpenTargets_2023		NO
GCST006004_ENSG00000084674	2	21024193		ENSG00000084674		EFO_0004611	otg_original	REGULATORY	Medium	OpenTargets_2023		NO
GCST004635_ENSG00000137090	9	845516		ENSG00000137090		EFO_1000566	ot_platform	REGULATORY	High	OpenTargets_2023		NO
GCST90016620_ENSG00000198822	7	87170864		ENSG00000198822		MONDO_0005090	ot_platform	REGULATORY	Medium	OpenTargets_2023		NO
GCST008223_ENSG00000136546	2	166773339		ENSG00000136546		EFO_0003100	ot_platform	REGULATORY	Medium	OpenTargets_2023		NO
GCST005046_ENSG00000033170	14	65321223		ENSG00000033170		EFO_0004999	otg_original	REGULATORY	Medium	OpenTargets_2023		NO
GCST011205_ENSG00000136383	15	84806850		ENSG00000136383		EFO_0000538	ot_platform	REGULATORY	High	OpenTargets_2023		NO
GCST002745_ENSG00000241635	2	233746667		ENSG00000241635		EFO_0004570	otg_original	REGULATORY	Medium	OpenTargets_2023		NO
GCST90091033_ENSG00000100344	22	43965617		ENSG00000100344		EFO_0003095	ot_platform	REGULATORY	High	OpenTargets_2023		NO
GCST011696_ENSG00000130203	19	44920677		ENSG00000130203		MONDO_0004975	ot_platform	REGULATORY	High	OpenTargets_2023		NO
GCST010244_ENSG00000175445	8	20059960		ENSG00000175445		EFO_0004530	otg_original	REGULATORY	Medium	OpenTargets_2023		NO
GCST90027157_ENSG00000168398	14	96144934		ENSG00000168398		EFO_0005532	ot_platform	REGULATORY	High	OpenTargets_2023		NO
GCST90025956_ENSG00000142208	14	104792555		ENSG00000142208		EFO_0004612	otg_original	REGULATORY	Medium	OpenTargets_2023		NO
GCST90002400_ENSG00000179588	16	88491756		ENSG00000179588		EFO_0007985	otg_original	REGULATORY	Medium	OpenTargets_2023		NO
GCST004482_2_ENSG00000147684	8	124550784		ENSG00000147684		EFO_0004265	ot_platform	REGULATORY	High	OpenTargets_2023		NO
GCST012088_ENSG00000153956	7	82818784		ENSG00000153956		EFO_0003756	ot_platform	REGULATORY	High	OpenTargets_2023		NO
GCST90014023_ENSG00000088832	20	1686343		ENSG00000088832		MONDO_0005147	ot_platform	REGULATORY	High	OpenTargets_2023		NO
GCST000917_2_ENSG00000196126	6	32533367		ENSG00000196126		EFO_0000685	ot_platform	REGULATORY	High	OpenTargets_2023		NO
GCST009325_ENSG00000145335	4	89685975		ENSG00000145335		MONDO_0005180	ot_platform	REGULATORY	High	OpenTargets_2023		NO
GCST012090_ENSG00000196876	12	51955304		ENSG00000196876		MONDO_0002009	ot_platform	REGULATORY	High	OpenTargets_2023		NO
GCST008108_3_ENSG00000033170	14	65544466		ENSG00000033170		EFO_0004999	otg_original	REGULATORY	Medium	OpenTargets_2023		NO
GCST010555_ENSG00000123360	12	54147966		ENSG00000123360		MONDO_0005148	ot_platform	REGULATORY	High	OpenTargets_2023		NO
FINNGEN_R6_E4_GILBERT_ENSG00000288702	2	233755940		ENSG00000288702		EFO_0005556	ot_platform	REGULATORY	High	OpenTargets_2023		NO
FINNGEN_R6_I9_PHLETHROMBDVTLOW_ENSG00000101000	20	35179967		ENSG00000101000		EFO_0003907	otg_original	REGULATORY	Medium	OpenTargets_2023		NO
GCST007638_2_ENSG00000140905	16	81116954		ENSG00000140905		EFO_0009767	otg_original	REGULATORY	Medium	OpenTargets_2023		NO
FINNGEN_R6_H7_GLAUCPRIMOPEN_ENSG00000283683	1	171704642		ENSG00000283683		EFO_0004190	ot_platform	REGULATORY	Medium	OpenTargets_2023		NO
GCST90025982_ENSG00000002745	7	121323911		ENSG00000002745		EFO_0009270	otg_original	REGULATORY	Medium	OpenTargets_2023		NO
FINNGEN_R6_G6_SLEEPAPNO_INCLAVO_ENSG00000163288	4	47311502		ENSG00000163288		EFO_0003877	ot_platform	REGULATORY	High	OpenTargets_2023		NO
GCST90025982_ENSG00000002745	7	121322136		ENSG00000002745		EFO_0009270	otg_original	REGULATORY	Medium	OpenTargets_2023		NO
FINNGEN_R6_Q17_CLEFT_LIP_CLEFT_PALATE_ENSG00000117595	1	209664162		ENSG00000117595		EFO_0003959	ot_platform	REGULATORY	High	OpenTargets_2023		NO
GCST010723_ENSG00000000971	1	196752640		ENSG00000000971		EFO_0001365	ot_platform	REGULATORY	High	OpenTargets_2023		NO
GCST010557_ENSG00000094755	5	171256130		ENSG00000094755		MONDO_0005148	ot_platform	REGULATORY	Medium	OpenTargets_2023		NO
GCST010011_ENSG00000112294	6	24275255		ENSG00000112294		EFO_0003761	ot_platform	REGULATORY	High	OpenTargets_2023		NO
GCST90018852_ENSG00000119630	14	74635279		ENSG00000119630		EFO_0000516	ot_platform	REGULATORY	Medium	OpenTargets_2023		NO
FINNGEN_R6_M13_ROTATORCUFF_ENSG00000163285	4	46577132		ENSG00000163285		EFO_1001250	ot_platform	REGULATORY	High	OpenTargets_2023		NO
FINNGEN_R6_E4_DM2_ENSG00000214530	11	72752390		ENSG00000214530		EFO_0001360	otg_original	REGULATORY	Medium	OpenTargets_2023		NO
GCST000866_ENSG00000084674	2	20703255		ENSG00000084674		EFO_0004611	otg_original	REGULATORY	Medium	OpenTargets_2023		NO
GCST010991_ENSG00000145335	4	89587189		ENSG00000145335		MONDO_0005180	ot_platform	REGULATORY	High	OpenTargets_2023		NO
NEALE2_23129_raw_ENSG00000125845	20	6704730		ENSG00000125845		EFO_0004995	otg_original	REGULATORY	Medium	OpenTargets_2023		NO
FINNGEN_R6_C3_CANCER_ENSG00000101204	20	63582771		ENSG00000101204		EFO_0000311	ot_platform	REGULATORY	Medium	OpenTargets_2023		NO
NEALE2_1747_4_ENSG00000258839	16	89943282		ENSG00000258839		EFO_0003924	otg_original	REGULATORY	Medium	OpenTargets_2023		NO
GCST009597_ENSG00000180739	19	10481468		ENSG00000180739		MONDO_0005301	ot_platform	REGULATORY	High	OpenTargets_2023		NO
GCST003043_ENSG00000237693	5	150943866		ENSG00000237693		EFO_0003767	ot_platform	REGULATORY	High	OpenTargets_2023		NO
FINNGEN_R6_E4_GILBERT_ENSG00000241119	2	233755940		ENSG00000241119		EFO_0005556	ot_platform	REGULATORY	High	OpenTargets_2023		NO
GCST010555_2_ENSG00000100170	22	31696995		ENSG00000100170		MONDO_0005148	ot_platform	REGULATORY	Medium	OpenTargets_2023		NO
FINNGEN_R6_CD2_INSITU_EXALLC_ENSG00000182256	15	27983407		ENSG00000182256		EFO_0000616	ot_platform	REGULATORY	High	OpenTargets_2023		NO
GCST009337_ENSG00000105675	19	36040011		ENSG00000105675		MONDO_0005090	ot_platform	REGULATORY	High	OpenTargets_2023		NO
FINNGEN_R6_H8_BPV_ENSG00000151067	12	1632061		ENSG00000151067		HP_0002321	ot_platform	REGULATORY	High	OpenTargets_2023		NO
GCST90018120_ENSG00000117983	11	1219991		ENSG00000117983		EFO_0000768	ot_platform	REGULATORY	High	OpenTargets_2023		NO
GCST000741_ENSG00000100342	22	36265284		ENSG00000100342		EFO_0004236	ot_platform	REGULATORY	High	OpenTargets_2023		NO
GCST010242_ENSG00000087237	16	56767135		ENSG00000087237		EFO_0004612	otg_original	REGULATORY	Medium	OpenTargets_2023		NO
GCST90038633_ENSG00000132170	3	12327902		ENSG00000132170		EFO_0000400	otg_original	REGULATORY	Medium	OpenTargets_2023		NO
GCST90016619_ENSG00000180720	11	46356220		ENSG00000180720		MONDO_0005090	ot_platform	REGULATORY	Medium	OpenTargets_2023		NO
GCST008966_ENSG00000111275	12	111681367		ENSG00000111275		MONDO_0007079	ot_platform	REGULATORY	High	OpenTargets_2023		NO
GCST010776_ENSG00000121807	3	45858159		ENSG00000121807		MONDO_0100096	ot_platform	REGULATORY	Medium	OpenTargets_2023		NO
GCST90020227_ENSG00000176884	9	137357006		ENSG00000176884		EFO_0003761	ot_platform	REGULATORY	High	OpenTargets_2023		NO
GCST006979_ENSG00000121075	17	61145848		ENSG00000121075		EFO_0009270	otg_original	REGULATORY	Medium	OpenTargets_2023		NO
GCST90038599_ENSG00000151623	4	148766227		ENSG00000151623		EFO_0000400	ot_platform	REGULATORY	High	OpenTargets_2023		NO
GCST009382_2_ENSG00000023228	2	206199611		ENSG00000023228		EFO_0001073	ot_platform	REGULATORY	High	OpenTargets_2023		NO
GCST010244_ENSG00000167772	19	8377318		ENSG00000167772		EFO_0004530	otg_original	REGULATORY	Medium	OpenTargets_2023		NO
GCST90025956_ENSG00000087237	16	56935236		ENSG00000087237		EFO_0004612	otg_original	REGULATORY	Medium	OpenTargets_2023		NO
GCST010284_ENSG00000166033	10	122464428		ENSG00000166033		EFO_0001365	ot_platform	REGULATORY	High	OpenTargets_2023		NO
GCST011081_ENSG00000142166	21	33242905		ENSG00000142166		MONDO_0100096	ot_platform	REGULATORY	High	OpenTargets_2023		NO
GCST010557_ENSG00000070915	16	56425677		ENSG00000070915		MONDO_0005148	ot_platform	REGULATORY	High	OpenTargets_2023		NO
GCST90002412_ENSG00000084674	2	21166168		ENSG00000084674		EFO_0004611	otg_original	REGULATORY	Medium	OpenTargets_2023		NO
GCST009337_ENSG00000131495	5	140774630		ENSG00000131495		MONDO_0005090	ot_platform	REGULATORY	High	OpenTargets_2023		NO
GCST90012877_ENSG00000116032	19	1050875		ENSG00000116032		MONDO_0004975	ot_platform	REGULATORY	High	OpenTargets_2023		NO
GCST90019526_ENSG00000145321	4	71766925		ENSG00000145321		EFO_0004631	otg_original	REGULATORY	Medium	OpenTargets_2023		NO
GCST010118_ENSG00000139180	12	4272815		ENSG00000139180		MONDO_0005148	ot_platform	REGULATORY	High	OpenTargets_2023		NO
GCST003043_ENSG00000162594	1	67265685		ENSG00000162594		EFO_0003767	ot_platform	REGULATORY	High	OpenTargets_2023		NO
GCST90025957_ENSG00000105974	7	116842165		ENSG00000105974		EFO_0004530	otg_original	REGULATORY	Medium	OpenTargets_2023		NO
GCST90002400_ENSG00000007168	17	2249963		ENSG00000007168		EFO_0007985	otg_original	REGULATORY	Medium	OpenTargets_2023		NO
GCST010557_ENSG00000121653	11	45837033		ENSG00000121653		MONDO_0005148	ot_platform	REGULATORY	High	OpenTargets_2023		NO
GCST90038595_ENSG00000123360	12	54049934		ENSG00000123360		EFO_0000319	ot_platform	REGULATORY	High	OpenTargets_2023		NO
FINNGEN_R6_H7_GLAUCPRIMOPEN_ENSG00000034971	1	171704642		ENSG00000034971		EFO_0004190	ot_platform	REGULATORY	Medium	OpenTargets_2023		NO
GCST007328_ENSG00000196616	4	98956251		ENSG00000196616		EFO_0007878	otg_original	REGULATORY	Medium	OpenTargets_2023		NO
FINNGEN_R6_G6_SLEEPAPNO_INCLAVO_ENSG00000109158	4	47311502		ENSG00000109158		EFO_0003877	ot_platform	REGULATORY	High	OpenTargets_2023		NO
FINNGEN_R6_E4_DM2_ENSG00000135100	12	120994314		ENSG00000135100		EFO_0001360	otg_original	REGULATORY	Medium	OpenTargets_2023		NO
FINNGEN_R6_T2D_ENSG00000205502	15	61829303		ENSG00000205502		EFO_0001360	otg_original	REGULATORY	Medium	OpenTargets_2023		NO
GCST90027161_ENSG00000143631	1	152312600		ENSG00000143631		EFO_0000274	ot_platform	REGULATORY	High	OpenTargets_2023		NO
GCST005042_ENSG00000183826	6	38486186		ENSG00000183826		EFO_0004270	ot_platform	REGULATORY	High	OpenTargets_2023		NO
GCST90012877_ENSG00000130203	19	44855191		ENSG00000130203		MONDO_0004975	ot_platform	REGULATORY	High	OpenTargets_2023		NO
GCST006486_ENSG00000171051	19	51623777		ENSG00000171051		EFO_0000649	ot_platform	REGULATORY	High	OpenTargets_2023		NO
GCST007638_2_ENSG00000021826	2	210521760		ENSG00000021826		EFO_0009767	otg_original	REGULATORY	Medium	OpenTargets_2023		NO
GCST011425_ENSG00000117595	1	210021340		ENSG00000117595		HP_0000175	ot_platform	REGULATORY	High	OpenTargets_2023		NO
GCST90038604_ENSG00000137806	15	41109352		ENSG00000137806		EFO_0000537	ot_platform	REGULATORY	High	OpenTargets_2023		NO
GCST011081_ENSG00000243646	21	33242905		ENSG00000243646		MONDO_0100096	ot_platform	REGULATORY	Medium	OpenTargets_2023		NO
GCST011769_ENSG00000115159	2	155988248		ENSG00000115159		MONDO_0005090	ot_platform	REGULATORY	High	OpenTargets_2023		NO
GCST90025956_ENSG00000166035	15	58425202		ENSG00000166035		EFO_0004612	otg_original	REGULATORY	Medium	OpenTargets_2023		NO
FINNGEN_R6_C3_PROSTATE_EXALLC_ENSG00000145494	5	1889212		ENSG00000145494		MONDO_0008315	ot_platform	REGULATORY	High	OpenTargets_2023		NO
NEALE2_1747_2_ENSG00000258839	16	89932130		ENSG00000258839		EFO_0003924	otg_original	REGULATORY	Medium	OpenTargets_2023		NO
GCST90002412_ENSG00000157978	1	25495180		ENSG00000157978		EFO_0004611	otg_original	REGULATORY	Medium	OpenTargets_2023		NO
GCST010723_ENSG00000116785	1	196390909		ENSG00000116785		EFO_0001365	ot_platform	REGULATORY	High	OpenTargets_2023		NO
GCST90038604_ENSG00000151617	4	147595454		ENSG00000151617		EFO_0000537	ot_platform	REGULATORY	High	OpenTargets_2023		NO
GCST010723_ENSG00000125730	19	6718135		ENSG00000125730		EFO_0001365	ot_platform	REGULATORY	High	OpenTargets_2023		NO
FINNGEN_R6_RHEUMA_SEROPOS_ENSG00000196126	6	32827255		ENSG00000196126		EFO_0000685	ot_platform	REGULATORY	High	OpenTargets_2023		NO
PCSK9_CAD_LDL	1	55039974	rs11591147	ENSG00000169174	PCSK9	Coronary artery disease	Tier1_CRISPR	REGULATORY	Tier1	Manual literature review	36474045	NO
ANGPTL3_LDL_TG	1	62597513	rs11207997	ENSG00000132855	ANGPTL3	LDL cholesterol / Triglycerides	Tier1_CRISPR	REGULATORY	Tier1	Manual literature review	35915156	NO
IL23R_IBD	1	67240275	rs11209026	ENSG00000162594	IL23R	Inflammatory bowel disease	Tier1_Drug	CODING	Tier1	Manual literature review	35110667	NO
APOB_CAD_LDL	2	21001429	rs1367117	ENSG00000084674	APOB	Coronary artery disease	Tier1_Mendelian	CODING	Tier1	Manual literature review	36474045	NO
PPARG_T2D_Insulin	3	12351626	rs1801282	ENSG00000132170	PPARG	Type 2 diabetes	Tier1_Drug	CODING	Tier1	Manual literature review	35551307	NO
LPA_CAD_Lp(a)	6	160580597	rs10455872	ENSG00000198670	LPA	Coronary artery disease / Lipoprotein(a)	Tier1_Coding	CODING	Tier1	Manual literature review	36474045	NO
GCK_T2D_MODY	7	44184500	rs4607517	ENSG00000106633	GCK	Type 2 diabetes / Fasting glucose	Tier1_Mendelian	CODING	Tier1	Manual literature review	35915156	NO
SLC30A8_T2D	8	117172544	rs13266634	ENSG00000138821	SLC30A8	Type 2 diabetes	Tier1_Coding	CODING	Tier1	Manual literature review	35551307	NO
JAK2_MPN	9	4985244	rs77375493	ENSG00000096968	JAK2	Myeloproliferative neoplasms	Tier1_Drug	CODING	Tier1	Manual literature review	35915156	NO
TCF7L2_T2D	10	112998590	rs7903146	ENSG00000148737	TCF7L2	Type 2 diabetes	Tier2_MultiEvidence	CODING	Tier1	Manual literature review	35551307	NO
KCNJ11_T2D	11	17408630	rs5219	ENSG00000187486	KCNJ11	Type 2 diabetes	Tier1_Mendelian	CODING	Tier1	Manual literature review	35551307	NO
APOC3_TG_CAD	11	116833860	rs138326449	ENSG00000110245	APOC3	Triglycerides / CAD protection	Tier1_Coding	CODING	Tier1	Manual literature review	35915156	NO
HNF1A_T2D_MODY	12	120977564	rs1169288	ENSG00000135100	HNF1A	Type 2 diabetes	Tier1_Mendelian	CODING	Tier1	Manual literature review	35551307	NO
NOD2_CD	16	50745926	rs2066844	ENSG00000167207	NOD2	Crohn's disease	Tier1_Coding	CODING	Tier1	Manual literature review	35110667	NO
FTO_Obesity	16	53786615	rs1421085	ENSG00000177508	IRX3	Obesity / Body mass index	Tier1_CRISPR	REGULATORY	Tier1	Manual literature review	35915156	NO
CETP_HDL_CAD	16	56995236	rs247617	ENSG00000087237	CETP	HDL cholesterol / CAD	Tier1_Drug	CODING	Tier1	Manual literature review	35915156	NO
LDLR_CAD_LDL	19	11060935	rs688	ENSG00000130164	LDLR	Coronary artery disease	Tier1_Mendelian	CODING	Tier1	Manual literature review	36474045	NO
PTPN22_RA_T1D	1	113834946	rs2476601	ENSG00000134242	PTPN22	Rheumatoid arthritis / Type 1 diabetes	Tier1_Coding	CODING	Tier1		34887730	
HBB_ANEMIA	11	5227002	rs334	ENSG00000244734	HBB	Sickle cell disease / Hemoglobin levels	Tier1_Mendelian	CODING	Tier1		32888494	
CACNA1C_SCZ_BD	12	1970786	rs1006737	ENSG00000151067	CACNA1C	Schizophrenia / Bipolar disorder	Tier1_Drug	CODING	Tier1		35396580	
CHD8_ASD	14	21385689	rs4899556	ENSG00000100888	CHD8	Autism spectrum disorder	Tier1_CRISPR	REGULATORY	Tier1		34002096	
SERPINA1_COPD	14	94376738	rs28929474	ENSG00000197249	SERPINA1	COPD / Alpha-1 antitrypsin deficiency	Tier1_Mendelian	CODING	Tier1		32629211	
HBA1_THALASSEMIA	16	176680	rs34599082	ENSG00000206172	HBA1	Alpha thalassemia / Mean corpuscular hemoglobin	Tier1_Mendelian	CODING	Tier1		32888494	
UMOD_CKD	16	20344176	rs4293393	ENSG00000169344	UMOD	Chronic kidney disease / Hypertension	Tier1_Mendelian	CODING	Tier1		35945329	
FTO_OBESITY	16	53800954	rs1421085	ENSG00000177508	IRX3	Obesity / Body mass index	Tier1_CRISPR	REGULATORY	Tier1		36813917	
TP53_LFS	17	7676154	rs1042522	ENSG00000141510	TP53	Li-Fraumeni syndrome / Pan-cancer	Tier1_Mendelian	CODING	Tier1		34594039	
BRCA1_BC_OC	17	43044295	rs799917	ENSG00000012048	BRCA1	Breast cancer / Ovarian cancer	Tier1_Mendelian	CODING	Tier1		34059833	
MC4R_OBESITY	18	60372088	rs17782313	ENSG00000166603	MC4R	Obesity / Body mass index	Tier1_Mendelian	CODING	Tier1		36813917	
TYK2_SLE_MS	19	10352442	rs34536443	ENSG00000105397	TYK2	Systemic lupus erythematosus / Multiple sclerosis	Tier1_Coding	CODING	Tier1		35246583	
APOL1_CKD	22	36253960	rs73885319	ENSG00000100342	APOL1	Chronic kidney disease (African ancestry)	Tier1_Coding	CODING	Tier1		35945329	
SLC2A9_URIC_ACID	4	9920000	rs16890979	ENSG00000109667	SLC2A9	Uric acid / Gout	Tier1_Coding	CODING	Tier1		34471132	
APC_CRC	5	112707498	rs41115	ENSG00000134982	APC	Colorectal cancer	Tier1_Mendelian	CODING	Tier1		35654972	
HLA-DRB1_RA	6	32578530	rs660895	ENSG00000196126	HLA-DRB1	Rheumatoid arthritis	Tier1_Mendelian	CODING	Tier1		34887730	
CFTR_CF_LUNG	7	117559593	rs75961395	ENSG00000001626	CFTR	Cystic fibrosis / Lung function	Tier1_Mendelian	CODING	Tier1		32629211	
LEP_OBESITY	7	128241278	rs10487505	ENSG00000174697	LEP	Obesity / Leptin levels	Tier1_Mendelian	CODING	Tier1		35668055	
FMRP_ASD_ID	X	147912050	rs25487	ENSG00000102081	FMR1	Autism spectrum disorder / Intellectual disability	Tier1_Mendelian	CODING	Tier1		34002096	
F8_HEMOPHILIA	X	154835794	rs137852327	ENSG00000185010	F8	Hemophilia A / Factor VIII levels	Tier1_Mendelian	CODING	Tier1		34493866	
APOE_AD	19	44908684	rs429358	ENSG00000130203	APOE	Alzheimer disease	Tier1_Mendelian	CODING	Tier1		35379992	
TREM2_AD	6	41129252	rs75932628	ENSG00000095970	TREM2	Alzheimer disease	Tier1_Coding	CODING	Tier1		35379992	
SORL1_AD	11	121378665	rs11218343	ENSG00000137642	SORL1	Alzheimer disease	Tier1_Coding	CODING	Tier1		35379992	
SNCA_PD	4	89724099	rs356182	ENSG00000145335	SNCA	Parkinson disease	Tier1_Mendelian	CODING	Tier1		35863450	
LRRK2_PD	12	40340400	rs34637584	ENSG00000188906	LRRK2	Parkinson disease	Tier1_Mendelian	CODING	Tier1		35863450	
GBA_PD	1	155204239	rs76763715	ENSG00000177628	GBA	Parkinson disease / Gaucher disease	Tier1_Mendelian	CODING	Tier1		35863450	
LRP5_BMD_OSTEO	11	68069157	rs3736228	ENSG00000162337	LRP5	Bone mineral density / Osteoporosis	Tier1_Mendelian	CODING	Tier1		35145202	
COL1A1_OI_BMD	17	50184238	rs1800012	ENSG00000108821	COL1A1	Bone mineral density / Osteogenesis imperfecta	Tier1_Mendelian	CODING	Tier1		35145202	
WNT16_BMD_FRACTURE	7	121415807	rs3801387	ENSG00000087095	WNT16	Bone mineral density / Fracture risk	Tier1_CRISPR	REGULATORY	Tier1		35145202	
CFH_AMD	1	196690107	rs1061170	ENSG00000000971	CFH	Age-related macular degeneration	Tier1_Coding	CODING	Tier1		34845454	
MYOC_GLAUCOMA	1	171629364	rs183532	ENSG00000034971	MYOC	Primary open-angle glaucoma	Tier1_Mendelian	CODING	Tier1		33462508	
ABCA4_STARGARDT	1	94458393	rs1801466	ENSG00000198691	ABCA4	Stargardt disease / Macular degeneration	Tier1_Mendelian	CODING	Tier1		34845454	
GJB2_DEAFNESS	13	20189539	rs72474224	ENSG00000165474	GJB2	Hearing loss / Deafness	Tier1_Mendelian	CODING	Tier1		35115522	
SLC26A4_PENDRED	7	107301262	rs111033171	ENSG00000091137	SLC26A4	Hearing loss / Pendred syndrome	Tier1_Mendelian	CODING	Tier1		35115522	
PNPLA3_NAFLD	22	43928847	rs738409	ENSG00000100344	PNPLA3	Nonalcoholic fatty liver disease	Tier1_Coding	CODING	Tier1		35393594	
TM6SF2_NAFLD_CVD	19	19268740	rs58542926	ENSG00000167549	TM6SF2	NAFLD / Cardiovascular disease	Tier1_Coding	CODING	Tier1		35393594	
HFE_HEMOCHROMATOSIS	6	26090951	rs1800562	ENSG00000010704	HFE	Hereditary hemochromatosis / Iron overload	Tier1_Mendelian	CODING	Tier1		34493866	
PKD1_POLYCYSTIC	16	2088708	rs137852855	ENSG00000008710	PKD1	Polycystic kidney disease	Tier1_Mendelian	CODING	Tier1		35945329	
DMD_MUSCULAR_DYSTROPHY	X	32386297	rs137852331	ENSG00000198763	DMD	Duchenne muscular dystrophy	Tier1_Mendelian	CODING	Tier1		34493866	
MYBPC3_HCM	11	47352926	rs727503209	ENSG00000134571	MYBPC3	Hypertrophic cardiomyopathy	Tier1_Mendelian	CODING	Tier1		36474045	
HEXA_TAY_SACHS	15	72346580	rs121907979	ENSG00000102393	HEXA	Tay-Sachs disease	Tier1_Mendelian	CODING	Tier1		34493866	
IRS1_T2D_INSULIN	2	226795828	rs2943641	ENSG00000169047	IRS1	Type 2 diabetes / Insulin resistance	Tier1_Coding	CODING	Tier1		35551307	
MTNR1B_T2D_MELATONIN	11	92708710	rs10830963	ENSG00000134640	MTNR1B	Type 2 diabetes / Fasting glucose	Tier1_CRISPR	REGULATORY	Tier1		35551307	
TSHR_HYPOTHYROID	14	81158324	rs10149689	ENSG00000165409	TSHR	Hypothyroidism / TSH levels	Tier1_Mendelian	CODING	Tier1		35922484	
TG_THYROID_CANCER	8	132929738	rs2069561	ENSG00000042832	TG	Thyroid cancer / Thyroglobulin levels	Tier1_Mendelian	CODING	Tier1		35922484	
