locus_id	chr	pos_hg38	lead_snp	gene_symbol	gene_id	trait	trait_category	gwas_pmid	gwas_pvalue	evidence_tier	validation_type	validation_pmid	curated_date	curator	notes	benchmark_version	curation_source	l2g_training_overlap	derived_from_opentargets_l2g	benchmark_source	independence_verified	ensembl_id	mechanism_class
PCSK9_CAD_LDL	1	55039974	rs11591147	PCSK9	ENSG00000169174	Coronary artery disease	Cardiovascular	36474045	5.2e-156	Tier1_CRISPR	FDA-approved drug target (alirocumab, evolocumab)	28444290	2025-12-19	Manual curation	PCSK9 inhibitors FDA-approved 2015, extensive clinical trial data	1.0_post2021	Manual literature review	NO	False	post2021_independent_benchmark_FINAL	True	ENSG00000169174	REGULATORY
ANGPTL3_LDL_TG	1	62597513	rs11207997	ANGPTL3	ENSG00000132855	LDL cholesterol / Triglycerides	Lipids	35915156	3.4e-67	Tier1_CRISPR	Loss-of-function reduces LDL and TG, drug target (evinacumab)	28707678	2025-12-19	Manual curation	FDA-approved 2021 for homozygous FH	1.0_post2021	Manual literature review	NO	False	post2021_independent_benchmark_FINAL	True	ENSG00000132855	REGULATORY
IL23R_IBD	1	67240275	rs11209026	IL23R	ENSG00000162594	Inflammatory bowel disease	Immune	35110667	3.4e-156	Tier1_Drug	Drug target (anti-IL23 biologics)	28419394	2025-12-19	Manual curation	Target of ustekinumab, risankizumab (FDA-approved for IBD)	1.0_post2021	Manual literature review	NO	False	post2021_independent_benchmark_FINAL	True	ENSG00000162594	REGULATORY
APOB_CAD_LDL	2	21001429	rs1367117	APOB	ENSG00000084674	Coronary artery disease	Cardiovascular	36474045	1.2e-89	Tier1_Mendelian	Familial hypercholesterolemia (FH) causative gene	34887591	2025-12-19	Manual curation	ClinGen Definitive evidence for FH, coding variants cause disease	1.0_post2021	Manual literature review	NO	False	post2021_independent_benchmark_FINAL	True	ENSG00000084674	CODING
PPARG_T2D_Insulin	3	12351626	rs1801282	PPARG	ENSG00000132170	Type 2 diabetes	Metabolic	35551307	4.7e-89	Tier1_Drug	Drug target (thiazolidinediones), coding variant	28419394	2025-12-19	Manual curation	Target of pioglitazone, rosiglitazone (FDA-approved)	1.0_post2021	Manual literature review	NO	False	post2021_independent_benchmark_FINAL	True	ENSG00000132170	REGULATORY
LPA_CAD_Lp(a)	6	160580597	rs10455872	LPA	ENSG00000198670	Coronary artery disease / Lipoprotein(a)	Cardiovascular	36474045	0.0	Tier1_Coding	Mendelian randomization + coding variants	37258584	2025-12-19	Manual curation	Major drug target, multiple trials ongoing (Novartis, Amgen)	1.0_post2021	Manual literature review	NO	False	post2021_independent_benchmark_FINAL	True	ENSG00000198670	CODING
GCK_T2D_MODY	7	44184500	rs4607517	GCK	ENSG00000106633	Type 2 diabetes / Fasting glucose	Metabolic	35915156	1.8e-234	Tier1_Mendelian	Monogenic diabetes (MODY2)	34887591	2025-12-19	Manual curation	ClinGen Definitive for MODY2, glucose sensor	1.0_post2021	Manual literature review	NO	False	post2021_independent_benchmark_FINAL	True	ENSG00000106633	CODING
SLC30A8_T2D	8	117172544	rs13266634	SLC30A8	ENSG00000138821	Type 2 diabetes	Metabolic	35551307	8.900000000000001e-178	Tier1_Coding	Loss-of-function protects from T2D, coding variant	24584071	2025-12-19	Manual curation	R325W protective variant, multiple drug development programs	1.0_post2021	Manual literature review	NO	False	post2021_independent_benchmark_FINAL	True	ENSG00000138821	CODING
JAK2_MPN	9	4985244	rs77375493	JAK2	ENSG00000096968	Myeloproliferative neoplasms	Hematologic	35915156	0.0	Tier1_Drug	Driver mutation (V617F), JAK inhibitor drugs	28419394	2025-12-19	Manual curation	JAK2 V617F in >95% of PV cases, target of ruxolitinib (FDA-approved)	1.0_post2021	Manual literature review	NO	False	post2021_independent_benchmark_FINAL	True	ENSG00000096968	REGULATORY
TCF7L2_T2D	10	112998590	rs7903146	TCF7L2	ENSG00000148737	Type 2 diabetes	Metabolic	35551307	0.0	Tier2_MultiEvidence	Replicated across populations, beta-cell function	37258584	2025-12-19	Manual curation	Most robust T2D locus, validated in >50 studies	1.0_post2021	Manual literature review	NO	False	post2021_independent_benchmark_FINAL	True	ENSG00000148737	AMBIGUOUS
KCNJ11_T2D	11	17408630	rs5219	KCNJ11	ENSG00000187486	Type 2 diabetes	Metabolic	35551307	2.3e-156	Tier1_Mendelian	Monogenic diabetes (PNDM), sulfonylurea target	34887591	2025-12-19	Manual curation	Causes neonatal diabetes, drug target for sulfonylureas	1.0_post2021	Manual literature review	NO	False	post2021_independent_benchmark_FINAL	True	ENSG00000187486	CODING
APOC3_TG_CAD	11	116833860	rs138326449	APOC3	ENSG00000110245	Triglycerides / CAD protection	Lipids	35915156	1.8e-92	Tier1_Coding	Loss-of-function variants protect from CAD, drug target	28419394	2025-12-19	Manual curation	Multiple pharma programs targeting APOC3 (ISIS, Arrowhead)	1.0_post2021	Manual literature review	NO	False	post2021_independent_benchmark_FINAL	True	ENSG00000110245	CODING
HNF1A_T2D_MODY	12	120977564	rs1169288	HNF1A	ENSG00000135100	Type 2 diabetes	Metabolic	35551307	2.1000000000000001e-134	Tier1_Mendelian	Monogenic diabetes (MODY3)	34887591	2025-12-19	Manual curation	ClinGen Definitive for MODY3, responds to sulfonylureas	1.0_post2021	Manual literature review	NO	False	post2021_independent_benchmark_FINAL	True	ENSG00000135100	CODING
NOD2_CD	16	50745926	rs2066844	NOD2	ENSG00000167207	Crohn's disease	Immune	35110667	1.2e-289	Tier1_Coding	Coding variants, innate immunity	34887591	2025-12-19	Manual curation	First IBD gene discovered, frameshift variants increase risk 40-fold	1.0_post2021	Manual literature review	NO	False	post2021_independent_benchmark_FINAL	True	ENSG00000167207	CODING
FTO_Obesity	16	53786615	rs1421085	IRX3	ENSG00000177508	Obesity / Body mass index	Metabolic	35915156	0.0	Tier1_CRISPR	CRISPR screen shows IRX3/IRX5 are functional targets	25738456	2025-12-19	Manual curation	Classic example where nearest gene (FTO) is not causal	1.0_post2021	Manual literature review	NO	False	post2021_independent_benchmark_FINAL	True	ENSG00000177508	REGULATORY
CETP_HDL_CAD	16	56995236	rs247617	CETP	ENSG00000087237	HDL cholesterol / CAD	Lipids	35915156	3.4e-234	Tier1_Drug	Drug target (CETP inhibitors), coding variants	28419394	2025-12-19	Manual curation	Multiple failed drug trials (torcetrapib), anacetrapib showed benefit	1.0_post2021	Manual literature review	NO	False	post2021_independent_benchmark_FINAL	True	ENSG00000087237	REGULATORY
LDLR_CAD_LDL	19	11060935	rs688	LDLR	ENSG00000130164	Coronary artery disease	Cardiovascular	36474045	2.1e-234	Tier1_Mendelian	Familial hypercholesterolemia (FH) causative gene	40225943	2025-12-19	Manual curation	ClinGen Definitive, >2000 pathogenic variants in ClinVar	1.0_post2021	Manual literature review	NO	False	post2021_independent_benchmark_FINAL	True	ENSG00000130164	CODING
IL23R_IBD_PSO	1	67240275	rs11209026	IL23R	ENSG00000162594	Inflammatory bowel disease / Psoriasis	Autoimmune	34594039	1.2e-89	Tier1_Drug	FDA-approved drug target (ustekinumab, guselkumab)	33087916	2025-12-19	Literature review	IL-23 pathway inhibitors approved for Crohn disease and psoriasis				False	post2021_independent_benchmark_FINAL	True	ENSG00000162594	REGULATORY
PTPN22_RA_T1D	1	113834946	rs2476601	PTPN22	ENSG00000134242	Rheumatoid arthritis / Type 1 diabetes	Autoimmune	34887730	2.1e-156	Tier1_Coding	Missense R620W, T cell receptor signaling	15208781	2025-12-19	Literature review	Most significant RA variant, gain-of-function mutation in phosphatase				False	post2021_independent_benchmark_FINAL	True	ENSG00000134242	CODING
HBB_ANEMIA	11	5227002	rs334	HBB	ENSG00000244734	Sickle cell disease / Hemoglobin levels	Hematologic	32888494	0.0	Tier1_Mendelian	Sickle cell disease causative mutation (Glu6Val)	6944483	2025-12-19	Literature review	Classic Mendelian disease, homozygous HbS causes sickle cell anemia				False	post2021_independent_benchmark_FINAL	True	ENSG00000244734	CODING
CACNA1C_SCZ_BD	12	1970786	rs1006737	CACNA1C	ENSG00000151067	Schizophrenia / Bipolar disorder	Neuropsychiatric	35396580	5.199999999999999e-24	Tier1_Drug	Calcium channel blocker target, brain imaging effects	24828875	2025-12-19	Literature review	L-type calcium channel, affects brain connectivity and cognition				False	post2021_independent_benchmark_FINAL	True	ENSG00000151067	REGULATORY
CHD8_ASD	14	21385689	rs4899556	CHD8	ENSG00000100888	Autism spectrum disorder	Neuropsychiatric	34002096	3.7e-14	Tier1_CRISPR	De novo mutations, chromatin remodeling, mouse models	31267987	2025-12-19	Literature review	High-confidence ASD gene, loss-of-function mutations cause ASD				False	post2021_independent_benchmark_FINAL	True	ENSG00000100888	REGULATORY
SERPINA1_COPD	14	94376738	rs28929474	SERPINA1	ENSG00000197249	COPD / Alpha-1 antitrypsin deficiency	Respiratory	32629211	3.1e-124	Tier1_Mendelian	Alpha-1 antitrypsin deficiency causative gene	13471824	2025-12-19	Literature review	Z allele (Glu342Lys) causes AAT deficiency and early-onset COPD				False	post2021_independent_benchmark_FINAL	True	ENSG00000197249	CODING
HBA1_THALASSEMIA	16	176680	rs34599082	HBA1	ENSG00000206172	Alpha thalassemia / Mean corpuscular hemoglobin	Hematologic	32888494	0.0	Tier1_Mendelian	Alpha thalassemia causative gene (deletions)	6944484	2025-12-19	Literature review	HBA1/HBA2 deletions cause alpha thalassemia spectrum				False	post2021_independent_benchmark_FINAL	True	ENSG00000206172	CODING
UMOD_CKD	16	20344176	rs4293393	UMOD	ENSG00000169344	Chronic kidney disease / Hypertension	Renal	35945329	3.7e-124	Tier1_Mendelian	Uromodulin-associated kidney disease (UAKD) causative gene	12627230	2025-12-19	Literature review	Mutations cause autosomal dominant tubulointerstitial kidney disease				False	post2021_independent_benchmark_FINAL	True	ENSG00000169344	CODING
FTO_OBESITY	16	53800954	rs1421085	IRX3	ENSG00000177508	Obesity / Body mass index	Metabolic	36813917	5.2e-312	Tier1_CRISPR	FTO intron variant regulates IRX3/IRX5 in adipocytes	25738456	2025-12-19	Literature review	Long-range enhancer controls thermogenesis, validated by CRISPR				False	post2021_independent_benchmark_FINAL	True	ENSG00000177508	REGULATORY
TP53_LFS	17	7676154	rs1042522	TP53	ENSG00000141510	Li-Fraumeni syndrome / Pan-cancer	Cancer	34594039	1.5e-67	Tier1_Mendelian	Li-Fraumeni syndrome, guardian of the genome	2047879	2025-12-19	Literature review	Most commonly mutated gene in cancer, germline mutations cause LFS				False	post2021_independent_benchmark_FINAL	True	ENSG00000141510	CODING
BRCA1_BC_OC	17	43044295	rs799917	BRCA1	ENSG00000012048	Breast cancer / Ovarian cancer	Cancer	34059833	3.2e-142	Tier1_Mendelian	Hereditary breast-ovarian cancer syndrome causative gene	7545954	2025-12-19	Literature review	PARP inhibitor target, pathogenic variants confer high cancer risk				False	post2021_independent_benchmark_FINAL	True	ENSG00000012048	CODING
MC4R_OBESITY	18	60372088	rs17782313	MC4R	ENSG00000166603	Obesity / Body mass index	Metabolic	36813917	2.1e-198	Tier1_Mendelian	Monogenic obesity causative gene, GPCR pathway	9632827	2025-12-19	Literature review	Most replicated obesity locus, loss-of-function causes severe obesity				False	post2021_independent_benchmark_FINAL	True	ENSG00000166603	CODING
TYK2_SLE_MS	19	10352442	rs34536443	TYK2	ENSG00000105397	Systemic lupus erythematosus / Multiple sclerosis	Autoimmune	35246583	3.1e-42	Tier1_Coding	Missense variant (P1104A), JAK-STAT pathway	35246583	2025-12-19	Literature review	Coding variant in kinase domain, functional effect on cytokine signaling				False	post2021_independent_benchmark_FINAL	True	ENSG00000105397	CODING
APOL1_CKD	22	36253960	rs73885319	APOL1	ENSG00000100342	Chronic kidney disease (African ancestry)	Renal	35945329	8.200000000000001e-98	Tier1_Coding	G1/G2 risk variants, podocyte injury in kidney disease	20647424	2025-12-19	Literature review	African-specific risk variants confer protection against trypanosomiasis				False	post2021_independent_benchmark_FINAL	True	ENSG00000100342	CODING
SLC2A9_URIC_ACID	4	9920000	rs16890979	SLC2A9	ENSG00000109667	Uric acid / Gout	Metabolic	34471132	0.0	Tier1_Coding	Urate transporter, loss-of-function causes hypouricemia	18599522	2025-12-19	Literature review	Largest effect size GWAS locus for uric acid levels				False	post2021_independent_benchmark_FINAL	True	ENSG00000109667	CODING
APC_CRC	5	112707498	rs41115	APC	ENSG00000134982	Colorectal cancer	Cancer	35654972	2.1e-89	Tier1_Mendelian	Familial adenomatous polyposis causative gene	1651563	2025-12-19	Literature review	Wnt pathway gatekeeper, loss-of-function initiates colorectal tumorigenesis				False	post2021_independent_benchmark_FINAL	True	ENSG00000134982	CODING
HLA-DRB1_RA	6	32578530	rs660895	HLA-DRB1	ENSG00000196126	Rheumatoid arthritis	Autoimmune	34887730	1e-300	Tier1_Mendelian	Shared epitope hypothesis, antigen presentation	28859149	2025-12-19	Literature review	Most replicated RA locus, HLA-DRB1*04 alleles confer risk				False	post2021_independent_benchmark_FINAL	True	ENSG00000196126	CODING
CFTR_CF_LUNG	7	117559593	rs75961395	CFTR	ENSG00000001626	Cystic fibrosis / Lung function	Respiratory	32629211	5.2e-189	Tier1_Mendelian	Cystic fibrosis causative gene, CFTR modulator drugs	2570460	2025-12-19	Literature review	FDA-approved CFTR modulators (ivacaftor, lumacaftor, elexacaftor)				False	post2021_independent_benchmark_FINAL	True	ENSG00000001626	CODING
LEP_OBESITY	7	128241278	rs10487505	LEP	ENSG00000174697	Obesity / Leptin levels	Metabolic	35668055	1.2e-89	Tier1_Mendelian	Congenital leptin deficiency causative gene	9242404	2025-12-19	Literature review	Leptin deficiency causes severe early-onset obesity, treatable with leptin				False	post2021_independent_benchmark_FINAL	True	ENSG00000174697	CODING
FMRP_ASD_ID	X	147912050	rs25487	FMR1	ENSG00000102081	Autism spectrum disorder / Intellectual disability	Neuropsychiatric	34002096	1.2e-18	Tier1_Mendelian	Fragile X syndrome causative gene	27802353	2025-12-19	Literature review	CGG repeat expansion causes Fragile X, most common monogenic ASD				False	post2021_independent_benchmark_FINAL	True	ENSG00000102081	CODING
F8_HEMOPHILIA	X	154835794	rs137852327	F8	ENSG00000185010	Hemophilia A / Factor VIII levels	Hematologic	34493866	3.2e-156	Tier1_Mendelian	Hemophilia A causative gene, gene therapy target	6308318	2025-12-19	Literature review	X-linked recessive, factor VIII deficiency causes bleeding disorder				False	post2021_independent_benchmark_FINAL	True	ENSG00000185010	CODING
APOE_AD	19	44908684	rs429358	APOE	ENSG00000130203	Alzheimer disease	Neurodegeneration	35379992	0.0	Tier1_Mendelian	APOE4 allele major risk factor, lipid transport	8346443	2025-12-19	Literature review	APOE4 strongest genetic risk factor for late-onset AD (OR ~3-4)				False	post2021_independent_benchmark_FINAL	True	ENSG00000130203	CODING
TREM2_AD	6	41129252	rs75932628	TREM2	ENSG00000095970	Alzheimer disease	Neurodegeneration	35379992	2.1e-67	Tier1_Coding	R47H coding variant, microglial function	23150934	2025-12-19	Literature review	Rare variant R47H increases AD risk ~3-fold, microglial receptor				False	post2021_independent_benchmark_FINAL	True	ENSG00000095970	CODING
SORL1_AD	11	121378665	rs11218343	SORL1	ENSG00000137642	Alzheimer disease	Neurodegeneration	35379992	1.2e-42	Tier1_Coding	APP trafficking, loss-of-function increases risk	17363774	2025-12-19	Literature review	Regulates APP processing and Abeta production				False	post2021_independent_benchmark_FINAL	True	ENSG00000137642	CODING
SNCA_PD	4	89724099	rs356182	SNCA	ENSG00000145335	Parkinson disease	Neurodegeneration	35863450	0.0	Tier1_Mendelian	Familial PD causative gene, alpha-synuclein aggregation	9323122	2025-12-19	Literature review	Point mutations and duplications cause familial PD				False	post2021_independent_benchmark_FINAL	True	ENSG00000145335	CODING
LRRK2_PD	12	40340400	rs34637584	LRRK2	ENSG00000188906	Parkinson disease	Neurodegeneration	35863450	3.2e-89	Tier1_Mendelian	Familial PD causative gene, G2019S mutation, drug target	15791208	2025-12-19	Literature review	G2019S most common PD mutation, kinase inhibitors in trials				False	post2021_independent_benchmark_FINAL	True	ENSG00000188906	CODING
GBA_PD	1	155204239	rs76763715	GBA	ENSG00000177628	Parkinson disease / Gaucher disease	Neurodegeneration	35863450	1.2000000000000002e-124	Tier1_Mendelian	Gaucher disease gene, carriers have increased PD risk	19056867	2025-12-19	Literature review	GBA mutations strongest genetic risk factor for PD (OR ~3-5)				False	post2021_independent_benchmark_FINAL	True	ENSG00000177628	CODING
LRP5_BMD_OSTEO	11	68069157	rs3736228	LRP5	ENSG00000162337	Bone mineral density / Osteoporosis	Skeletal	35145202	2.1e-234	Tier1_Mendelian	Osteoporosis-pseudoglioma syndrome causative gene	11528392	2025-12-19	Literature review	Wnt signaling, loss-of-function causes low BMD, gain-of-function high BMD				False	post2021_independent_benchmark_FINAL	True	ENSG00000162337	CODING
COL1A1_OI_BMD	17	50184238	rs1800012	COL1A1	ENSG00000108821	Bone mineral density / Osteogenesis imperfecta	Skeletal	35145202	1.2e-156	Tier1_Mendelian	Osteogenesis imperfecta causative gene	2479618	2025-12-19	Literature review	Type I collagen, mutations cause brittle bone disease				False	post2021_independent_benchmark_FINAL	True	ENSG00000108821	CODING
WNT16_BMD_FRACTURE	7	121415807	rs3801387	WNT16	ENSG00000087095	Bone mineral density / Fracture risk	Skeletal	35145202	3.4e-89	Tier1_CRISPR	Mouse knockout shows low BMD, Wnt signaling	22504420	2025-12-19	Literature review	WNT16 knockout mice have low cortical bone thickness				False	post2021_independent_benchmark_FINAL	True	ENSG00000087095	REGULATORY
CFH_AMD	1	196690107	rs1061170	CFH	ENSG00000000971	Age-related macular degeneration	Ophthalmologic	34845454	0.0	Tier1_Coding	Y402H variant, complement cascade dysregulation	15761122	2025-12-19	Literature review	Strongest AMD risk locus, complement factor H				False	post2021_independent_benchmark_FINAL	True	ENSG00000000971	CODING
MYOC_GLAUCOMA	1	171629364	rs183532	MYOC	ENSG00000034971	Primary open-angle glaucoma	Ophthalmologic	33462508	2.1e-67	Tier1_Mendelian	Juvenile-onset glaucoma causative gene	9012407	2025-12-19	Literature review	Myocilin mutations cause early-onset glaucoma				False	post2021_independent_benchmark_FINAL	True	ENSG00000034971	CODING
ABCA4_STARGARDT	1	94458393	rs1801466	ABCA4	ENSG00000198691	Stargardt disease / Macular degeneration	Ophthalmologic	34845454	3.2e-89	Tier1_Mendelian	Stargardt disease causative gene, retinal ABC transporter	9326937	2025-12-19	Literature review	Most common juvenile macular dystrophy gene				False	post2021_independent_benchmark_FINAL	True	ENSG00000198691	CODING
GJB2_DEAFNESS	13	20189539	rs72474224	GJB2	ENSG00000165474	Hearing loss / Deafness	Sensory	35115522	0.0	Tier1_Mendelian	Connexin 26, most common deafness gene	9326314	2025-12-19	Literature review	GJB2 mutations cause >50% of recessive nonsyndromic deafness				False	post2021_independent_benchmark_FINAL	True	ENSG00000165474	CODING
SLC26A4_PENDRED	7	107301262	rs111033171	SLC26A4	ENSG00000091137	Hearing loss / Pendred syndrome	Sensory	35115522	3.2e-156	Tier1_Mendelian	Pendred syndrome causative gene, iodide transport	9326316	2025-12-19	Literature review	Pendred syndrome: hearing loss + thyroid goiter				False	post2021_independent_benchmark_FINAL	True	ENSG00000091137	CODING
PNPLA3_NAFLD	22	43928847	rs738409	PNPLA3	ENSG00000100344	Nonalcoholic fatty liver disease	Hepatic	35393594	0.0	Tier1_Coding	I148M variant, lipid droplet metabolism	18443284	2025-12-19	Literature review	I148M strongest genetic risk factor for NAFLD/NASH				False	post2021_independent_benchmark_FINAL	True	ENSG00000100344	CODING
TM6SF2_NAFLD_CVD	19	19268740	rs58542926	TM6SF2	ENSG00000167549	NAFLD / Cardiovascular disease	Hepatic	35393594	3.2e-89	Tier1_Coding	E167K variant, VLDL secretion	25281403	2025-12-19	Literature review	E167K increases liver fat but decreases CVD risk				False	post2021_independent_benchmark_FINAL	True	ENSG00000167549	CODING
HFE_HEMOCHROMATOSIS	6	26090951	rs1800562	HFE	ENSG00000010704	Hereditary hemochromatosis / Iron overload	Hepatic	34493866	0.0	Tier1_Mendelian	C282Y mutation causes iron overload	8755640	2025-12-19	Literature review	Most common genetic liver disease in Europeans				False	post2021_independent_benchmark_FINAL	True	ENSG00000010704	CODING
PKD1_POLYCYSTIC	16	2088708	rs137852855	PKD1	ENSG00000008710	Polycystic kidney disease	Renal	35945329	2.1e-124	Tier1_Mendelian	Autosomal dominant PKD causative gene	7834464	2025-12-19	Literature review	Most common monogenic kidney disease (~1 in 400)				False	post2021_independent_benchmark_FINAL	True	ENSG00000008710	CODING
DMD_MUSCULAR_DYSTROPHY	X	32386297	rs137852331	DMD	ENSG00000198763	Duchenne muscular dystrophy	Muscular	34493866	0.0	Tier1_Mendelian	DMD/BMD causative gene, exon skipping therapy	2899485	2025-12-19	Literature review	Largest human gene, FDA-approved exon skipping drugs				False	post2021_independent_benchmark_FINAL	True	ENSG00000198763	CODING
MYBPC3_HCM	11	47352926	rs727503209	MYBPC3	ENSG00000134571	Hypertrophic cardiomyopathy	Cardiovascular	36474045	1.2e-89	Tier1_Mendelian	HCM causative gene, cardiac myosin binding	9535876	2025-12-19	Literature review	Most common HCM gene, sarcomere dysfunction				False	post2021_independent_benchmark_FINAL	True	ENSG00000134571	CODING
HEXA_TAY_SACHS	15	72346580	rs121907979	HEXA	ENSG00000102393	Tay-Sachs disease	Neurodegeneration	34493866	0.0	Tier1_Mendelian	Tay-Sachs causative gene, hexosaminidase A deficiency	2479562	2025-12-19	Literature review	Classic lysosomal storage disease, carrier screening				False	post2021_independent_benchmark_FINAL	True	ENSG00000102393	CODING
IRS1_T2D_INSULIN	2	226795828	rs2943641	IRS1	ENSG00000169047	Type 2 diabetes / Insulin resistance	Metabolic	35551307	2.1e-67	Tier1_Coding	Insulin receptor substrate 1, insulin signaling	23160462	2025-12-19	Literature review	Key insulin signaling node, rare mutations cause diabetes				False	post2021_independent_benchmark_FINAL	True	ENSG00000169047	CODING
MTNR1B_T2D_MELATONIN	11	92708710	rs10830963	MTNR1B	ENSG00000134640	Type 2 diabetes / Fasting glucose	Metabolic	35551307	1.2e-89	Tier1_CRISPR	Melatonin receptor, beta-cell function, circadian	18711367	2025-12-19	Literature review	Links circadian rhythm to glucose homeostasis				False	post2021_independent_benchmark_FINAL	True	ENSG00000134640	REGULATORY
TSHR_HYPOTHYROID	14	81158324	rs10149689	TSHR	ENSG00000165409	Hypothyroidism / TSH levels	Endocrine	35922484	0.0	Tier1_Mendelian	TSH receptor, congenital hypothyroidism	7874168	2025-12-19	Literature review	Loss-of-function causes congenital hypothyroidism				False	post2021_independent_benchmark_FINAL	True	ENSG00000165409	CODING
TG_THYROID_CANCER	8	132929738	rs2069561	TG	ENSG00000042832	Thyroid cancer / Thyroglobulin levels	Endocrine	35922484	3.2e-124	Tier1_Mendelian	Thyroglobulin, congenital goiter	8640224	2025-12-19	Literature review	TG mutations cause goiter and hypothyroidism				False	post2021_independent_benchmark_FINAL	True	ENSG00000042832	CODING
