study_id	trait	study_locus_id	region	chromosome	position	gene_id	gene_symbol	l2g_score
GCST006612	LDL cholesterol	da1688777c358339b96aa01971132a4a		6	16126703	ENSG00000007944	MYLIP	0.8574616312980652
GCST006612	LDL cholesterol	09967e22b25504b5c47bc71727d1f975		19	58170494	ENSG00000181894	ZNF329	0.07789275795221329
GCST006612	LDL cholesterol	09967e22b25504b5c47bc71727d1f975		19	58170494	ENSG00000171606	ZNF274	0.05486781895160675
GCST006612	LDL cholesterol	2492d93c78e6beee4a6246922b95f665		14	94380925	ENSG00000197249	SERPINA1	0.9606223702430725
GCST006612	LDL cholesterol	50c9dce1b38a8b78d7f1d9022ada4f81		5	75269374	ENSG00000145700	ANKRD31	0.7299524545669556
GCST006612	LDL cholesterol	50c9dce1b38a8b78d7f1d9022ada4f81		5	75269374	ENSG00000113161	HMGCR	0.07948312163352966
GCST006612	LDL cholesterol	1d824554bdddeb235040fcd4d8cea9b4		2	43847292	ENSG00000143921	ABCG8	0.8746803402900696
GCST006612	LDL cholesterol	1d824554bdddeb235040fcd4d8cea9b4		2	43847292	ENSG00000138075	ABCG5	0.21382896602153778
GCST006612	LDL cholesterol	41bf4942076dcb70588eca493a14b350		19	44816374	ENSG00000187244	BCAM	0.236977681517601
GCST006612	LDL cholesterol	e4d876f5698b0439cdcec677d9e44c47		12	50661925	ENSG00000066084	DIP2B	0.6058576703071594
GCST006612	LDL cholesterol	e4d876f5698b0439cdcec677d9e44c47		12	50661925	ENSG00000123268	ATF1	0.3877364993095398
GCST006612	LDL cholesterol	9d0e855c0115acf59afaaae8c25a1adc		8	143957800	ENSG00000261150	EPPK1	0.6279891133308411
GCST006612	LDL cholesterol	9d0e855c0115acf59afaaae8c25a1adc		8	143957800	ENSG00000178209	PLEC	0.3351902365684509
GCST006612	LDL cholesterol	9d0e855c0115acf59afaaae8c25a1adc		8	143957800	ENSG00000178719	GRINA	0.14925095438957214
GCST006612	LDL cholesterol	9d0e855c0115acf59afaaae8c25a1adc		8	143957800	ENSG00000178685	PARP10	0.07631215453147888
GCST006612	LDL cholesterol	1dc5955035ffdef305c7dd48d89e5afa		16	68020885	ENSG00000167261	DPEP2	0.559647798538208
GCST006612	LDL cholesterol	1dc5955035ffdef305c7dd48d89e5afa		16	68020885	ENSG00000167264	DUS2	0.3283935487270355
GCST006612	LDL cholesterol	1dc5955035ffdef305c7dd48d89e5afa		16	68020885	ENSG00000263201	DPEP2NB	0.259336918592453
GCST006612	LDL cholesterol	1dc5955035ffdef305c7dd48d89e5afa		16	68020885	ENSG00000182810	DDX28	0.1368526667356491
GCST006612	LDL cholesterol	1cfcae6c4d5f4d4ce32b9a1c7dfe881d		2	21076995	ENSG00000084674	APOB	0.8400639295578003
GCST006612	LDL cholesterol	1cfcae6c4d5f4d4ce32b9a1c7dfe881d		2	21076995	ENSG00000218819	TDRD15	0.19298787415027618
GCST006612	LDL cholesterol	f0b5f794aaf83d710b44a1813a51fb6d		2	120548864	ENSG00000163083	INHBB	0.8306087851524353
GCST006612	LDL cholesterol	f0b5f794aaf83d710b44a1813a51fb6d		2	120548864	ENSG00000074047	GLI2	0.5071225762367249
GCST006612	LDL cholesterol	f0b5f794aaf83d710b44a1813a51fb6d		2	120548864	ENSG00000144118	RALB	0.05431704595685005
GCST006612	LDL cholesterol	58d679c5cd1f5a5352ef8c5ec4de5612		16	72054562	ENSG00000257017	HP	0.8269191980361938
GCST006612	LDL cholesterol	58d679c5cd1f5a5352ef8c5ec4de5612		16	72054562	ENSG00000261701	HPR	0.0660177543759346
GCST006612	LDL cholesterol	745d8b4db63bfc55a5f6324c805f05a6		1	55039974	ENSG00000169174	PCSK9	0.9535644054412842
GCST006612	LDL cholesterol	d1e102e74751cf1eb9e7b5f5294b7d9c		13	110372771	ENSG00000134871	COL4A2	0.7512005567550659
GCST006612	LDL cholesterol	d1e102e74751cf1eb9e7b5f5294b7d9c		13	110372771	ENSG00000187498	COL4A1	0.150588721036911
GCST006612	LDL cholesterol	47b56bde48d464dbe70fa8594958d133		10	122934071	ENSG00000119965	C10orf88	0.5068268179893494
GCST006612	LDL cholesterol	47b56bde48d464dbe70fa8594958d133		10	122934071	ENSG00000213185	FAM24B	0.28809764981269836
GCST006612	LDL cholesterol	47b56bde48d464dbe70fa8594958d133		10	122934071	ENSG00000203795	FAM24A	0.09030492603778839
GCST006612	LDL cholesterol	ced27304e9aa92105ce83871f3703f22		7	21572352	ENSG00000105877	DNAH11	0.9017373919487
GCST006612	LDL cholesterol	600b48fd82df7962a022abbe02310bb0		6	116072564	ENSG00000111816	FRK	0.7292616963386536
GCST006612	LDL cholesterol	600b48fd82df7962a022abbe02310bb0		6	116072564	ENSG00000178425	NT5DC1	0.1004120260477066
GCST006612	LDL cholesterol	600b48fd82df7962a022abbe02310bb0		6	116072564	ENSG00000123500	COL10A1	0.08658919483423233
GCST006612	LDL cholesterol	6240c328011cb5c862195d5800b97f50		2	118092274	ENSG00000125629	INSIG2	0.6236336827278137
GCST006612	LDL cholesterol	6240c328011cb5c862195d5800b97f50		2	118092274	ENSG00000125633	CCDC93	0.1813131421804428
GCST006612	LDL cholesterol	6240c328011cb5c862195d5800b97f50		2	118092274	ENSG00000088205	DDX18	0.054202236235141754
GCST006612	LDL cholesterol	62d6bce8e4335f028fe8b4b3b67be031		7	25952206	ENSG00000050344	NFE2L3	0.5309517979621887
GCST006612	LDL cholesterol	62d6bce8e4335f028fe8b4b3b67be031		7	25952206	ENSG00000122565	CBX3	0.08950866013765335
GCST006612	LDL cholesterol	62d6bce8e4335f028fe8b4b3b67be031		7	25952206	ENSG00000122566	HNRNPA2B1	0.06600290536880493
GCST006612	LDL cholesterol	b40ba9d318285b014d8cb354702e3387		5	156972028	ENSG00000145850	TIMD4	0.9507877230644226
GCST006612	LDL cholesterol	b5ecaf54d464a44b29fe58e335b94644		14	70380407	ENSG00000213463	SYNJ2BP	0.5506243109703064
GCST006612	LDL cholesterol	b5ecaf54d464a44b29fe58e335b94644		14	70380407	ENSG00000133983	COX16	0.21969355642795563
GCST006612	LDL cholesterol	662010a31b39229037b704187ae883b4		21	39202379	ENSG00000183527	PSMG1	0.4104805290699005
GCST006612	LDL cholesterol	662010a31b39229037b704187ae883b4		21	39202379	ENSG00000185658	BRWD1	0.22841133177280426
GCST006612	LDL cholesterol	662010a31b39229037b704187ae883b4		21	39202379	ENSG00000205581	HMGN1	0.07742960751056671
GCST006612	LDL cholesterol	662010a31b39229037b704187ae883b4		21	39202379	ENSG00000157578	LCA5L	0.06754197925329208
GCST006612	LDL cholesterol	fc9df2f981af7cd5baa847080be7aed4		12	120978847	ENSG00000135100	HNF1A	0.9068809747695923
GCST006612	LDL cholesterol	fc9df2f981af7cd5baa847080be7aed4		12	120978847	ENSG00000157895	C12orf43	0.054104018956422806
GCST006612	LDL cholesterol	6b0f3c09fc6df50f45248726f065c87c		7	44542387	ENSG00000015520	NPC1L1	0.8389341831207275
GCST006612	LDL cholesterol	6b0f3c09fc6df50f45248726f065c87c		7	44542387	ENSG00000158604	TMED4	0.08346668630838394
GCST006612	LDL cholesterol	6b0f3c09fc6df50f45248726f065c87c		7	44542387	ENSG00000015676	NUDCD3	0.06167445331811905
GCST006612	LDL cholesterol	c01174e1c9bcf0c654dcd25aae11a578		3	12230418	ENSG00000132170	PPARG	0.3330775201320648
GCST006612	LDL cholesterol	c01174e1c9bcf0c654dcd25aae11a578		3	12230418	ENSG00000157150	TIMP4	0.23680931329727173
GCST006612	LDL cholesterol	c01174e1c9bcf0c654dcd25aae11a578		3	12230418	ENSG00000157152	SYN2	0.09453749656677246
GCST006612	LDL cholesterol	1fbe4f94c72b67d33046bb5b25374aa5		1	234721929	ENSG00000168264	IRF2BP2	0.24325203895568848
GCST006612	LDL cholesterol	1fbe4f94c72b67d33046bb5b25374aa5		1	234721929	ENSG00000059588	TARBP1	0.09933306276798248
GCST006612	LDL cholesterol	d4546809ebf56a8bb554559c3b2ff7af		17	18222563	ENSG00000131899	LLGL1	0.2258697897195816
GCST006612	LDL cholesterol	d4546809ebf56a8bb554559c3b2ff7af		17	18222563	ENSG00000091536	MYO15A	0.18600165843963623
GCST006612	LDL cholesterol	d4546809ebf56a8bb554559c3b2ff7af		17	18222563	ENSG00000176974	SHMT1	0.07712230831384659
GCST006612	LDL cholesterol	d4546809ebf56a8bb554559c3b2ff7af		17	18222563	ENSG00000177427	MIEF2	0.06810114532709122
GCST006612	LDL cholesterol	d4546809ebf56a8bb554559c3b2ff7af		17	18222563	ENSG00000091542	ALKBH5	0.060094352811574936
GCST006612	LDL cholesterol	afa017a322a232ad05ee810c610c5925		19	2814183	ENSG00000172009	THOP1	0.6464662551879883
GCST006612	LDL cholesterol	afa017a322a232ad05ee810c610c5925		19	2814183	ENSG00000172006	ZNF554	0.521064281463623
GCST006612	LDL cholesterol	afa017a322a232ad05ee810c610c5925		19	2814183	ENSG00000104969	SGTA	0.1469578742980957
GCST006612	LDL cholesterol	f223c6ddb3a953e3723da419e99731c3		2	17295273	ENSG00000214842	RAD51AP2	0.3579939305782318
GCST006612	LDL cholesterol	f223c6ddb3a953e3723da419e99731c3		2	17295273	ENSG00000163032	VSNL1	0.30859804153442383
GCST006612	LDL cholesterol	f223c6ddb3a953e3723da419e99731c3		2	17295273	ENSG00000163029	SMC6	0.05105406045913696
GCST006612	LDL cholesterol	8225fe50313b0aa8f15038e575254c8c		1	18481798	ENSG00000179023	KLHDC7A	0.9001243710517883
GCST006612	LDL cholesterol	7cfa180e15d3ed8660e6df1323adcb05		20	35578178	ENSG00000125991	ERGIC3	0.6294570565223694
GCST006612	LDL cholesterol	7cfa180e15d3ed8660e6df1323adcb05		20	35578178	ENSG00000214078	CPNE1	0.17209114134311676
GCST006612	LDL cholesterol	7cfa180e15d3ed8660e6df1323adcb05		20	35578178	ENSG00000061656	SPAG4	0.123462975025177
GCST006612	LDL cholesterol	7cfa180e15d3ed8660e6df1323adcb05		20	35578178	ENSG00000125975	C20orf173	0.08204586058855057
GCST006612	LDL cholesterol	7978106fdba9a5a6da1ff8e821b99de6		17	66214462	ENSG00000091583	APOH	0.9747777581214905
GCST006612	LDL cholesterol	55cf73bde5e682b4190313acd185be1a		10	112173248	ENSG00000119927	GPAM	0.8659734725952148
GCST006612	LDL cholesterol	716d25ad39b0c991026b0c0333a4db10		18	49583585	ENSG00000101670	LIPG	0.9101004600524902
GCST006612	LDL cholesterol	c2434be1f65af977f5ec594eb5ec4a75		17	69085137	ENSG00000154262	ABCA6	0.8971921801567078
GCST006612	LDL cholesterol	e01907b39f65d16a282b8665f69fb0a3		10	17226840	ENSG00000026025	VIM	0.847311794757843
GCST006612	LDL cholesterol	e01907b39f65d16a282b8665f69fb0a3		10	17226840	ENSG00000107614	TRDMT1	0.22788913547992706
GCST006612	LDL cholesterol	594d37aa6eb4a1078db8e61d7d9ebb16		3	122507440	ENSG00000114030	KPNA1	0.8281075954437256
GCST006612	LDL cholesterol	594d37aa6eb4a1078db8e61d7d9ebb16		3	122507440	ENSG00000138496	PARP9	0.273563951253891
GCST006612	LDL cholesterol	594d37aa6eb4a1078db8e61d7d9ebb16		3	122507440	ENSG00000163840	DTX3L	0.06418514996767044
GCST006612	LDL cholesterol	0c908e4d64ad3619ab035e0ec560fffe		1	10496390	ENSG00000142655	PEX14	0.8247111439704895
GCST006612	LDL cholesterol	0c908e4d64ad3619ab035e0ec560fffe		1	10496390	ENSG00000160049	DFFA	0.21894468367099762
GCST006612	LDL cholesterol	0c908e4d64ad3619ab035e0ec560fffe		1	10496390	ENSG00000175279	CENPS	0.05061321333050728
GCST006612	LDL cholesterol	0037495c55dc02194800cb196fdf80d0		11	122634009	ENSG00000154127	UBASH3B	0.8400866389274597
GCST006612	LDL cholesterol	7fd2ac9fca492d764befea43cde22ea8		7	87447271	ENSG00000005471	ABCB4	0.8581538200378418
GCST006612	LDL cholesterol	9e2628e22f27fe9df9f678c51c3cda88		4	68475769	ENSG00000087128	TMPRSS11E	0.8566168546676636
GCST006612	LDL cholesterol	ea8e13430029a8aff7ce0ad57746ae7b		22	37066896	ENSG00000187045	TMPRSS6	0.4009467661380768
GCST006612	LDL cholesterol	ea8e13430029a8aff7ce0ad57746ae7b		22	37066896	ENSG00000100379	KCTD17	0.09565288573503494
GCST006612	LDL cholesterol	737054f39084d803b2c915526faa388b		7	2256917	ENSG00000106266	SNX8	0.9017691016197205
GCST006612	LDL cholesterol	737054f39084d803b2c915526faa388b		7	2256917	ENSG00000106268	NUDT1	0.08423441648483276
GCST006612	LDL cholesterol	7a5a154e018e255c3be3858c64533c5a		6	160589086	ENSG00000198670	LPA	0.6906981468200684
GCST006612	LDL cholesterol	7a5a154e018e255c3be3858c64533c5a		6	160589086	ENSG00000122194	PLG	0.350871741771698
GCST006612	LDL cholesterol	20d4f8a1647014fc4119898b0044562c		1	62641855	ENSG00000132855	ANGPTL3	0.6801005601882935
GCST006612	LDL cholesterol	20d4f8a1647014fc4119898b0044562c		1	62641855	ENSG00000116641	DOCK7	0.28128331899642944
GCST006612	LDL cholesterol	20d4f8a1647014fc4119898b0044562c		1	62641855	ENSG00000162607	USP1	0.15117739140987396
GCST006612	LDL cholesterol	0d7a154e568fc93369eed99070d9f41b		16	11537712	ENSG00000189067	LITAF	0.4290345013141632
GCST006612	LDL cholesterol	0d7a154e568fc93369eed99070d9f41b		16	11537712	ENSG00000188897	ENSG00000188897	0.3089967668056488
GCST006612	LDL cholesterol	d9cd7058c2c6b3250b7c3890f7db85b5		3	160368267	ENSG00000113810	SMC4	0.4505116045475006
GCST006612	LDL cholesterol	d9cd7058c2c6b3250b7c3890f7db85b5		3	160368267	ENSG00000213186	TRIM59	0.2220706343650818
GCST006612	LDL cholesterol	d9cd7058c2c6b3250b7c3890f7db85b5		3	160368267	ENSG00000068885	IFT80	0.15453463792800903
GCST006612	LDL cholesterol	d9cd7058c2c6b3250b7c3890f7db85b5		3	160368267	ENSG00000186432	KPNA4	0.06258261203765869
GCST006612	LDL cholesterol	c6d35cc7aa7a9094ebb96057df7f7b20		5	52897406	ENSG00000213949	ITGA1	0.9066632390022278
GCST006612	LDL cholesterol	c6d35cc7aa7a9094ebb96057df7f7b20		5	52897406	ENSG00000164171	ITGA2	0.14630088210105896
GCST006612	LDL cholesterol	09cd047a1f8271a0d45a0fc186d93e97		2	62728252	ENSG00000115504	EHBP1	0.8064089417457581
GCST006612	LDL cholesterol	760f2ec3fd96b69177f422880b4fbda4		7	1043282	ENSG00000146540	CHLSN	0.5605611205101013
GCST006612	LDL cholesterol	760f2ec3fd96b69177f422880b4fbda4		7	1043282	ENSG00000164849	GPR146	0.22441299259662628
GCST006612	LDL cholesterol	f15434c13775d6e2bd577c7a9735e8e9		3	51995975	ENSG00000162244	RPL29	0.23974832892417908
GCST006612	LDL cholesterol	0804748a1b7af54eb6cbea7cf003e9c1		8	58479765	ENSG00000167910	CYP7A1	0.7152397036552429
GCST006612	LDL cholesterol	0804748a1b7af54eb6cbea7cf003e9c1		8	58479765	ENSG00000137575	SDCBP	0.21548768877983093
GCST006612	LDL cholesterol	0804748a1b7af54eb6cbea7cf003e9c1		8	58479765	ENSG00000215114	UBXN2B	0.10895027220249176
GCST006612	LDL cholesterol	48fd0207fcd23dab2e9d3566c637605b		3	132469319	ENSG00000138246	DNAJC13	0.9204505681991577
GCST006612	LDL cholesterol	bc28285214f80030e28bc9caa10d2a45		11	118669395	ENSG00000019144	PHLDB1	0.16328343749046326
GCST006612	LDL cholesterol	bc28285214f80030e28bc9caa10d2a45		11	118669395	ENSG00000118094	TREH	0.1556982398033142
GCST006612	LDL cholesterol	ce4d98dc3e39eb6bbd6f77d99f48ec50		1	92671972	ENSG00000067208	EVI5	0.7374646067619324
GCST006612	LDL cholesterol	ce4d98dc3e39eb6bbd6f77d99f48ec50		1	92671972	ENSG00000122406	RPL5	0.1145811602473259
GCST006612	LDL cholesterol	eaa36710f95c269e807d4dc54893949d		19	19283559	ENSG00000105705	SUGP1	0.2810758948326111
GCST006612	LDL cholesterol	eaa36710f95c269e807d4dc54893949d		19	19283559	ENSG00000129933	MAU2	0.22796465456485748
GCST006612	LDL cholesterol	eaa36710f95c269e807d4dc54893949d		19	19283559	ENSG00000213996	TM6SF2	0.07461825758218765
GCST006612	LDL cholesterol	92ed0b06770589d2a0047bb3294af200		10	50814012	ENSG00000148584	A1CF	0.8788008093833923
GCST006612	LDL cholesterol	db8ea3d205dececd01c080f86234d9a9		17	7116978	ENSG00000161944	ASGR2	0.1450875848531723
GCST006612	LDL cholesterol	d5e2129eb8cb83945512de780c908937		3	32500061	ENSG00000091317	CMTM6	0.8462099432945251
GCST006612	LDL cholesterol	06ed6d256f1bfec5c676acdff9c2b005		12	111569952	ENSG00000111252	SH2B3	0.36455267667770386
GCST006612	LDL cholesterol	06ed6d256f1bfec5c676acdff9c2b005		12	111569952	ENSG00000204842	ATXN2	0.12217720597982407
GCST006612	LDL cholesterol	2a8d701024081a7bc98be78d4f3da6d9		6	135097494	ENSG00000112339	HBS1L	0.8209846019744873
GCST006612	LDL cholesterol	2a8d701024081a7bc98be78d4f3da6d9		6	135097494	ENSG00000118513	MYB	0.0674927681684494
GCST006612	LDL cholesterol	2a8d701024081a7bc98be78d4f3da6d9		6	135097494	ENSG00000118514	ALDH8A1	0.06397756934165955
GCST006612	LDL cholesterol	89a4a8f9a990eaaa2d272a0b8d9a6b37		1	107075085	ENSG00000198890	PRMT6	0.7671836018562317
GCST006612	LDL cholesterol	89a4a8f9a990eaaa2d272a0b8d9a6b37		1	107075085	ENSG00000162631	NTNG1	0.08728164434432983
GCST006612	LDL cholesterol	a41f6c61325e1cfea9be8e96114ebb4a		9	19217423	ENSG00000137145	DENND4C	0.21853742003440857
GCST006612	LDL cholesterol	a41f6c61325e1cfea9be8e96114ebb4a		9	19217423	ENSG00000137154	RPS6	0.09414410591125488
GCST006612	LDL cholesterol	84f22f9c7ec7150a92a3f6af915ba13a		17	43797377	ENSG00000161649	CD300LG	0.7434622645378113
GCST006612	LDL cholesterol	84f22f9c7ec7150a92a3f6af915ba13a		17	43797377	ENSG00000231256	CFAP97D1	0.17104968428611755
GCST006612	LDL cholesterol	84f22f9c7ec7150a92a3f6af915ba13a		17	43797377	ENSG00000108861	DUSP3	0.060877565294504166
GCST006612	LDL cholesterol	c690380ae49aa6021311b7b700407d03		8	22080156	ENSG00000158856	DMTN	0.45095038414001465
GCST006612	LDL cholesterol	c690380ae49aa6021311b7b700407d03		8	22080156	ENSG00000158863	FHIP2B	0.08434174209833145
GCST006612	LDL cholesterol	56ad824c39f7e9341e6a7484d61adab4		21	31687518	ENSG00000156304	SCAF4	0.7298102378845215
GCST006612	LDL cholesterol	56ad824c39f7e9341e6a7484d61adab4		21	31687518	ENSG00000142168	SOD1	0.44426262378692627
GCST006612	LDL cholesterol	ecec04ce322ebea4f2864d5f6bf1fe4b		19	48702851	ENSG00000176920	FUT2	0.6037439703941345
GCST006612	LDL cholesterol	ecec04ce322ebea4f2864d5f6bf1fe4b		19	48702851	ENSG00000105538	RASIP1	0.08575811237096786
GCST006612	LDL cholesterol	ecec04ce322ebea4f2864d5f6bf1fe4b		19	48702851	ENSG00000176909	MAMSTR	0.0632883608341217
GCST006612	LDL cholesterol	9e39f168a563bb518dc5dd77b3799583		1	109272630	ENSG00000143126	CELSR2	0.803281307220459
GCST006612	LDL cholesterol	9e39f168a563bb518dc5dd77b3799583		1	109272630	ENSG00000134222	PSRC1	0.10399060696363449
GCST006612	LDL cholesterol	46757033a6554325e937bfd68e518549		17	78396063	ENSG00000087157	PGS1	0.7482243180274963
GCST006612	LDL cholesterol	dfe9cabbd3ff7bb83fbad027351f2476		20	17864040	ENSG00000125871	MGME1	0.4385699927806854
GCST006612	LDL cholesterol	dfe9cabbd3ff7bb83fbad027351f2476		20	17864040	ENSG00000089006	SNX5	0.11326463520526886
GCST006612	LDL cholesterol	2d1d72d30eb52e25b33dc49db034c6f0		7	107499794	ENSG00000164597	COG5	0.5428822040557861
GCST006612	LDL cholesterol	2d1d72d30eb52e25b33dc49db034c6f0		7	107499794	ENSG00000075790	BCAP29	0.13695299625396729
GCST006612	LDL cholesterol	2d1d72d30eb52e25b33dc49db034c6f0		7	107499794	ENSG00000172209	GPR22	0.10118336230516434
GCST006612	LDL cholesterol	2d1d72d30eb52e25b33dc49db034c6f0		7	107499794	ENSG00000105865	DUS4L	0.05097382888197899
GCST006612	LDL cholesterol	d15ba8beb695788d9df63b6db161f30d		8	125466208	ENSG00000173334	TRIB1	0.6969894170761108
GCST006612	LDL cholesterol	406a89d8891dca3175d33c13171e3bf2		13	32466293	ENSG00000244754	N4BP2L2	0.3668839633464813
GCST006612	LDL cholesterol	406a89d8891dca3175d33c13171e3bf2		13	32466293	ENSG00000139597	N4BP2L1	0.2578672766685486
GCST006612	LDL cholesterol	406a89d8891dca3175d33c13171e3bf2		13	32466293	ENSG00000083642	PDS5B	0.23607167601585388
GCST006612	LDL cholesterol	450a3fe85fbcd70b3f55c0ebbd297734		9	133266456	ENSG00000175164	ABO	0.4641793370246887
GCST006612	LDL cholesterol	ac5e024ee867ec170c720c9071040f20		11	116817950	ENSG00000110244	APOA4	0.3292478024959564
GCST006612	LDL cholesterol	ac5e024ee867ec170c720c9071040f20		11	116817950	ENSG00000110245	APOC3	0.30187010765075684
GCST006612	LDL cholesterol	ac5e024ee867ec170c720c9071040f20		11	116817950	ENSG00000118137	APOA1	0.14639456570148468
GCST006612	LDL cholesterol	ac5e024ee867ec170c720c9071040f20		11	116817950	ENSG00000137656	BUD13	0.053890448063611984
GCST006612	LDL cholesterol	d58af9a38e829cefe8bf47ac6a08d6e9		11	61803910	ENSG00000134825	TMEM258	0.4019438326358795
GCST006612	LDL cholesterol	d58af9a38e829cefe8bf47ac6a08d6e9		11	61803910	ENSG00000149485	FADS1	0.39556559920310974
GCST006612	LDL cholesterol	d58af9a38e829cefe8bf47ac6a08d6e9		11	61803910	ENSG00000134824	FADS2	0.37860429286956787
GCST006612	LDL cholesterol	d58af9a38e829cefe8bf47ac6a08d6e9		11	61803910	ENSG00000168496	FEN1	0.1453997790813446
GCST006612	LDL cholesterol	d58af9a38e829cefe8bf47ac6a08d6e9		11	61803910	ENSG00000124920	MYRF	0.07957803457975388
GCST006612	LDL cholesterol	44664d1862e7f028f284012ff1170e0b		11	78265162	ENSG00000033327	GAB2	0.30593231320381165
GCST006612	LDL cholesterol	44664d1862e7f028f284012ff1170e0b		11	78265162	ENSG00000118369	USP35	0.2380353957414627
GCST006612	LDL cholesterol	44664d1862e7f028f284012ff1170e0b		11	78265162	ENSG00000188997	KCTD21	0.0788077786564827
GCST006612	LDL cholesterol	3ec54e7c7ad07a9767e31e32d8335a73		20	40551182	ENSG00000204103	MAFB	0.3122529089450836
GCST006612	LDL cholesterol	15046a0a7c6910a15c0cc3867263b0e9		8	10651291	ENSG00000183638	RP1L1	0.8491647243499756
GCST006612	LDL cholesterol	15046a0a7c6910a15c0cc3867263b0e9		8	10651291	ENSG00000171060	C8orf74	0.058157119899988174
GCST006612	LDL cholesterol	6c5df5db09f7f9526d5cf2ad4649d0d2		8	9323885	ENSG00000173281	PPP1R3B	0.5229524374008179
GCST006612	LDL cholesterol	6c5df5db09f7f9526d5cf2ad4649d0d2		8	9323885	ENSG00000173273	TNKS	0.15800262987613678
GCST006612	LDL cholesterol	a80525cde6c41614f156add85d42e907		2	27518370	ENSG00000084734	GCKR	0.6313727498054504
GCST006612	LDL cholesterol	a80525cde6c41614f156add85d42e907		2	27518370	ENSG00000115226	FNDC4	0.08847524225711823
GCST006612	LDL cholesterol	a80525cde6c41614f156add85d42e907		2	27518370	ENSG00000138085	ATRAID	0.072779580950737
GCST006612	LDL cholesterol	7ced929fd724c26c0fee47cd8acc431c		2	202624734	ENSG00000138439	FAM117B	0.8581473231315613
GCST006612	LDL cholesterol	d0c9a3caa9552bb089524f5202dddc21		18	9522608	ENSG00000017797	RALBP1	0.700128972530365
GCST006612	LDL cholesterol	5f28e8448da8e9fb36021d5f5b3ca810		10	93079967	ENSG00000095596	CYP26A1	0.4936326742172241
GCST006612	LDL cholesterol	5f28e8448da8e9fb36021d5f5b3ca810		10	93079967	ENSG00000187553	CYP26C1	0.31735268235206604
GCST006612	LDL cholesterol	50639c19b37ef6e64f91b382b22d7370		15	57922012	ENSG00000128918	ALDH1A2	0.8032392859458923
GCST006612	LDL cholesterol	0554622de47b92c91cd5867d25714ea1		19	11076648	ENSG00000130164	LDLR	0.6961694359779358
GCST006612	LDL cholesterol	234ee07338a94eb95e51e84e138e7a00		17	28367840	ENSG00000109072	VTN	0.9260815978050232
GCST006612	LDL cholesterol	234ee07338a94eb95e51e84e138e7a00		17	28367840	ENSG00000244045	VMA12	0.2908926010131836
GCST006612	LDL cholesterol	234ee07338a94eb95e51e84e138e7a00		17	28367840	ENSG00000004139	SARM1	0.27594685554504395
GCST006612	LDL cholesterol	234ee07338a94eb95e51e84e138e7a00		17	28367840	ENSG00000274529	SEBOX	0.05181186646223068
GCST006612	LDL cholesterol	a412f3748763eccc1af8838c68126d71		17	4790607	ENSG00000182853	VMO1	0.1259438842535019
GCST006612	LDL cholesterol	a412f3748763eccc1af8838c68126d71		17	4790607	ENSG00000142507	PSMB6	0.1259438842535019
GCST006612	LDL cholesterol	a412f3748763eccc1af8838c68126d71		17	4790607	ENSG00000182327	GLTPD2	0.07380053400993347
GCST006612	LDL cholesterol	92e505eb3e01130aa8877c8477797a30		16	83951171	ENSG00000140961	OSGIN1	0.7454860806465149
GCST006612	LDL cholesterol	92e505eb3e01130aa8877c8477797a30		16	83951171	ENSG00000103154	NECAB2	0.07124164700508118
GCST006612	LDL cholesterol	6fb9706b32563b9d803b5e7a36e7ee53		2	108615932	ENSG00000169756	LIMS1	0.3098265826702118
GCST006612	LDL cholesterol	6fb9706b32563b9d803b5e7a36e7ee53		2	108615932	ENSG00000135968	GCC2	0.19551776349544525
GCST006612	LDL cholesterol	fb552d12b165e972d07ba97251363083		5	132461855	ENSG00000125347	IRF1	0.7577975392341614
GCST006612	LDL cholesterol	8aa3e28f428e6b45e9b3510b192617ea		1	220796686	ENSG00000186205	MTARC1	0.9371272325515747
GCST006612	LDL cholesterol	5d6be97606df36bd9159c403eaf4a971		15	74997381	ENSG00000198794	SCAMP5	0.23550055921077728
GCST006612	LDL cholesterol	5d6be97606df36bd9159c403eaf4a971		15	74997381	ENSG00000178741	COX5A	0.08988512307405472
GCST006612	LDL cholesterol	c23e325c0aa50795c72605c854fc0d60		9	5073770	ENSG00000096968	JAK2	0.8329574465751648
GCST006612	LDL cholesterol	784497e2532f2518b1a11a54ed6c7a52		6	138996690	ENSG00000135597	REPS1	0.811457097530365
GCST006612	LDL cholesterol	c71f50b85ad09c043c66d29d630b71bd		2	233703893	ENSG00000167165	UGT1A6	0.8323185443878174
GCST006612	LDL cholesterol	c71f50b85ad09c043c66d29d630b71bd		2	233703893	ENSG00000244122	UGT1A7	0.37154120206832886
GCST006612	LDL cholesterol	c71f50b85ad09c043c66d29d630b71bd		2	233703893	ENSG00000288705	UGT1A5	0.12646448612213135
GCST006612	LDL cholesterol	c71f50b85ad09c043c66d29d630b71bd		2	233703893	ENSG00000288702	UGT1A3	0.11505398154258728
GCST006612	LDL cholesterol	c71f50b85ad09c043c66d29d630b71bd		2	233703893	ENSG00000241635	UGT1A1	0.09828202426433563
GCST006612	LDL cholesterol	c71f50b85ad09c043c66d29d630b71bd		2	233703893	ENSG00000244474	UGT1A4	0.06488361954689026
GCST006612	LDL cholesterol	6d1d32f10ba25c1a102e3716691d3f78		9	2640759	ENSG00000147852	VLDLR	0.8589045405387878
GCST90018961	LDL cholesterol	1b14122b70e17f050b95a7c3672c8b65		19	44908822	ENSG00000130203	APOE	0.9571478962898254
GCST90018961	LDL cholesterol	1b14122b70e17f050b95a7c3672c8b65		19	44908822	ENSG00000130208	APOC1	0.09279631078243256
GCST90018961	LDL cholesterol	e95dc236080fb927d01fcc1fa70a2b1f		19	43792537	ENSG00000159871	LYPD5	0.11760768294334412
GCST90018961	LDL cholesterol	ed542694736af49029eecb85828da34e		6	16134016	ENSG00000007944	MYLIP	0.8598896861076355
GCST90018961	LDL cholesterol	e4b42b7b226213ae425a6c304679ebd0		7	36129593	ENSG00000122547	EEPD1	0.77170729637146
GCST90018961	LDL cholesterol	7f610e3c2b5ff77039f05937a4f70112		1	234717013	ENSG00000168264	IRF2BP2	0.24325203895568848
GCST90018961	LDL cholesterol	7f610e3c2b5ff77039f05937a4f70112		1	234717013	ENSG00000059588	TARBP1	0.09667062014341354
GCST90018961	LDL cholesterol	0dc2ef0a03d5f845fac41ed2feea991c		19	58150868	ENSG00000181894	ZNF329	0.17106910049915314
GCST90018961	LDL cholesterol	b85272a28722ee53fb65fd163a19ebda		10	69333636	ENSG00000156515	HK1	0.8126370310783386
GCST90018961	LDL cholesterol	b8ad40e287a2f51909224359263ad530		11	116786845	ENSG00000109917	ZPR1	0.8282073140144348
GCST90018961	LDL cholesterol	b8ad40e287a2f51909224359263ad530		11	116786845	ENSG00000110243	APOA5	0.22493593394756317
GCST90018961	LDL cholesterol	b8ad40e287a2f51909224359263ad530		11	116786845	ENSG00000137656	BUD13	0.12212096154689789
GCST90018961	LDL cholesterol	b8ad40e287a2f51909224359263ad530		11	116786845	ENSG00000110245	APOC3	0.05769653990864754
GCST90018961	LDL cholesterol	b3ef4d31c692443b1d2c3af348476a59		17	48654142	ENSG00000170689	HOXB9	0.060900427401065826
GCST90018961	LDL cholesterol	384c4ed80965873ac42b1246e7cb98d5		12	50256274	ENSG00000050405	LIMA1	0.22808393836021423
GCST90018961	LDL cholesterol	384c4ed80965873ac42b1246e7cb98d5		12	50256274	ENSG00000066084	DIP2B	0.13195887207984924
GCST90018961	LDL cholesterol	384c4ed80965873ac42b1246e7cb98d5		12	50256274	ENSG00000139624	CERS5	0.0619371272623539
GCST90018961	LDL cholesterol	66c8d96048d223030b80fceae3560661		19	44389907	ENSG00000267508	ZNF285	0.7747390866279602
GCST90018961	LDL cholesterol	a4351f12ff02c458abb99b54978bcc38		5	75360714	ENSG00000113161	HMGCR	0.9407422542572021
GCST90018961	LDL cholesterol	2bc224971060eebd51232bdbf94b5311		2	43842633	ENSG00000143921	ABCG8	0.8568040132522583
GCST90018961	LDL cholesterol	2bc224971060eebd51232bdbf94b5311		2	43842633	ENSG00000138075	ABCG5	0.4749718904495239
GCST90018961	LDL cholesterol	347a1b20452c61fb9c592badfad6cc20		8	143956732	ENSG00000261150	EPPK1	0.6672733426094055
GCST90018961	LDL cholesterol	347a1b20452c61fb9c592badfad6cc20		8	143956732	ENSG00000178209	PLEC	0.2667308747768402
GCST90018961	LDL cholesterol	347a1b20452c61fb9c592badfad6cc20		8	143956732	ENSG00000178719	GRINA	0.1143483817577362
GCST90018961	LDL cholesterol	347a1b20452c61fb9c592badfad6cc20		8	143956732	ENSG00000178685	PARP10	0.07205218076705933
GCST90018961	LDL cholesterol	bda0ce72442bb2d9ccb472f84707204e		5	75912184	ENSG00000122012	SV2C	0.43492579460144043
GCST90018961	LDL cholesterol	bda0ce72442bb2d9ccb472f84707204e		5	75912184	ENSG00000152359	POC5	0.24136453866958618
GCST90018961	LDL cholesterol	2be0f28cab74e2b56a09d8042e9bc7ac		2	44348910	ENSG00000138078	PREPL	0.7836100459098816
GCST90018961	LDL cholesterol	2be0f28cab74e2b56a09d8042e9bc7ac		2	44348910	ENSG00000143919	CAMKMT	0.11594130843877792
GCST90018961	LDL cholesterol	68cf5608a39c0976798392581e32f22f		1	56198088	ENSG00000162407	PLPP3	0.3502728044986725
GCST90018961	LDL cholesterol	68cf5608a39c0976798392581e32f22f		1	56198088	ENSG00000162409	PRKAA2	0.09773114323616028
GCST90018961	LDL cholesterol	b9f5538804a9de01fa2e41dc51fdcae5		16	72063928	ENSG00000261701	HPR	0.83510822057724
GCST90018961	LDL cholesterol	b9f5538804a9de01fa2e41dc51fdcae5		16	72063928	ENSG00000257017	HP	0.6645826697349548
GCST90018961	LDL cholesterol	22e20563d8861e24371cf107fcf3e539		16	72755705	ENSG00000140836	ZFHX3	0.6132568717002869
GCST90018961	LDL cholesterol	bf63f17c44cfa0212c53e71603f9b97e		2	120548864	ENSG00000163083	INHBB	0.8306087851524353
GCST90018961	LDL cholesterol	bf63f17c44cfa0212c53e71603f9b97e		2	120548864	ENSG00000074047	GLI2	0.5071225762367249
GCST90018961	LDL cholesterol	bf63f17c44cfa0212c53e71603f9b97e		2	120548864	ENSG00000144118	RALB	0.052790455520153046
GCST90018961	LDL cholesterol	c687682a2a3c0a4ee228c50f24e1d746		10	100233804	ENSG00000213341	CHUK	0.4753371775150299
GCST90018961	LDL cholesterol	c687682a2a3c0a4ee228c50f24e1d746		10	100233804	ENSG00000095485	CWF19L1	0.2551270127296448
GCST90018961	LDL cholesterol	c687682a2a3c0a4ee228c50f24e1d746		10	100233804	ENSG00000196072	BLOC1S2	0.07623039931058884
GCST90018961	LDL cholesterol	c687682a2a3c0a4ee228c50f24e1d746		10	100233804	ENSG00000107566	ERLIN1	0.07040553539991379
GCST90018961	LDL cholesterol	574715f7caad47855fab9b3d3f461fd7		1	62441924	ENSG00000132855	ANGPTL3	0.5097703337669373
GCST90018961	LDL cholesterol	574715f7caad47855fab9b3d3f461fd7		1	62441924	ENSG00000162607	USP1	0.5002323389053345
GCST90018961	LDL cholesterol	574715f7caad47855fab9b3d3f461fd7		1	62441924	ENSG00000116641	DOCK7	0.06596986204385757
GCST90018961	LDL cholesterol	01bb332ec702ee31243086470c009239		2	21041028	ENSG00000084674	APOB	0.9585221409797668
GCST90018961	LDL cholesterol	0ab97c0bd40b41db7fe008d21c862ff3		1	55587242	ENSG00000162402	USP24	0.46977290511131287
GCST90018961	LDL cholesterol	69853e7ad01555dcddc027a052f17a79		1	54538531	ENSG00000162390	ACOT11	0.8213890194892883
GCST90018961	LDL cholesterol	a00de9e05aefc287a40ae1e12a7fe10c		1	55039974	ENSG00000169174	PCSK9	0.9535644054412842
GCST90018961	LDL cholesterol	89b04294a983116189f1ab7db2ec404b		11	66474739	ENSG00000174516	PELI3	0.09417387843132019
GCST90018961	LDL cholesterol	89b04294a983116189f1ab7db2ec404b		11	66474739	ENSG00000254986	DPP3	0.0924418568611145
GCST90018961	LDL cholesterol	89b04294a983116189f1ab7db2ec404b		11	66474739	ENSG00000174165	ZDHHC24	0.054964516311883926
GCST90018961	LDL cholesterol	6cf5eb2a89d3c950c5aedb85c17c9d34		11	18617620	ENSG00000179119	SPTY2D1	0.596791684627533
GCST90018961	LDL cholesterol	6cf5eb2a89d3c950c5aedb85c17c9d34		11	18617620	ENSG00000247595	MISFA	0.0763837993144989
GCST90018961	LDL cholesterol	6cf5eb2a89d3c950c5aedb85c17c9d34		11	18617620	ENSG00000151116	UEVLD	0.07535945624113083
GCST90018961	LDL cholesterol	9419caf14e3cbbd49f9f40f97e2ed661		16	56956804	ENSG00000087237	CETP	0.8981325030326843
GCST90018961	LDL cholesterol	b4d52561af415f51c80ef89dfede96ed		10	122927140	ENSG00000119965	C10orf88	0.4793702960014343
GCST90018961	LDL cholesterol	b4d52561af415f51c80ef89dfede96ed		10	122927140	ENSG00000213185	FAM24B	0.2169683873653412
GCST90018961	LDL cholesterol	b4d52561af415f51c80ef89dfede96ed		10	122927140	ENSG00000203795	FAM24A	0.0915830135345459
GCST90018961	LDL cholesterol	bc75aae400a9f44d229733de67732cb1		5	156972028	ENSG00000145850	TIMD4	0.9441978931427002
GCST90018961	LDL cholesterol	3884758d9faaf274179a571683adbace		2	118087545	ENSG00000125629	INSIG2	0.6527026891708374
GCST90018961	LDL cholesterol	3884758d9faaf274179a571683adbace		2	118087545	ENSG00000125633	CCDC93	0.07850804924964905
GCST90018961	LDL cholesterol	b9619cbc0db9c76d60d91e4fa9c82135		7	21560189	ENSG00000105877	DNAH11	0.8845310807228088
GCST90018961	LDL cholesterol	b9619cbc0db9c76d60d91e4fa9c82135		7	21560189	ENSG00000164649	CDCA7L	0.05482611432671547
GCST90018961	LDL cholesterol	8a9fee840c78ce62872906f5d6437d2b		6	116003979	ENSG00000111816	FRK	0.8650142550468445
GCST90018961	LDL cholesterol	8a9fee840c78ce62872906f5d6437d2b		6	116003979	ENSG00000178425	NT5DC1	0.13519667088985443
GCST90018961	LDL cholesterol	8a9fee840c78ce62872906f5d6437d2b		6	116003979	ENSG00000123500	COL10A1	0.06679859012365341
GCST90018961	LDL cholesterol	6edd6c6d1d4da6f3128b9f406844fea3		4	80243569	ENSG00000138675	FGF5	0.9294308423995972
GCST90018961	LDL cholesterol	6edd6c6d1d4da6f3128b9f406844fea3		4	80243569	ENSG00000152784	PRDM8	0.07427991926670074
GCST90018961	LDL cholesterol	6edd6c6d1d4da6f3128b9f406844fea3		4	80243569	ENSG00000197826	CFAP299	0.06502867490053177
GCST90018961	LDL cholesterol	ee397365e6296259e78f781ea0a7e157		7	25952206	ENSG00000050344	NFE2L3	0.5309517979621887
GCST90018961	LDL cholesterol	ee397365e6296259e78f781ea0a7e157		7	25952206	ENSG00000122565	CBX3	0.08950866013765335
GCST90018961	LDL cholesterol	ee397365e6296259e78f781ea0a7e157		7	25952206	ENSG00000122566	HNRNPA2B1	0.06600290536880493
GCST90018961	LDL cholesterol	e163fef6d1bb8692e0b9e969c5b4c90d		19	45933306	ENSG00000176182	MYPOP	0.05778051167726517
GCST90018961	LDL cholesterol	e163fef6d1bb8692e0b9e969c5b4c90d		19	45933306	ENSG00000188425	NANOS2	0.05201997607946396
GCST90018961	LDL cholesterol	84acf3a6fa4fc111ea89339d0d430350		14	70346594	ENSG00000133983	COX16	0.29345282912254333
GCST90018961	LDL cholesterol	25fe9b2d4ef35fba8afff43e6c615a1d		3	142930002	ENSG00000188582	PAQR9	0.4721786081790924
GCST90018961	LDL cholesterol	25fe9b2d4ef35fba8afff43e6c615a1d		3	142930002	ENSG00000163710	PCOLCE2	0.33063867688179016
GCST90018961	LDL cholesterol	25fe9b2d4ef35fba8afff43e6c615a1d		3	142930002	ENSG00000163714	U2SURP	0.06884638220071793
GCST90018961	LDL cholesterol	0989980ade18b9268d3fe6f191f28819		19	45409992	ENSG00000117877	POLR1G	0.4356125295162201
GCST90018961	LDL cholesterol	0989980ade18b9268d3fe6f191f28819		19	45409992	ENSG00000104881	PPP1R13L	0.10628219693899155
GCST90018961	LDL cholesterol	c361ad0ce3591d0e26ec3464e72de7b6		2	108403926	ENSG00000135968	GCC2	0.3393058478832245
GCST90018961	LDL cholesterol	c361ad0ce3591d0e26ec3464e72de7b6		2	108403926	ENSG00000169756	LIMS1	0.32782280445098877
GCST90018961	LDL cholesterol	c361ad0ce3591d0e26ec3464e72de7b6		2	108403926	ENSG00000198075	SULT1C4	0.12812405824661255
GCST90018961	LDL cholesterol	c047e10b0e6b932588b54e966f0f2cd8		X	110458636	ENSG00000243978	RTL9	0.4881034791469574
GCST90018961	LDL cholesterol	c047e10b0e6b932588b54e966f0f2cd8		X	110458636	ENSG00000225366	CRIPTO3	0.1643015742301941
GCST90018961	LDL cholesterol	c047e10b0e6b932588b54e966f0f2cd8		X	110458636	ENSG00000101938	CHRDL1	0.15744496881961823
GCST90018961	LDL cholesterol	8b6b40aff8b298a9a87250efe0a2497c		12	120978847	ENSG00000135100	HNF1A	0.9067783951759338
GCST90018961	LDL cholesterol	8b6b40aff8b298a9a87250efe0a2497c		12	120978847	ENSG00000157895	C12orf43	0.05971914529800415
GCST90018961	LDL cholesterol	c967357f7e2ebffcb3d8b2121872c445		7	44544952	ENSG00000015520	NPC1L1	0.8426823019981384
GCST90018961	LDL cholesterol	c967357f7e2ebffcb3d8b2121872c445		7	44544952	ENSG00000158604	TMED4	0.08190088719129562
GCST90018961	LDL cholesterol	c967357f7e2ebffcb3d8b2121872c445		7	44544952	ENSG00000015676	NUDCD3	0.06167445331811905
GCST90018961	LDL cholesterol	b06d29ce6e486bc05c9da635a1b06c54		13	113844399	ENSG00000183087	GAS6	0.8633999228477478
GCST90018961	LDL cholesterol	66ce13936dafee86dae475701a5e0b75		12	8923911	ENSG00000111752	PHC1	0.808376133441925
GCST90018961	LDL cholesterol	66ce13936dafee86dae475701a5e0b75		12	8923911	ENSG00000003056	M6PR	0.1349787563085556
GCST90018961	LDL cholesterol	a034fa8e3125e6416e88d25089e5e4b5		6	42966762	ENSG00000124713	GNMT	0.7137904167175293
GCST90018961	LDL cholesterol	a034fa8e3125e6416e88d25089e5e4b5		6	42966762	ENSG00000124587	PEX6	0.3693740665912628
GCST90018961	LDL cholesterol	a034fa8e3125e6416e88d25089e5e4b5		6	42966762	ENSG00000124733	MEA1	0.08212242275476456
GCST90018961	LDL cholesterol	a034fa8e3125e6416e88d25089e5e4b5		6	42966762	ENSG00000112640	PPP2R5D	0.06928232312202454
GCST90018961	LDL cholesterol	e6906941d10d078cfc9502a7111b3622		8	73986906	ENSG00000175606	TMEM70	0.6887401342391968
GCST90018961	LDL cholesterol	e6906941d10d078cfc9502a7111b3622		8	73986906	ENSG00000154582	ELOC	0.5579248666763306
GCST90018961	LDL cholesterol	e6906941d10d078cfc9502a7111b3622		8	73986906	ENSG00000154589	LY96	0.4888642728328705
GCST90018961	LDL cholesterol	01028817e463271f3a5d4e4d95f79d32		3	12198431	ENSG00000157150	TIMP4	0.3875420391559601
GCST90018961	LDL cholesterol	01028817e463271f3a5d4e4d95f79d32		3	12198431	ENSG00000132170	PPARG	0.11465197056531906
GCST90018961	LDL cholesterol	01028817e463271f3a5d4e4d95f79d32		3	12198431	ENSG00000157152	SYN2	0.0541880764067173
GCST90018961	LDL cholesterol	5a40c7755df6daa6cdef8e2564259e74		2	19952767	ENSG00000118965	WDR35	0.7569476366043091
GCST90018961	LDL cholesterol	5a40c7755df6daa6cdef8e2564259e74		2	19952767	ENSG00000183891	TTC32	0.09212331473827362
GCST90018961	LDL cholesterol	0135b59916d5367187e7fae269af3335		12	124827879	ENSG00000073060	SCARB1	0.5998340249061584
GCST90018961	LDL cholesterol	114ac551a04ed6cc3f608bd288792481		14	94301859	ENSG00000140093	SERPINA10	0.08300469070672989
GCST90018961	LDL cholesterol	114ac551a04ed6cc3f608bd288792481		14	94301859	ENSG00000119698	PPP4R4	0.08267126977443695
GCST90018961	LDL cholesterol	6ad7ecc072d989404f57acf3007a8e78		20	35559863	ENSG00000125991	ERGIC3	0.765946090221405
GCST90018961	LDL cholesterol	6ad7ecc072d989404f57acf3007a8e78		20	35559863	ENSG00000125975	C20orf173	0.08377811312675476
GCST90018961	LDL cholesterol	6ad7ecc072d989404f57acf3007a8e78		20	35559863	ENSG00000214078	CPNE1	0.05639484152197838
GCST90018961	LDL cholesterol	5bdf553eaa73d382372c37e7c755609f		6	100173055	ENSG00000152034	MCHR2	0.5527064204216003
GCST90018961	LDL cholesterol	5bdf553eaa73d382372c37e7c755609f		6	100173055	ENSG00000112246	SIM1	0.09530762583017349
GCST90018961	LDL cholesterol	5bdf553eaa73d382372c37e7c755609f		6	100173055	ENSG00000112249	ASCC3	0.08881174027919769
GCST90018961	LDL cholesterol	44f481937a9b628ce734f3ae89e2c2e4		11	61820833	ENSG00000134824	FADS2	0.5480537414550781
GCST90018961	LDL cholesterol	44f481937a9b628ce734f3ae89e2c2e4		11	61820833	ENSG00000149485	FADS1	0.42166829109191895
GCST90018961	LDL cholesterol	44f481937a9b628ce734f3ae89e2c2e4		11	61820833	ENSG00000134825	TMEM258	0.20339009165763855
GCST90018961	LDL cholesterol	44f481937a9b628ce734f3ae89e2c2e4		11	61820833	ENSG00000124920	MYRF	0.11265481263399124
GCST90018961	LDL cholesterol	67abb5fe8a8a7c1315346318086448d6		18	49583585	ENSG00000101670	LIPG	0.9101004600524902
GCST90018961	LDL cholesterol	0045c49647b1b97a649cff53fd5d9250		17	66232877	ENSG00000091583	APOH	0.9735235571861267
GCST90018961	LDL cholesterol	6072dea095fca85139d79cbc6e4500b0		9	128704210	ENSG00000160447	PKN3	0.9675590395927429
GCST90018961	LDL cholesterol	6072dea095fca85139d79cbc6e4500b0		9	128704210	ENSG00000160446	ZDHHC12	0.05861280858516693
GCST90018961	LDL cholesterol	aac674cf4975566cd3613b12ec233b8b		6	160063289	ENSG00000197081	IGF2R	0.7153377532958984
GCST90018961	LDL cholesterol	aac674cf4975566cd3613b12ec233b8b		6	160063289	ENSG00000175003	SLC22A1	0.23920823633670807
GCST90018961	LDL cholesterol	debc97ab61e656fc17838bcbe08831b2		6	34635914	ENSG00000196821	ILRUN	0.6506367921829224
GCST90018961	LDL cholesterol	debc97ab61e656fc17838bcbe08831b2		6	34635914	ENSG00000124562	SNRPC	0.08930857479572296
GCST90018961	LDL cholesterol	debc97ab61e656fc17838bcbe08831b2		6	34635914	ENSG00000065060	BLTP3A	0.07480503618717194
GCST90018961	LDL cholesterol	b3d527c8e4ec5644e03277eb67d67a9e		6	160564494	ENSG00000198670	LPA	0.7740503549575806
GCST90018961	LDL cholesterol	b3d527c8e4ec5644e03277eb67d67a9e		6	160564494	ENSG00000122194	PLG	0.29008567333221436
GCST90018961	LDL cholesterol	3ac7b62304a1bc84e0d460d5b1d38c85		2	63021833	ENSG00000115504	EHBP1	0.35256919264793396
GCST90018961	LDL cholesterol	3ac7b62304a1bc84e0d460d5b1d38c85		2	63021833	ENSG00000115507	OTX1	0.32260891795158386
GCST90018961	LDL cholesterol	10221c1112ecfd7f9561129871752bba		11	103999913	ENSG00000170962	PDGFD	0.5022578239440918
GCST90018961	LDL cholesterol	10221c1112ecfd7f9561129871752bba		11	103999913	ENSG00000170967	DDI1	0.21488380432128906
GCST90018961	LDL cholesterol	084e97673cc04b9838f43b44d57bd8a0		17	69672727	ENSG00000108984	MAP2K6	0.35022538900375366
GCST90018961	LDL cholesterol	084e97673cc04b9838f43b44d57bd8a0		17	69672727	ENSG00000153822	KCNJ16	0.07507272064685822
GCST90018961	LDL cholesterol	da3c9e4808b3b31a88a73d27a1515a2b		3	120094435	ENSG00000082701	GSK3B	0.8623844981193542
GCST90018961	LDL cholesterol	17efe048a5f17fdfdc0e48345626cacf		17	69085137	ENSG00000154262	ABCA6	0.8971921801567078
GCST90018961	LDL cholesterol	6ff3373c24d1cfb5ddf72087243e2a2e		3	58412488	ENSG00000168291	PDHB	0.27174800634384155
GCST90018961	LDL cholesterol	6ff3373c24d1cfb5ddf72087243e2a2e		3	58412488	ENSG00000168297	PXK	0.23516319692134857
GCST90018961	LDL cholesterol	6ff3373c24d1cfb5ddf72087243e2a2e		3	58412488	ENSG00000163684	RPP14	0.0771603211760521
GCST90018961	LDL cholesterol	6ff3373c24d1cfb5ddf72087243e2a2e		3	58412488	ENSG00000255154	HTD2	0.0696190595626831
GCST90018961	LDL cholesterol	d702b0c81c299208d7279502a854db72		3	122566371	ENSG00000163840	DTX3L	0.8194785118103027
GCST90018961	LDL cholesterol	d702b0c81c299208d7279502a854db72		3	122566371	ENSG00000138496	PARP9	0.7905089259147644
GCST90018961	LDL cholesterol	d702b0c81c299208d7279502a854db72		3	122566371	ENSG00000173200	PARP15	0.06480620056390762
GCST90018961	LDL cholesterol	d702b0c81c299208d7279502a854db72		3	122566371	ENSG00000114030	KPNA1	0.061736997216939926
GCST90018961	LDL cholesterol	cc33e050109205e29cb8ce2979d919cf		1	10738432	ENSG00000130940	CASZ1	0.7648301124572754
GCST90018961	LDL cholesterol	5d6c34f1e397a8d817c7716dd56beddb		3	132498859	ENSG00000138246	DNAJC13	0.9120106101036072
GCST90018961	LDL cholesterol	66297133572a9ddcd8f313ff850c3a1d		19	20117044	ENSG00000213988	ZNF90	0.5610920786857605
GCST90018961	LDL cholesterol	66297133572a9ddcd8f313ff850c3a1d		19	20117044	ENSG00000256229	ZNF486	0.11813163757324219
GCST90018961	LDL cholesterol	d1d4f0d495a8f36c85709d58f9363021		1	26853597	ENSG00000204160	ZDHHC18	0.7682523131370544
GCST90018961	LDL cholesterol	d1d4f0d495a8f36c85709d58f9363021		1	26853597	ENSG00000175793	SFN	0.08375745266675949
GCST90018961	LDL cholesterol	8d9972c4ac4247be1465158ebb85c47d		4	68507689	ENSG00000087128	TMPRSS11E	0.8097089529037476
GCST90018961	LDL cholesterol	8d9972c4ac4247be1465158ebb85c47d		4	68507689	ENSG00000197888	UGT2B17	0.47686508297920227
GCST90018961	LDL cholesterol	873b68c6526a64675ee67bfa46fa7976		4	154568456	ENSG00000171564	FGB	0.935853898525238
GCST90018961	LDL cholesterol	873b68c6526a64675ee67bfa46fa7976		4	154568456	ENSG00000171560	FGA	0.13102959096431732
GCST90018961	LDL cholesterol	2915c98806c65736bdea2fb232d70947		11	126357828	ENSG00000110080	ST3GAL4	0.8683076500892639
GCST90018961	LDL cholesterol	703cc22d4c550458035cbb1fc9244049		7	2256917	ENSG00000106266	SNX8	0.9017691016197205
GCST90018961	LDL cholesterol	703cc22d4c550458035cbb1fc9244049		7	2256917	ENSG00000106268	NUDT1	0.081932432949543
GCST90018961	LDL cholesterol	24f380f9864f6bb62135c8ed028a052b		14	24402720	ENSG00000205978	NYNRIN	0.4361358880996704
GCST90018961	LDL cholesterol	59b625c3f8b752f5bff9435de5d0ef59		1	199025490	ENSG00000081237	PTPRC	0.3414119482040405
GCST90018961	LDL cholesterol	3c411c7f12c2b619ac74ffc1f2a4b7b4		5	123500112	ENSG00000151292	CSNK1G3	0.7158394455909729
GCST90018961	LDL cholesterol	3c411c7f12c2b619ac74ffc1f2a4b7b4		5	123500112	ENSG00000061455	PRDM6	0.06165001541376114
GCST90018961	LDL cholesterol	3c411c7f12c2b619ac74ffc1f2a4b7b4		5	123500112	ENSG00000168944	CEP120	0.058349233120679855
GCST90018961	LDL cholesterol	3c411c7f12c2b619ac74ffc1f2a4b7b4		5	123500112	ENSG00000064652	SNX24	0.05765634402632713
GCST90018961	LDL cholesterol	defb06890e276112f09fa974b4d1ed24		1	174947230	ENSG00000152061	RABGAP1L	0.25636276602745056
GCST90018961	LDL cholesterol	91eb0102bac98137e886f92077716dfd		7	98247392	ENSG00000205356	TECPR1	0.41890573501586914
GCST90018961	LDL cholesterol	91eb0102bac98137e886f92077716dfd		7	98247392	ENSG00000164713	BRI3	0.286288857460022
GCST90018961	LDL cholesterol	a7188f7ae7369016831704ab57d4e13f		12	514259	ENSG00000139044	B4GALNT3	0.7768388986587524
GCST90018961	LDL cholesterol	c024c9583064b316dde945283cb3d20b		22	40918008	ENSG00000196236	XPNPEP3	0.4987945556640625
GCST90018961	LDL cholesterol	c024c9583064b316dde945283cb3d20b		22	40918008	ENSG00000100387	RBX1	0.3052661120891571
GCST90018961	LDL cholesterol	c024c9583064b316dde945283cb3d20b		22	40918008	ENSG00000172404	DNAJB7	0.056875959038734436
GCST90018961	LDL cholesterol	58d00b9f265af55e9715d4cf82e680d2		5	52799190	ENSG00000152684	PELO	0.8918337821960449
GCST90018961	LDL cholesterol	58d00b9f265af55e9715d4cf82e680d2		5	52799190	ENSG00000213949	ITGA1	0.5435444712638855
GCST90018961	LDL cholesterol	3aadf360f2bbb025b90590e02a2cae08		16	11612244	ENSG00000189067	LITAF	0.7547717094421387
GCST90018961	LDL cholesterol	3aadf360f2bbb025b90590e02a2cae08		16	11612244	ENSG00000184602	SNN	0.057119131088256836
GCST90018961	LDL cholesterol	3aadf360f2bbb025b90590e02a2cae08		16	11612244	ENSG00000188897	ENSG00000188897	0.050627030432224274
GCST90018961	LDL cholesterol	edd861805f23115e142934ad9a52c1f6		8	54529239	ENSG00000164736	SOX17	0.2881567180156708
GCST90018961	LDL cholesterol	edd861805f23115e142934ad9a52c1f6		8	54529239	ENSG00000104237	RP1	0.05501478165388107
GCST90018961	LDL cholesterol	10d144083af59e763d334e0aea3ae0e9		10	112190660	ENSG00000119927	GPAM	0.8506403565406799
GCST90018961	LDL cholesterol	c8e503c98325c8382a11dba000448818		19	19283081	ENSG00000105705	SUGP1	0.2762681543827057
GCST90018961	LDL cholesterol	c8e503c98325c8382a11dba000448818		19	19283081	ENSG00000129933	MAU2	0.08870986849069595
GCST90018961	LDL cholesterol	c8e503c98325c8382a11dba000448818		19	19283081	ENSG00000213996	TM6SF2	0.07656840234994888
GCST90018961	LDL cholesterol	ebd17549f6ad06f0b77109b1da3f6d02		1	25469095	ENSG00000188672	RHCE	0.3098326325416565
GCST90018961	LDL cholesterol	ebd17549f6ad06f0b77109b1da3f6d02		1	25469095	ENSG00000204178	MACO1	0.22457799315452576
GCST90018961	LDL cholesterol	ebd17549f6ad06f0b77109b1da3f6d02		1	25469095	ENSG00000183726	TMEM50A	0.06695226579904556
GCST90018961	LDL cholesterol	89d5fc0d1918f15d45e078a52e242b2b		8	58480714	ENSG00000167910	CYP7A1	0.28222164511680603
GCST90018961	LDL cholesterol	89d5fc0d1918f15d45e078a52e242b2b		8	58480714	ENSG00000137575	SDCBP	0.09624645859003067
GCST90018961	LDL cholesterol	89d5fc0d1918f15d45e078a52e242b2b		8	58480714	ENSG00000215114	UBXN2B	0.08323050290346146
GCST90018961	LDL cholesterol	d4ebf073c38572e8eceb225cd04643fd		1	92531252	ENSG00000162676	GFI1	0.4035215675830841
GCST90018961	LDL cholesterol	d4ebf073c38572e8eceb225cd04643fd		1	92531252	ENSG00000067208	EVI5	0.22296668589115143
GCST90018961	LDL cholesterol	7f2d696c302e860640aceac13916404b		10	114038188	ENSG00000043591	ADRB1	0.8654581308364868
GCST90018961	LDL cholesterol	5475e547edaa7bcb5c7a26f0eefdd0c1		5	72553980	ENSG00000178175	ZNF366	0.6200599670410156
GCST90018961	LDL cholesterol	f46b3ba851ba0b961cb9a27a5ba78103		10	50814012	ENSG00000148584	A1CF	0.8788008093833923
GCST90018961	LDL cholesterol	21df6811ade367de1ecacb5b87505038		13	28029870	ENSG00000122025	FLT3	0.7250582575798035
GCST90018961	LDL cholesterol	21df6811ade367de1ecacb5b87505038		13	28029870	ENSG00000183463	URAD	0.1341627687215805
GCST90018961	LDL cholesterol	a1879f34abd683bd48d10569ec8a429c		9	136425617	ENSG00000148384	INPP5E	0.6620721817016602
GCST90018961	LDL cholesterol	a1879f34abd683bd48d10569ec8a429c		9	136425617	ENSG00000165688	PMPCA	0.4959630072116852
GCST90018961	LDL cholesterol	a1879f34abd683bd48d10569ec8a429c		9	136425617	ENSG00000165684	SNAPC4	0.3048888146877289
GCST90018961	LDL cholesterol	a1879f34abd683bd48d10569ec8a429c		9	136425617	ENSG00000165689	ENTR1	0.2603704333305359
GCST90018961	LDL cholesterol	a1879f34abd683bd48d10569ec8a429c		9	136425617	ENSG00000148396	SEC16A	0.07507990300655365
GCST90018961	LDL cholesterol	1bd6e9cdce4f81befdcb31813c00a63f		17	7166093	ENSG00000161955	TNFSF13	0.28436478972435
GCST90018961	LDL cholesterol	1bd6e9cdce4f81befdcb31813c00a63f		17	7166093	ENSG00000141505	ASGR1	0.05404283106327057
GCST90018961	LDL cholesterol	d74da1944eec8d9c69277409e3e7b149		19	15693940	ENSG00000186204	CYP4F12	0.7217981815338135
GCST90018961	LDL cholesterol	d74da1944eec8d9c69277409e3e7b149		19	15693940	ENSG00000171942	OR10H2	0.06669238954782486
GCST90018961	LDL cholesterol	c4b822fc24d1e4d23a2d5b919c13ca05		3	32485726	ENSG00000091317	CMTM6	0.8336046934127808
GCST90018961	LDL cholesterol	adb3cf0aa4107a0ee9419dfaa3c58800		12	111730205	ENSG00000111271	ACAD10	0.7376888990402222
GCST90018961	LDL cholesterol	adb3cf0aa4107a0ee9419dfaa3c58800		12	111730205	ENSG00000111275	ALDH2	0.10231300443410873
GCST90018961	LDL cholesterol	adb3cf0aa4107a0ee9419dfaa3c58800		12	111730205	ENSG00000089234	BRAP	0.10145552456378937
GCST90018961	LDL cholesterol	5fb00855a6a8f19fa4322ded3047a6e5		6	135090090	ENSG00000112339	HBS1L	0.834228515625
GCST90018961	LDL cholesterol	5fb00855a6a8f19fa4322ded3047a6e5		6	135090090	ENSG00000118513	MYB	0.07591482996940613
GCST90018961	LDL cholesterol	5fb00855a6a8f19fa4322ded3047a6e5		6	135090090	ENSG00000118514	ALDH8A1	0.06397756934165955
GCST90018961	LDL cholesterol	4335a6364a9bfaa734932fabe9c965a3		19	11091518	ENSG00000130164	LDLR	0.8085923790931702
GCST90018961	LDL cholesterol	ca0d062ccc1e05cf09e81ecd9c9597fb		17	29308385	ENSG00000108256	NUFIP2	0.7576673626899719
GCST90018961	LDL cholesterol	ca0d062ccc1e05cf09e81ecd9c9597fb		17	29308385	ENSG00000108255	CRYBA1	0.06232627481222153
GCST90018961	LDL cholesterol	496ca21dbc093f11b51e96ddecd5cf68		2	157608337	ENSG00000123612	ACVR1C	0.8253684043884277
GCST90018961	LDL cholesterol	e7c92b02f2457e83d51dfcfb84124ced		9	22081851	ENSG00000147883	CDKN2B	0.659356415271759
GCST90018961	LDL cholesterol	e7c92b02f2457e83d51dfcfb84124ced		9	22081851	ENSG00000147889	CDKN2A	0.1983286738395691
GCST90018961	LDL cholesterol	0988f36657aa8d95b558bd442f4c8d21		2	28033964	ENSG00000158019	BABAM2	0.7672123908996582
GCST90018961	LDL cholesterol	0988f36657aa8d95b558bd442f4c8d21		2	28033964	ENSG00000171174	RBKS	0.6088659763336182
GCST90018961	LDL cholesterol	0988f36657aa8d95b558bd442f4c8d21		2	28033964	ENSG00000243147	MRPL33	0.07776562124490738
GCST90018961	LDL cholesterol	0988f36657aa8d95b558bd442f4c8d21		2	28033964	ENSG00000221843	SPATA31H1	0.062493935227394104
GCST90018961	LDL cholesterol	e047e273c642e337722d1e6c9a22a623		17	78391282	ENSG00000087157	PGS1	0.7679793834686279
GCST90018961	LDL cholesterol	f6a46823a94715de7baaf30ca6f269fe		1	109274968	ENSG00000134243	SORT1	0.9849106669425964
GCST90018961	LDL cholesterol	f6a46823a94715de7baaf30ca6f269fe		1	109274968	ENSG00000143126	CELSR2	0.9374198317527771
GCST90018961	LDL cholesterol	f6a46823a94715de7baaf30ca6f269fe		1	109274968	ENSG00000134222	PSRC1	0.6282046437263489
GCST90018961	LDL cholesterol	185a9fb94d12a20997085ab4d54608ef		19	48702888	ENSG00000176920	FUT2	0.8349640965461731
GCST90018961	LDL cholesterol	185a9fb94d12a20997085ab4d54608ef		19	48702888	ENSG00000105538	RASIP1	0.08305217325687408
GCST90018961	LDL cholesterol	185a9fb94d12a20997085ab4d54608ef		19	48702888	ENSG00000176909	MAMSTR	0.05997377634048462
GCST90018961	LDL cholesterol	36d7ed41b6d2f1d0702e46955602fcf7		X	2952970	ENSG00000157399	ARSL	0.9259074926376343
GCST90018961	LDL cholesterol	36d7ed41b6d2f1d0702e46955602fcf7		X	2952970	ENSG00000006756	ARSD	0.1596008688211441
GCST90018961	LDL cholesterol	36d7ed41b6d2f1d0702e46955602fcf7		X	2952970	ENSG00000205667	ARSH	0.08578646928071976
GCST90018961	LDL cholesterol	a74e50ba9e6269aeb528118c7fd624e3		20	44413724	ENSG00000101076	HNF4A	0.9096454977989197
GCST90018961	LDL cholesterol	bf09341815ed188d5188d540c1d62933		4	3468249	ENSG00000175920	DOK7	0.8596519231796265
GCST90018961	LDL cholesterol	bf1f7b35f778e9c9271862f8c12e10bb		11	5679844	ENSG00000132256	TRIM5	0.7200782895088196
GCST90018961	LDL cholesterol	bf1f7b35f778e9c9271862f8c12e10bb		11	5679844	ENSG00000132274	TRIM22	0.05597348138689995
GCST90018961	LDL cholesterol	3f04977344f45d1b9055ca4dd3397c72		19	18223633	ENSG00000105650	PDE4C	0.42061296105384827
GCST90018961	LDL cholesterol	3f04977344f45d1b9055ca4dd3397c72		19	18223633	ENSG00000216490	IFI30	0.16719408333301544
GCST90018961	LDL cholesterol	3f04977344f45d1b9055ca4dd3397c72		19	18223633	ENSG00000254858	MPV17L2	0.08598119765520096
GCST90018961	LDL cholesterol	be0092989cce73bf6ab542ae3064a01f		17	7667762	ENSG00000141510	TP53	0.05451159551739693
GCST90018961	LDL cholesterol	b6a61f54a17f415e5699755fa6946255		20	64278167	ENSG00000203880	PCMTD2	0.19000627100467682
GCST90018961	LDL cholesterol	bc4f416ddc766c2a4fc11c7188b6a70a		17	31385360	ENSG00000126861	OMG	0.23979833722114563
GCST90018961	LDL cholesterol	bc4f416ddc766c2a4fc11c7188b6a70a		17	31385360	ENSG00000196712	NF1	0.1780809909105301
GCST90018961	LDL cholesterol	bc4f416ddc766c2a4fc11c7188b6a70a		17	31385360	ENSG00000131242	RAB11FIP4	0.12879829108715057
GCST90018961	LDL cholesterol	bc4f416ddc766c2a4fc11c7188b6a70a		17	31385360	ENSG00000126860	EVI2A	0.08877594769001007
GCST90018961	LDL cholesterol	bc4f416ddc766c2a4fc11c7188b6a70a		17	31385360	ENSG00000185862	EVI2B	0.05198616907000542
GCST90018961	LDL cholesterol	9e5c3146e60d963355b2b47505e5292d		8	125487789	ENSG00000173334	TRIB1	0.6623505353927612
GCST90018961	LDL cholesterol	ff8ff24405413d98a14f55bbc506f21d		20	17864040	ENSG00000125871	MGME1	0.4385699927806854
GCST90018961	LDL cholesterol	ff8ff24405413d98a14f55bbc506f21d		20	17864040	ENSG00000089006	SNX5	0.11326463520526886
GCST90018961	LDL cholesterol	90183e55ac920e2d645046009294e062		8	6707055	ENSG00000155189	AGPAT5	0.7812193036079407
GCST90018961	LDL cholesterol	75bf5d67048a8c29dba717c08ba592e2		13	32402503	ENSG00000139597	N4BP2L1	0.8334364891052246
GCST90018961	LDL cholesterol	0dd2c856dbe29bb83732459c6e1ec406		8	18415790	ENSG00000156006	NAT2	0.5686109662055969
GCST90018961	LDL cholesterol	0dd2c856dbe29bb83732459c6e1ec406		8	18415790	ENSG00000078674	PCM1	0.08026731759309769
GCST90018961	LDL cholesterol	0dd2c856dbe29bb83732459c6e1ec406		8	18415790	ENSG00000171428	NAT1	0.07970263808965683
GCST90018961	LDL cholesterol	0dd2c856dbe29bb83732459c6e1ec406		8	18415790	ENSG00000156011	PSD3	0.07322114706039429
GCST90018961	LDL cholesterol	87355bc285d9947a715a90146f9eb401		4	99687642	ENSG00000145331	TRMT10A	0.193113312125206
GCST90018961	LDL cholesterol	87355bc285d9947a715a90146f9eb401		4	99687642	ENSG00000248713	C4orf54	0.11232473701238632
GCST90018961	LDL cholesterol	87355bc285d9947a715a90146f9eb401		4	99687642	ENSG00000138823	MTTP	0.08429897576570511
GCST90018961	LDL cholesterol	87355bc285d9947a715a90146f9eb401		4	99687642	ENSG00000138813	C4orf17	0.0802597850561142
GCST90018961	LDL cholesterol	55d84a79d486a9de9b90aa3bd6411b5f		12	112927816	ENSG00000111331	OAS3	0.8213890194892883
GCST90018961	LDL cholesterol	55d84a79d486a9de9b90aa3bd6411b5f		12	112927816	ENSG00000089127	OAS1	0.1350736916065216
GCST90018961	LDL cholesterol	55d84a79d486a9de9b90aa3bd6411b5f		12	112927816	ENSG00000111335	OAS2	0.05207512155175209
GCST90018961	LDL cholesterol	0924445b52bda92d8910b468dd68be30		2	168974667	ENSG00000073734	ABCB11	0.8175626397132874
GCST90018961	LDL cholesterol	e79bd6e89169275e8c07c936f792db85		2	134880474	ENSG00000153086	ACMSD	0.42790719866752625
GCST90018961	LDL cholesterol	e79bd6e89169275e8c07c936f792db85		2	134880474	ENSG00000082258	CCNT2	0.3148099184036255
GCST90018961	LDL cholesterol	f4e2b7d0725ba5451710545b110d8b15		10	72932888	ENSG00000138315	OIT3	0.550258994102478
GCST90018961	LDL cholesterol	f4e2b7d0725ba5451710545b110d8b15		10	72932888	ENSG00000138308	PLA2G12B	0.0726424902677536
GCST90018961	LDL cholesterol	5ee25b40c0a2e8233bcc22943ebd18af		20	40551182	ENSG00000204103	MAFB	0.34168702363967896
GCST90018961	LDL cholesterol	a4b971b6029335bf934aac905ee03271		12	40139535	ENSG00000151229	SLC2A13	0.7741327285766602
GCST90018961	LDL cholesterol	a4b971b6029335bf934aac905ee03271		12	40139535	ENSG00000188906	LRRK2	0.3482005000114441
GCST90018961	LDL cholesterol	a4b971b6029335bf934aac905ee03271		12	40139535	ENSG00000180116	REDIC1	0.11727012693881989
GCST90018961	LDL cholesterol	3778165a189c76a4e7ed993401eda8d4		8	115647005	ENSG00000104447	TRPS1	0.9056639075279236
GCST90018961	LDL cholesterol	4a0871553f70df467d566f846012d8eb		17	47552040	ENSG00000141279	NPEPPS	0.8144538402557373
GCST90018961	LDL cholesterol	ab73757479bc35e9db69f87c594e1961		8	9325848	ENSG00000173281	PPP1R3B	0.5229524374008179
GCST90018961	LDL cholesterol	ab73757479bc35e9db69f87c594e1961		8	9325848	ENSG00000173273	TNKS	0.15800262987613678
GCST90018961	LDL cholesterol	54aae1a2066375e095f57c864ad4f6be		2	203184117	ENSG00000138380	CARF	0.23872292041778564
GCST90018961	LDL cholesterol	54aae1a2066375e095f57c864ad4f6be		2	203184117	ENSG00000138442	WDR12	0.18327011168003082
GCST90018961	LDL cholesterol	54aae1a2066375e095f57c864ad4f6be		2	203184117	ENSG00000119004	CYP20A1	0.09941107779741287
GCST90018961	LDL cholesterol	54aae1a2066375e095f57c864ad4f6be		2	203184117	ENSG00000144426	NBEAL1	0.07249454408884048
GCST90018961	LDL cholesterol	a5a5b0cd9646c3415b6538c9e0677f29		2	202663256	ENSG00000138439	FAM117B	0.8113431930541992
GCST90018961	LDL cholesterol	a5174ac88b3ac91b3eb5f5bbcfecf8b2		2	27508073	ENSG00000084734	GCKR	0.6205639839172363
GCST90018961	LDL cholesterol	89292a057bb2a197177917b2c8b6021b		22	35301619	ENSG00000100284	TOM1	0.48790857195854187
GCST90018961	LDL cholesterol	89292a057bb2a197177917b2c8b6021b		22	35301619	ENSG00000100281	HMGXB4	0.3932339549064636
GCST90018961	LDL cholesterol	c0fc11b6e0de60c4f963f7081ad40569		X	20301235	ENSG00000177189	RPS6KA3	0.7626694440841675
GCST90018961	LDL cholesterol	79c86b6d1fa47251dde6a9ccbb2e58b8		6	130073521	ENSG00000198945	L3MBTL3	0.7637657523155212
GCST90018961	LDL cholesterol	49cdacac122d5c473649ac1d91d6d414		8	29167426	ENSG00000197892	KIF13B	0.9186599254608154
GCST90018961	LDL cholesterol	15487b5cee233d949686872f8d41ff59		15	49396776	ENSG00000166262	FAM227B	0.5517593622207642
GCST90018961	LDL cholesterol	15487b5cee233d949686872f8d41ff59		15	49396776	ENSG00000140285	FGF7	0.14463956654071808
GCST90018961	LDL cholesterol	e433eee119b3e5a50383a8d655506c7d		19	49513502	ENSG00000104870	FCGRT	0.5332826972007751
GCST90018961	LDL cholesterol	e433eee119b3e5a50383a8d655506c7d		19	49513502	ENSG00000142534	RPS11	0.12267952412366867
GCST90018961	LDL cholesterol	3c73d293cfd46fc91190d8d74e66e582		10	93079885	ENSG00000095596	CYP26A1	0.5051472187042236
GCST90018961	LDL cholesterol	3c73d293cfd46fc91190d8d74e66e582		10	93079885	ENSG00000187553	CYP26C1	0.3237529695034027
GCST90018961	LDL cholesterol	fe19189cadd987545cecd25569009d69		17	28367840	ENSG00000109072	VTN	0.9552904367446899
GCST90018961	LDL cholesterol	fe19189cadd987545cecd25569009d69		17	28367840	ENSG00000004139	SARM1	0.2708874046802521
GCST90018961	LDL cholesterol	fe19189cadd987545cecd25569009d69		17	28367840	ENSG00000244045	VMA12	0.26974791288375854
GCST90018961	LDL cholesterol	fe19189cadd987545cecd25569009d69		17	28367840	ENSG00000274529	SEBOX	0.05181186646223068
GCST90018961	LDL cholesterol	a328c8e1b96c246b305f855fa4d791bf		15	58389334	ENSG00000166035	LIPC	0.8228188753128052
GCST90018961	LDL cholesterol	fa2e17741d4dca1020bb8fdf87bf5b22		7	100619150	ENSG00000106327	TFR2	0.1452692151069641
GCST90018961	LDL cholesterol	fa2e17741d4dca1020bb8fdf87bf5b22		7	100619150	ENSG00000106330	MOSPD3	0.10064136236906052
GCST90018961	LDL cholesterol	fa2e17741d4dca1020bb8fdf87bf5b22		7	100619150	ENSG00000077080	ACTL6B	0.08555933088064194
GCST90018961	LDL cholesterol	6286525d1de347dce87ba4445f0e20f3		12	57256816	ENSG00000185482	STAC3	0.07312316447496414
GCST90018961	LDL cholesterol	6286525d1de347dce87ba4445f0e20f3		12	57256816	ENSG00000175189	INHBC	0.07163997739553452
GCST90018961	LDL cholesterol	c5f3ef872e2012179004ff884fb01b57		16	83947360	ENSG00000140961	OSGIN1	0.8144545555114746
GCST90018961	LDL cholesterol	c5f3ef872e2012179004ff884fb01b57		16	83947360	ENSG00000103154	NECAB2	0.05677863955497742
GCST90018961	LDL cholesterol	c8ec49cb7109feeb129e99eb8f6c5774		2	20516662	ENSG00000143878	RHOB	0.12425645440816879
GCST90018961	LDL cholesterol	5793d0cad92d29eb91e3ede6fb7dd20d		16	70966695	ENSG00000157423	HYDIN	0.4841918349266052
GCST90018961	LDL cholesterol	5793d0cad92d29eb91e3ede6fb7dd20d		16	70966695	ENSG00000103043	VAC14	0.4340490996837616
GCST90018961	LDL cholesterol	a74b29dbe7b297ba620682cb7c52841f		16	71549956	ENSG00000198650	TAT	0.09430322796106339
GCST90018961	LDL cholesterol	a74b29dbe7b297ba620682cb7c52841f		16	71549956	ENSG00000140835	CHST4	0.09112881124019623
GCST90018961	LDL cholesterol	1158d2c18caaf4814cbffe03271973fe		1	220796686	ENSG00000186205	MTARC1	0.938687264919281
GCST90018961	LDL cholesterol	554a4cc89dca7348da0c16b5729265be		10	73585171	ENSG00000166348	USP54	0.5226137638092041
GCST90018961	LDL cholesterol	039e01171c0480e2e2d95db3a9a23929		9	104899461	ENSG00000165029	ABCA1	0.8596519231796265
GCST90018961	LDL cholesterol	d47d72ddc616dd46f9bba29a502f745d		5	132456710	ENSG00000125347	IRF1	0.16372337937355042
GCST90018961	LDL cholesterol	d47d72ddc616dd46f9bba29a502f745d		5	132456710	ENSG00000197375	SLC22A5	0.1374126672744751
GCST90018961	LDL cholesterol	d47d72ddc616dd46f9bba29a502f745d		5	132456710	ENSG00000113525	IL5	0.06786851584911346
GCST90018961	LDL cholesterol	3adcc79fc8c97a0c32b2841661dd7069		20	41256541	ENSG00000174306	ZHX3	0.7408969402313232
GCST90018961	LDL cholesterol	3adcc79fc8c97a0c32b2841661dd7069		20	41256541	ENSG00000124181	PLCG1	0.5328068137168884
GCST90018961	LDL cholesterol	3adcc79fc8c97a0c32b2841661dd7069		20	41256541	ENSG00000183798	EMILIN3	0.06942348182201385
GCST90018961	LDL cholesterol	3adcc79fc8c97a0c32b2841661dd7069		20	41256541	ENSG00000132793	LPIN3	0.06260915100574493
GCST90018961	LDL cholesterol	3adcc79fc8c97a0c32b2841661dd7069		20	41256541	ENSG00000198900	TOP1	0.05272325873374939
GCST90018961	LDL cholesterol	a19d9ba76c01d2b2b22059e73c0c170d		15	74814378	ENSG00000140506	LMAN1L	0.5187987685203552
GCST90018961	LDL cholesterol	4b1f790422e7e7b7f2225e8b59a4ac2a		2	3588888	ENSG00000118004	COLEC11	0.8192380666732788
GCST90018961	LDL cholesterol	4b1f790422e7e7b7f2225e8b59a4ac2a		2	3588888	ENSG00000171863	RPS7	0.16165977716445923
GCST90018961	LDL cholesterol	c72c68532e0c28629265a04dd0ea194b		9	2640759	ENSG00000147852	VLDLR	0.8589045405387878
GCST90018961	LDL cholesterol	1a362a5a14a6e69b53c7caddee9d69c3		12	111191585	ENSG00000111249	CUX2	0.7220048904418945
GCST90018961	LDL cholesterol	1a362a5a14a6e69b53c7caddee9d69c3		12	111191585	ENSG00000198324	PHETA1	0.07202839851379395
GCST90018961	LDL cholesterol	8323804731aef422111bd55a45dd05dc		19	10524252	ENSG00000180739	S1PR5	0.3935686945915222
GCST90018961	LDL cholesterol	8323804731aef422111bd55a45dd05dc		19	10524252	ENSG00000130734	ATG4D	0.055363308638334274
GCST90018961	LDL cholesterol	8323804731aef422111bd55a45dd05dc		19	10524252	ENSG00000079999	KEAP1	0.051043760031461716
GCST90018961	LDL cholesterol	2a4cd68b74608d61b191fdbdec84f249		9	133266456	ENSG00000175164	ABO	0.4641793370246887
GCST002898	LDL cholesterol	d817599a2a956158a38f5a60bf19001d		6	16127176	ENSG00000007944	MYLIP	0.8574616312980652
GCST002898	LDL cholesterol	0f35c37ed7240c3565d0af95310019d5		3	12282731	ENSG00000132170	PPARG	0.931219220161438
GCST002898	LDL cholesterol	0f35c37ed7240c3565d0af95310019d5		3	12282731	ENSG00000157150	TIMP4	0.05252910405397415
GCST002898	LDL cholesterol	5b699cf48f30d40b5f3d45ab19540f99		19	58170494	ENSG00000181894	ZNF329	0.07789275795221329
GCST002898	LDL cholesterol	5b699cf48f30d40b5f3d45ab19540f99		19	58170494	ENSG00000171606	ZNF274	0.05486781895160675
GCST002898	LDL cholesterol	3fd12d8600496defecc2569af6d25e20		11	116778201	ENSG00000109917	ZPR1	0.8292325735092163
GCST002898	LDL cholesterol	3fd12d8600496defecc2569af6d25e20		11	116778201	ENSG00000110243	APOA5	0.5601332187652588
GCST002898	LDL cholesterol	3fd12d8600496defecc2569af6d25e20		11	116778201	ENSG00000137656	BUD13	0.2653423249721527
GCST002898	LDL cholesterol	1551d31fcce2f2d4c2a11df35ea88119		2	43852171	ENSG00000143921	ABCG8	0.906140923500061
GCST002898	LDL cholesterol	1551d31fcce2f2d4c2a11df35ea88119		2	43852171	ENSG00000138075	ABCG5	0.3747468590736389
GCST002898	LDL cholesterol	63151dbc18820f93a9ae65dce01057b8		5	75343434	ENSG00000113161	HMGCR	0.8503607511520386
GCST002898	LDL cholesterol	91180be363a1e0605390edb7119324b8		8	143989244	ENSG00000178685	PARP10	0.293383926153183
GCST002898	LDL cholesterol	91180be363a1e0605390edb7119324b8		8	143989244	ENSG00000178719	GRINA	0.2693861126899719
GCST002898	LDL cholesterol	91180be363a1e0605390edb7119324b8		8	143989244	ENSG00000261150	EPPK1	0.2576245367527008
GCST002898	LDL cholesterol	91180be363a1e0605390edb7119324b8		8	143989244	ENSG00000178209	PLEC	0.09025156497955322
GCST002898	LDL cholesterol	f7db481400e03242a84bf973d511d06a		16	72018449	ENSG00000102967	DHODH	0.7397406101226807
GCST002898	LDL cholesterol	f7db481400e03242a84bf973d511d06a		16	72018449	ENSG00000261701	HPR	0.1787920594215393
GCST002898	LDL cholesterol	c028d61e5a3cfb19b348d76e5f1f570c		1	55039974	ENSG00000169174	PCSK9	0.9535644054412842
GCST002898	LDL cholesterol	85f1c117490182b648625a97ab8721ee		19	44909976	ENSG00000130203	APOE	0.9031973481178284
GCST002898	LDL cholesterol	85f1c117490182b648625a97ab8721ee		19	44909976	ENSG00000130208	APOC1	0.18779706954956055
GCST002898	LDL cholesterol	d3040368e2a4ddcb2549cc557d1deea5		16	56956804	ENSG00000087237	CETP	0.8864784240722656
GCST002898	LDL cholesterol	736c729c063c1284214faee8a27c31a7		5	157052312	ENSG00000113249	HAVCR1	0.8241413235664368
GCST002898	LDL cholesterol	736c729c063c1284214faee8a27c31a7		5	157052312	ENSG00000145850	TIMD4	0.11605577170848846
GCST002898	LDL cholesterol	5112ba79ee6c2e03b29af7f724ac5164		7	21559135	ENSG00000105877	DNAH11	0.8434327244758606
GCST002898	LDL cholesterol	5112ba79ee6c2e03b29af7f724ac5164		7	21559135	ENSG00000164649	CDCA7L	0.05581135302782059
GCST002898	LDL cholesterol	86a355f040c006e4a98f52608c3a29b6		4	74219015	ENSG00000163738	MTHFD2L	0.1427709013223648
GCST002898	LDL cholesterol	86a355f040c006e4a98f52608c3a29b6		4	74219015	ENSG00000182585	EPGN	0.10509683936834335
GCST002898	LDL cholesterol	df0ea29d7e82707a35cb5bc156b9cf60		7	44541277	ENSG00000015520	NPC1L1	0.8855805993080139
GCST002898	LDL cholesterol	cd087e0368c6a159146db55d898058c4		1	234722850	ENSG00000168264	IRF2BP2	0.24325203895568848
GCST002898	LDL cholesterol	cd087e0368c6a159146db55d898058c4		1	234722850	ENSG00000059588	TARBP1	0.09933306276798248
GCST002898	LDL cholesterol	cb6b2a0745a218309f66e9b2a1c5012a		2	21063185	ENSG00000084674	APOB	0.8177641034126282
GCST002898	LDL cholesterol	cb6b2a0745a218309f66e9b2a1c5012a		2	21063185	ENSG00000218819	TDRD15	0.0778418481349945
GCST002898	LDL cholesterol	bad1ef534a450b4b87ae6c01b991c453		17	69085137	ENSG00000154262	ABCA6	0.8971921801567078
GCST002898	LDL cholesterol	35ccc73ccb908735b10fec190401d446		11	126375060	ENSG00000110080	ST3GAL4	0.8375216722488403
GCST002898	LDL cholesterol	c4abc56ed7953932f31c59053aede4c1		6	160690668	ENSG00000122194	PLG	0.8315788507461548
GCST002898	LDL cholesterol	c4abc56ed7953932f31c59053aede4c1		6	160690668	ENSG00000198670	LPA	0.2103390246629715
GCST002898	LDL cholesterol	a4de1204f43cd15ad1e5e901ded50ebc		1	62612551	ENSG00000132855	ANGPTL3	0.5177901983261108
GCST002898	LDL cholesterol	a4de1204f43cd15ad1e5e901ded50ebc		1	62612551	ENSG00000116641	DOCK7	0.38438960909843445
GCST002898	LDL cholesterol	a4de1204f43cd15ad1e5e901ded50ebc		1	62612551	ENSG00000162607	USP1	0.14647334814071655
GCST002898	LDL cholesterol	09bff33d0809249434c37f970d3eca0b		1	26958422	ENSG00000175707	KDF1	0.4602945148944855
GCST002898	LDL cholesterol	09bff33d0809249434c37f970d3eca0b		1	26958422	ENSG00000204160	ZDHHC18	0.20424968004226685
GCST002898	LDL cholesterol	09bff33d0809249434c37f970d3eca0b		1	26958422	ENSG00000060642	PIGV	0.05040135607123375
GCST002898	LDL cholesterol	3aeee7674add4216ecd10e7b4be2af0a		1	25420739	ENSG00000188672	RHCE	0.7377726435661316
GCST002898	LDL cholesterol	3aeee7674add4216ecd10e7b4be2af0a		1	25420739	ENSG00000204178	MACO1	0.30638590455055237
GCST002898	LDL cholesterol	3aeee7674add4216ecd10e7b4be2af0a		1	25420739	ENSG00000183726	TMEM50A	0.06278368085622787
GCST002898	LDL cholesterol	0d622bf1de6c37ac42ead59eb206f561		8	58479765	ENSG00000167910	CYP7A1	0.6958730816841125
GCST002898	LDL cholesterol	0d622bf1de6c37ac42ead59eb206f561		8	58479765	ENSG00000137575	SDCBP	0.2145056426525116
GCST002898	LDL cholesterol	0d622bf1de6c37ac42ead59eb206f561		8	58479765	ENSG00000215114	UBXN2B	0.14597102999687195
GCST002898	LDL cholesterol	70a5896b51b08eae29ac2fe0ddd9c907		19	19349732	ENSG00000129933	MAU2	0.2703850269317627
GCST002898	LDL cholesterol	70a5896b51b08eae29ac2fe0ddd9c907		19	19349732	ENSG00000213996	TM6SF2	0.09617002308368683
GCST002898	LDL cholesterol	70a5896b51b08eae29ac2fe0ddd9c907		19	19349732	ENSG00000105705	SUGP1	0.06177013739943504
GCST002898	LDL cholesterol	f810c8bb3d3a9fcce98dfa6a291d3b51		17	7176997	ENSG00000141505	ASGR1	0.9469936490058899
GCST002898	LDL cholesterol	f810c8bb3d3a9fcce98dfa6a291d3b51		17	7176997	ENSG00000161944	ASGR2	0.6322223544120789
GCST002898	LDL cholesterol	eaaf418013819264210b8baa565d9260		1	109275908	ENSG00000134243	SORT1	0.9837841987609863
GCST002898	LDL cholesterol	eaaf418013819264210b8baa565d9260		1	109275908	ENSG00000143126	CELSR2	0.8900065422058105
GCST002898	LDL cholesterol	eaaf418013819264210b8baa565d9260		1	109275908	ENSG00000134222	PSRC1	0.6469106674194336
GCST002898	LDL cholesterol	04f077858694ac121ce3c12defd3fc9a		8	125494452	ENSG00000173334	TRIB1	0.631100594997406
GCST002898	LDL cholesterol	e61d378a5be9cf37c59559df0d5b8a1c		20	17863324	ENSG00000125871	MGME1	0.4385699927806854
GCST002898	LDL cholesterol	e61d378a5be9cf37c59559df0d5b8a1c		20	17863324	ENSG00000089006	SNX5	0.11326463520526886
GCST002898	LDL cholesterol	ba487940ff4dbcd00f1da76d8daa87e0		20	40551182	ENSG00000204103	MAFB	0.31074419617652893
GCST002898	LDL cholesterol	c624bb48f32c2c0dca75a302e73621cb		11	61806212	ENSG00000149485	FADS1	0.4455624222755432
GCST002898	LDL cholesterol	c624bb48f32c2c0dca75a302e73621cb		11	61806212	ENSG00000134825	TMEM258	0.423885703086853
GCST002898	LDL cholesterol	c624bb48f32c2c0dca75a302e73621cb		11	61806212	ENSG00000134824	FADS2	0.36354508996009827
GCST002898	LDL cholesterol	c624bb48f32c2c0dca75a302e73621cb		11	61806212	ENSG00000168496	FEN1	0.10928446054458618
GCST002898	LDL cholesterol	c624bb48f32c2c0dca75a302e73621cb		11	61806212	ENSG00000124920	MYRF	0.09109912067651749
GCST002898	LDL cholesterol	328cbf8176d82f6d0ea437dbb3c9773b		17	47347749	ENSG00000178852	EFCAB13	0.5500942468643188
GCST002898	LDL cholesterol	328cbf8176d82f6d0ea437dbb3c9773b		17	47347749	ENSG00000141279	NPEPPS	0.1495087891817093
GCST002898	LDL cholesterol	328cbf8176d82f6d0ea437dbb3c9773b		17	47347749	ENSG00000108424	KPNB1	0.0591370053589344
GCST002898	LDL cholesterol	dbbe896ef22c6f842a5281015936ad8d		2	202943809	ENSG00000138380	CARF	0.8020403385162354
GCST002898	LDL cholesterol	dbbe896ef22c6f842a5281015936ad8d		2	202943809	ENSG00000138442	WDR12	0.4160064160823822
GCST002898	LDL cholesterol	dbbe896ef22c6f842a5281015936ad8d		2	202943809	ENSG00000163596	ICA1L	0.2710999846458435
GCST002898	LDL cholesterol	dbbe896ef22c6f842a5281015936ad8d		2	202943809	ENSG00000144426	NBEAL1	0.1496645212173462
GCST002898	LDL cholesterol	55fc9baeb63d7f0451ae93833857c8cd		8	9323885	ENSG00000173281	PPP1R3B	0.5240888595581055
GCST002898	LDL cholesterol	55fc9baeb63d7f0451ae93833857c8cd		8	9323885	ENSG00000173273	TNKS	0.15800262987613678
GCST002898	LDL cholesterol	b1808bae84e666964d81e80267ca255e		19	11078223	ENSG00000130164	LDLR	0.6173229813575745
GCST002898	LDL cholesterol	e084473ccb668404b73bc9be87d94630		9	133271182	ENSG00000175164	ABO	0.7332566380500793
