credible_set	top_l2g_gene	top_l2g_score	truth_genes	correct	disease
chr13:27104007-32459481-2	FLT3	0.9628250002861023	FLT3	True	Mono
chr20:41542364-46085420-3	TOX2	0.7983295321464539	HNF4A	False	RBC
chr10:62093571-66618203-3	REEP3	0.3793199062347412	ADO	False	SHBG
chr10:51142516-54142516-1	A1CF	0.8642304539680481	A1CF	True	GGT
chr1:18064513-24993664-10	RAP1GAP	0.8264488577842712	ALPL	False	ALP
chr17:32385904-39682081-2	SLFN14	0.6256075501441956	SLFN14	True	Plt
chr11:0-1806920-2	B4GALNT4	0.08238517493009567	IFITM5	False	ALP
chr12:119920263-126765201-2	SCARB1	0.7627160549163818	SCARB1	True	HDLC
chr20:37052078-41591292-8	MAFB	0.5992552042007446	ZHX3	False	Height
chr11:0-4508150-2	IFITM3	0.48380574584007263	IFITM2	False	Eosino
chr8:79918150-82918150-3	ZBTB10	0.44413647055625916	ZBTB10	True	SHBG
chr16:0-5796986-4	FAM234A	0.1476292610168457	PDIA2	False	MCH
chr1:8211760-13602311-6	TNFRSF8	0.6965310573577881	TNFRSF8	True	Eosino
chr2:168510985-171510985-2	LRP2	0.8542318344116211	LRP2	True	UA
chr12:99426308-104983327-4	NR1H4	0.8410536646842957	NR1H4	True	SHBG
chr6:6225760-9225760-7	LY86	0.21518728137016296	RREB1	False	Height
chr6:40456353-45703319-4	USP49	0.7977173328399658	CCND3	False	MCV
chr1:215510445-224725425-2	LYPLAL1	0.5394687652587891	TGFB2	False	FEV1FVC
chr4:85551758-90545331-4	ABCG2	0.8485471606254578	ABCG2	True	UA
chr4:0-4943931-1	HGFAC	0.955306351184845	HGFAC	True	SHBG
chr8:79918150-82918150-2	ZNF704	0.6471590995788574	ZBTB10	False	SHBG
chr16:11384954-17642079-4	ABCC6	0.7808634638786316	ABCC1	False	Height
chr6:14794722-17794722-4	GMPR	0.7281039357185364	GMPR	True	MCH
chr4:80665790-83665790-6	SEC31A	0.1578044593334198	BMP3	False	Height
chr9:134364513-137364513-4	GFI1B	0.1634274423122406	GFI1B	True	Eosino
chr22:35962936-41031085-3	TMPRSS6	0.7466532588005066	TMPRSS6	True	Hb
chr9:3351966-6351966-2	RCL1	0.7354387044906616	JAK2	False	IGF1
chr10:99657378-102657378-3	CNNM1	0.699100911617279	GOT1	False	AST
chr16:87356084-90354753-6	PIEZO1	0.35558080673217773	PIEZO1	True	HbA1c
chr10:51142516-54142516-2	A1CF	0.938987135887146	A1CF	True	GGT
chr9:30931931-33931931-1	ACO1	0.9038404226303101	ACO1	True	RBC
chr22:45026528-48026528-1	PNPLA3	0.693989634513855	PPARA	False	ALP
chr8:79918150-82918150-6	ZBTB10	0.6385722160339355	ZBTB10	True	SHBG
chr3:131976769-134976769-3	TF	0.9684839248657227	TF	True	MCV
chr15:57178720-60178720-3	LIPC	0.7144535779953003	LIPC	True	HDLC
chr4:6359874-14542929-10	SLC2A9	0.8565587401390076	SLC2A9	True	UA
chr20:59554977-62554977-5	RTEL1	0.6260144114494324	RTEL1	True	Plt
chr12:68232105-71232105-1	LYZ	0.9729359745979309	LYZ	True	Neutro
chr6:123833797-126833797-1	RNF217	0.875665009021759	RNF217	True	Ca
chr1:152592056-158369714-1	PEAR1	0.951016902923584	PEAR1	True	Plt
chr12:75929695-78929695-2	E2F7	0.8825909495353699	E2F7	True	Height
chr5:31331939-34331939-9	NPR3	0.34380659461021423	NPR3	True	Height
chr11:0-1806920-6	B4GALNT4	0.13289304077625275	IFITM5	False	ALP
chr6:159513013-162513013-1	LPA	0.9538029432296753	SLC22A1	False	TG
chr19:6929323-12850488-6	ANGPTL4	0.8804842829704285	ANGPTL4	True	HDLC
chr11:0-1806920-5	B4GALNT4	0.09653069823980331	IFITM5	False	ALP
chr4:71115362-76463049-1	CXCL2	0.829371452331543	CXCL6	False	Neutro
chr2:119348049-122348049-2	INHBB	0.8351427316665649	EPB41L5	False	eGFRcys
chr12:107991468-117056307-3	SH2B3	0.9354892373085022	SH2B3	True	Plt
chr5:74519044-77519044-4	SV2C	0.7307340502738953	IQGAP2	False	Alb
chr3:167655476-173469077-3	GHSR	0.7753171920776367	FNDC3B	False	Height
chr4:0-4943931-3	HGFAC	0.9512675404548645	HGFAC	True	SHBG
chr6:159513013-162513013-3	LPA	0.5738489031791687	SLC22A1	False	TG
chr3:118953046-123513465-7	CASR	0.6297867298126221	CASR	True	Ca
chr9:0-6263176-1	AK3	0.7657545208930969	JAK2	False	Plt
chr1:117362669-120362669-1	SPAG17	0.5789867639541626	TBX15	False	Height
chr8:74383054-81279575-4	ZFHX4	0.4592127203941345	ZFHX4	True	Height
chr9:0-6263176-10	JAK2	0.69933021068573	JAK2	True	Plt
chr15:57178720-60178720-1	LIPC	0.8299793601036072	LIPC	True	ApoA
chr12:75929695-78929695-4	E2F7	0.8856299519538879	E2F7	True	Height
chr4:86230980-89230980-4	ARHGAP24	0.7348892092704773	PTPN13	False	Height
chr1:246101886-249101886-6	NLRP3	0.3996572494506836	NLRP3	True	CRP
chr11:6755408-11265503-7	AMPD3	0.9140406250953674	AMPD3	True	HbA1c
chr5:31331939-34331939-1	NPR3	0.8763445019721985	NPR3	True	Height
chr7:71804636-74804636-1	TMEM270	0.1334303617477417	ELN	False	Height
chr1:239086695-242086695-1	FMN2	0.5284109115600586	GREM2	False	eBMD
chr8:16772377-21319724-4	LPL	0.9233828186988831	LPL	True	TG
chr1:54005647-57005647-5	PCSK9	0.956375241279602	PCSK9	True	ApoB
chr16:49936882-55306453-5	SALL1	0.33022648096084595	SALL1	True	CRP
chr3:167655476-173469077-4	MECOM	0.7761847376823425	PHC3	False	Height
chr22:16086757-21474654-2	CECR2	0.8193748593330383	IL17RA	False	Mono
chr16:87356084-90354753-8	ZFPM1	0.6474118232727051	PIEZO1	False	HbA1c
chr11:0-1806920-3	PGGHG	0.2728743553161621	IFITM5	False	ALP
chr3:1653339-4653339-6	CRBN	0.9075707197189331	IL5RA	False	Eosino
chr7:97179641-101778282-1	EPO	0.6462557911872864	EPO	True	RBC
chr6:50008192-53008192-1	PKHD1	0.7110608220100403	PKHD1	True	eGFRcys
chr7:43442167-48253491-8	CCDC201	0.8561399579048157	IGFBP3	False	IGF1
chr7:148998245-151998245-1	TMEM176A	0.9201579689979553	TMEM176B	False	SHBG
chr17:71628150-76876455-5	SEPTIN9	0.8060717582702637	SEPT9	False	GGT
chr8:18324667-21324667-9	LPL	0.8773826360702515	LPL	True	ApoA
chr2:168263148-171263148-1	G6PC2	0.9294255971908569	G6PC2	True	HbA1c
chr1:218153657-222697094-2	MTARC1	0.802017867565155	MARC1	False	TG
chr3:110559768-113559768-3	CD200	0.20224831998348236	CD200	True	Eosino
chr11:7147090-11695282-6	SBF2	0.6365446448326111	AMPD3	False	Hb
chr4:71115362-76463049-2	CXCL6	0.9574941396713257	CXCL6	True	Neutro
chr18:58554857-61554857-1	TNFRSF11A	0.9575704336166382	TNFRSF11A	True	ALP
chr13:21311940-26324936-2	SPATA13	0.6551069617271423	TNFRSF19	False	eBMD
chr17:73816880-78358353-1	SEPTIN9	0.9097423553466797	SEPT9	False	eBMD
chr20:60821128-63025520-3	ZBTB46	0.10318685322999954	RTEL1	False	MCH
chr1:152928283-161194779-10	APCS	0.6360762715339661	CRP	False	CRP
chr1:116751143-121757576-7	TENT5C	0.17750737071037292	FAM46C	False	MCH
chr16:84856582-90354753-7	SLC7A5	0.8143962025642395	PIEZO1	False	RBC
chr3:68297413-73111630-1	MITF	0.911020040512085	MITF	True	eGFRcys
chr11:29260335-34456492-5	WT1	0.8590404987335205	QSER1	False	eGFRcys
chr9:0-6263176-4	JAK2	0.7422885894775391	JAK2	True	Plt
chr16:710452-5848580-1	PKD1	0.9055886268615723	PKD1	True	ALP
chr9:106161742-109161742-1	ABCA1	0.8596519231796265	ABCA1	True	ApoA
chr9:0-6263176-6	JAK2	0.8453243374824524	JAK2	True	Plt
chr9:106161742-109161742-6	ABCA1	0.8596519231796265	ABCA1	True	ApoA
chr4:0-4943931-7	HGFAC	0.8562391400337219	HGFAC	True	SHBG
chr16:9614412-12614412-4	NPIPB2	0.8009924292564392	TNFRSF17	False	TP
chr19:39336166-45760929-1	SMG9	0.7742316722869873	PLAUR	False	Lym
chr13:27104007-32459481-9	PAN3	0.8574087023735046	FLT3	False	Mono
chr14:92917531-95917531-3	ASB2	0.866007387638092	ASB2	True	Eosino
chr5:126168685-135872685-5	FBN2	0.5746462345123291	FBN2	True	Height
chr1:246101886-249101886-2	NLRP3	0.6762638092041016	NLRP3	True	CRP
chr1:153669355-156669355-1	PKLR	0.7701546549797058	MTX1	False	UA
chr12:56027283-59027283-1	LRP1	0.4483106732368469	LRP1	True	FEV1FVC
chr12:119920263-126765201-6	HCAR3	0.8469659090042114	SCARB1	False	HDLC
chr1:54005647-57005647-7	PCSK9	0.9561211466789246	PCSK9	True	ApoB
chr2:18705541-21705541-3	OSR1	0.5147645473480225	MATN3	False	Height
chr8:40130447-45187523-1	ANK1	0.8705059289932251	ANK1	True	HbA1c
chr17:5962969-8962969-3	TNFSF13	0.8553755283355713	TNFSF12	False	TP
chr17:15342991-18342991-8	TNFRSF13B	0.370839923620224	TNFRSF13B	True	AG
chr8:18324667-21324667-7	LPL	0.9237762689590454	LPL	True	ApoA
chr17:5962969-8962969-2	TNFSF13	0.8780561089515686	TNFSF12	False	TP
chr11:7400394-18258246-9	SOX6	0.2633456885814667	INSC	False	eBMD
chr5:31331939-34331939-3	NPR3	0.9027376174926758	NPR3	True	Height
chr6:6225760-9225760-1	BMP6	0.9707579612731934	RREB1	False	Height
chr20:41542364-44542364-2	TOX2	0.8440181612968445	HNF4A	False	UA
chr12:107991468-117056307-6	SH2B3	0.9131268858909607	SH2B3	True	Plt
chr18:66356078-69356078-2	RTTN	0.9421921372413635	RTTN	True	MCV
chr3:32185304-35185304-2	SUSD5	0.8389341831207275	SUSD5	True	Height
chr22:23495756-26495756-1	GGT1	0.9594340324401855	GGT1	True	GGT
chr1:100233457-103233457-10	S1PR1	0.7714636325836182	S1PR1	True	Lym
chr2:168402917-171402917-1	DHRS9	0.8711109757423401	ABCB11	False	GGT
chr3:130452149-134976769-7	BFSP2	0.26983603835105896	TF	False	MCH
chr11:0-7201074-7	TRIM5	0.7815683484077454	TRIM5	True	Plt
chr13:27104007-32459481-7	FLT3	0.772574245929718	FLT3	True	Mono
chr9:129184611-134982006-2	HMCN2	0.9643608927726746	HMCN2	True	eGFRcys
chr5:13251305-16251305-4	OTULIN	0.40655553340911865	ANKH	False	HbA1c
chr22:23495756-26495756-6	LRRC75B	0.7842427492141724	GGT1	False	GGT
chr17:5962969-8962969-4	TNFSF12	0.8854073882102966	TNFSF12	True	TP
chr7:97179641-101778282-4	EPO	0.34911563992500305	EPO	True	RBC
chr12:53212308-58519443-2	BAZ2A	0.7641593813896179	PRIM1	False	Plt
chr11:63851364-68755953-5	PPP6R3	0.7240414023399353	CPT1A	False	MCH
chr2:168604938-171604938-4	LRP2	0.5210267901420593	LRP2	True	eGFRcys
chr7:40687851-48077056-2	IGFBP3	0.49850383400917053	IGFBP3	True	Height
chr3:32185304-35185304-4	TRIM71	0.7374641299247742	SUSD5	False	Height
chr12:119920263-126765201-1	SCARB1	0.8585140705108643	SCARB1	True	HDLC
chr11:0-3374221-3	TSPAN32	0.7513859272003174	TSPAN32	True	Mono
chr2:19731524-22731524-3	APOB	0.9542248845100403	APOB	True	HDLC
chr1:148792561-153304213-4	RORC	0.842272937297821	RORC	True	GGT
chr6:14778390-17778390-1	GMPR	0.956091582775116	GMPR	True	MCHC
chr19:48528306-51528306-3	RCN3	0.18914411962032318	FCGRT	False	TP
chr3:118953046-123513465-2	CSTA	0.8446880578994751	CASR	False	Ca
chr17:1365789-6021473-2	ALOX15	0.3328942656517029	ALOX15	True	Eosino
chr1:219470028-222470028-4	MTARC1	0.802017867565155	MARC1	False	SHBG
chr9:3351966-6351966-1	RCL1	0.7835371494293213	JAK2	False	IGF1
chr13:27104007-32459481-6	FLT3	0.8815683722496033	FLT3	True	Mono
chr6:159485526-162485526-8	SLC22A3	0.9128116965293884	SLC22A1	False	TC
chr3:169195426-172195426-2	FNDC3B	0.8825909495353699	PLD1	False	HbA1c
chr10:93339724-96339724-1	CYP26A1	0.5051472187042236	FFAR4	False	IGF1
chr16:84501903-90058164-1	IRF8	0.39942923188209534	GSE1	False	Eosino
chr17:1365789-6021473-1	ALOX15	0.6018255352973938	ALOX15	True	Eosino
chr10:99801093-106291594-10	NKX2-3	0.848407506942749	NKX2-3	True	MCV
chr21:15076783-18076783-1	NRIP1	0.545536994934082	NRIP1	True	Hb
chr20:51235238-54235238-6	BCAS1	0.8204442262649536	CYP24A1	False	Ca
chr3:118953046-123513465-8	CASR	0.7266983389854431	CASR	True	Ca
chr1:246101886-249101886-1	NLRP3	0.744702935218811	NLRP3	True	CRP
chr6:37546794-40546794-2	SAYSD1	0.5211261510848999	GLP1R	False	HbA1c
chr22:35962936-44641020-2	TMPRSS6	0.797002375125885	TMPRSS6	True	MCV
chr1:153586571-158562364-1	EFNA1	0.45169809460639954	ADAM15	False	GGT
chr4:82969852-90331249-2	MEPE	0.8786671161651611	MEPE	True	eBMD
chr4:72775120-75775120-5	AFM	0.15687863528728485	ALB	False	AG
chr8:7673209-12187848-1	PPP1R3B	0.5790799856185913	CLDN23	False	GGT
chr6:5550935-8550935-5	SSR1	0.5997990965843201	RREB1	False	eBMD
chr11:820013-5629859-5	OR51B4	0.1917555332183838	HBB	False	MCV
chr14:102068614-105068614-7	TRAF3	0.9544100761413574	EXOC3L4	False	GGT
chr12:0-2070840-1	B4GALNT3	0.9386600852012634	B4GALNT3	True	ALP
chr8:116066387-121975358-9	CCN3	0.7649873495101929	ENPP2	False	Height
chr6:156913426-162060880-6	TULP4	0.7470406889915466	SYNJ2	False	GGT
chr10:122654728-127790498-5	FGFR2	0.8441224098205566	HTRA1	False	Height
chr22:45026528-48026528-2	CDPF1	0.5838872194290161	PPARA	False	ALP
chr3:131976769-134976769-4	TF	0.9332216382026672	TF	True	RBC
chr16:87337298-90337298-2	ZFPM1	0.8061204552650452	PIEZO1	False	Lym
chr11:0-1806920-1	IFITM2	0.7132217288017273	IFITM5	False	ALP
chr1:100233457-103233457-4	S1PR1	0.519422173500061	S1PR1	True	Lym
chr5:63266798-69097321-7	ADAMTS6	0.7830908894538879	ADAMTS6	True	Height
chr1:100233457-103233457-6	S1PR1	0.887649655342102	S1PR1	True	Lym
chr21:34895061-37895061-2	RUNX1	0.9070111513137817	RUNX1	True	Plt
chr17:60495170-68581278-8	CD79B	0.6306800842285156	GH1	False	IGF1
chr1:91786939-94786939-4	DIPK1A	0.9246596693992615	RPL5	False	Height
chr6:40456353-45703319-10	CCND3	0.2744722366333008	CCND3	True	MCH
chr1:84497286-87497286-2	COL24A1	0.5862305760383606	CYR61	False	Height
chr17:62728995-68581278-2	ABCA6	0.7218714356422424	ABCA6	True	ApoB
chr15:93051607-102192953-5	ADAMTS17	0.6118203997612	ADAMTS17	True	Height
chr1:65592248-70156697-2	WLS	0.8848207592964172	WLS	True	eBMD
chr20:37679822-40679822-6	MAFB	0.5841389298439026	ZHX3	False	ALP
chr10:51142516-54142516-4	A1CF	0.8048893809318542	A1CF	True	GGT
chr20:53488877-59098808-5	TUBB1	0.7930827736854553	TUBB1	True	Plt
chr9:106161742-109161742-9	ABCA1	0.8955902457237244	ABCA1	True	TC
chr16:52915527-60252466-7	GOT2	0.8348504304885864	GOT2	True	AST
chr13:27104007-30104007-1	FLT3	0.7429431676864624	FLT3	True	AG
chr16:0-1738348-6	HBZ	0.8782227635383606	HBQ1	False	MCHC
chr17:54886607-59444903-3	TSPOAP1	0.7648264169692993	MPO	False	Mono
chr6:5749460-8749460-4	BMP6	0.8397104144096375	RREB1	False	HbA1c
chr4:109025039-112025039-1	MCUB	0.8254625797271729	PLA2G12A	False	TG
chr1:8211760-13602311-8	TNFRSF8	0.6669624447822571	TNFRSF8	True	Eosino
chr17:15342991-18342991-5	TNFRSF13B	0.4041847884654999	TNFRSF13B	True	AG
chr9:106161742-109161742-7	ABCA1	0.8562391400337219	ABCA1	True	TC
chr13:108913035-115169878-1	ATP11A	0.8953344821929932	ATP11A	True	HbA1c
chr1:215510445-224725425-9	TGFB2	0.8088530898094177	TGFB2	True	FEV1FVC
chr17:71628150-76876455-1	SEPTIN9	0.8816816210746765	SEPT9	False	GGT
chr5:31331939-34331939-10	NPR3	0.7442556619644165	NPR3	True	Height
chr1:157086966-160086966-1	SPTA1	0.5686966180801392	SPTA1	True	MCHC
chr6:50008192-53008192-8	PKHD1	0.7413312792778015	PKHD1	True	eGFRcys
chr2:19788321-22788321-9	TDRD15	0.8920350074768066	APOB	False	ApoB
chr1:219470028-222470028-2	SLC30A10	0.8796377182006836	SLC30A10,MARC1	True	ALP
chr1:152928283-161194779-4	CRP	0.6594628691673279	CRP	True	CRP
chr15:57178720-60178720-9	LIPC	0.9134340882301331	LIPC	True	ApoA
chr11:42123050-52119511-5	NR1H3	0.7200158834457397	NR1H3	True	HDLC
chr12:119923659-122923659-4	OASL	0.9103065729141235	HNF1A	False	GGT
chr1:148792561-153304213-3	RORC	0.7096604108810425	RORC	True	GGT
chr17:79185655-81195210-1	FN3KRP	0.8901358246803284	FN3K	False	HbA1c
chr3:118953046-123513465-4	CASR	0.9015862345695496	CASR	True	Ca
chr21:34895061-37895061-7	RUNX1	0.8065686225891113	RUNX1	True	Plt
chr17:72324121-77624810-5	TMC8	0.6443935036659241	TMC8	True	HbA1c
chr4:6359874-14542929-5	SLC2A9	0.8344063758850098	SLC2A9	True	UA
chr1:65592248-70156697-1	WLS	0.8704802989959717	WLS	True	eBMD
chr16:9614412-12614412-5	GSPT1	0.5833942890167236	TNFRSF17	False	TP
chr3:169195426-172195426-1	SLC2A2	0.8652651309967041	PLD1	False	HbA1c
chr17:5962969-8962969-5	TNFSF13	0.9198461771011353	TNFSF12	False	TP
chr11:73952486-76952486-1	DGAT2	0.5748693346977234	DGAT2	True	ApoA
chr1:18064513-24993664-9	ALPL	0.7145352363586426	ALPL	True	ALP
chr20:51235238-54235238-3	BCAS1	0.7734294533729553	CYP24A1	False	Ca
chr1:246105599-249250621-1	NLRP3	0.744702935218811	GCSAML	False	AG
chr2:18705541-21705541-2	SDC1	0.7726990580558777	MATN3	False	Height
chr5:175009193-178009193-7	FGFR4	0.9552364945411682	FGFR4	True	Height
chr3:118953046-123513465-3	CASR	0.7830519080162048	CASR	True	Ca
chr2:217499982-220499982-2	CXCR1	0.5867819786071777	CXCR2	False	Neutro
chr16:87056651-90056651-1	ZFPM1	0.7075430154800415	PIEZO1	False	Plt
chr11:7400394-18258246-5	SOX6	0.2302938997745514	INSC	False	eBMD
chr16:0-1738348-2	NPRL3	0.12889672815799713	HBQ1	False	MCHC
chr2:240069692-243069692-2	GPR35	0.9220685362815857	GPR35	True	Mono
chr14:67215181-78039321-3	SMOC1	0.959526002407074	SLC8A3	False	Height
chr2:41951957-47575677-3	THADA	0.59385085105896	ZFP36L2	False	Plt
chr9:106161742-109161742-2	ABCA1	0.947521448135376	ABCA1	True	HDLC
chr11:71447934-74447934-1	P2RY2	0.8905056715011597	P2RY2	True	Mono
chr8:16772377-21319724-5	LPL	0.8230232000350952	LPL	True	TG
chr8:16772377-21319724-3	LPL	0.9304603338241577	LPL	True	TG
chr9:30950187-33950187-1	ACO1	0.9101914167404175	ACO1	True	Hb
chr16:84856582-90354753-2	CHMP1A	0.8101855516433716	PIEZO1	False	RBC
chr1:54005647-57005647-10	PCSK9	0.958808183670044	PCSK9	True	ApoB
chr16:87356084-90354753-4	CTU2	0.6057891249656677	PIEZO1	False	HbA1c
chr5:31331939-34331939-2	NPR3	0.7242757081985474	NPR3	True	Height
chr20:51235238-54235238-1	CYP24A1	0.48220765590667725	CYP24A1	True	Ca
chr19:48528306-51528306-8	IRF3	0.3564969003200531	FCGRT	False	TP
chr5:13251305-16251305-3	OTULIN	0.8033930659294128	ANKH	False	HbA1c
chr17:32314490-39675553-5	CSF3	0.3491819202899933	CSF3	True	Neutro
chr8:116066387-121975358-8	ENPP2	0.9365930557250977	ENPP2	True	Height
chr21:34895061-37895061-3	RUNX1	0.911020040512085	RUNX1	True	Plt
chr11:7400394-18258246-8	SOX6	0.21900412440299988	INSC	False	eBMD
chr17:32385904-39682081-8	SLFN14	0.5443850755691528	SLFN14	True	Plt
chr1:18064513-24993664-7	RAP1GAP	0.7473951578140259	ALPL	False	ALP
chr4:182711030-188197494-1	WWC2	0.566251277923584	WWC2	True	Height
chr12:119920263-126765201-5	SCARB1	0.7617452144622803	SCARB1	True	HDLC
chr6:159513013-162513013-6	SLC22A1	0.9397890567779541	SLC22A1	True	TG
chr1:65592248-70156697-6	WLS	0.8704802989959717	WLS	True	eBMD
chr4:1943931-4943931-3	HGFAC	0.9701136946678162	HGFAC	True	Ca
chr16:49936882-55306453-1	HNRNPA1L3	0.5777722597122192	SALL1	False	CRP
chr4:1970486-4970486-3	HTT	0.772193431854248	HGFAC	False	Plt
chr14:62815556-65815556-2	SYNE2	0.8859549760818481	SYNE2	True	IGF1
chr3:68297413-73111630-4	TMF1	0.8526850342750549	MITF	False	eGFRcys
chr17:5872637-11536796-5	TNFSF13	0.9156833291053772	TP53	False	Height
chr16:87542367-90354753-1	CBFA2T3	0.6430652141571045	CBFA2T3	True	AG
chr12:119923659-122923659-3	OASL	0.841389536857605	HNF1A	False	GGT
chr21:14938793-17938793-1	NRIP1	0.9083490371704102	NRIP1	True	Eosino
chr22:23495756-26495756-9	UPB1	0.7955916523933411	GGT1	False	GGT
chr20:37052078-41591292-9	MAFB	0.6967015862464905	ZHX3	False	Height
chr5:146354970-152061337-1	FBXO38	0.7503248453140259	ADRB2	False	FEV1FVC
chr6:5749460-8749460-3	RREB1	0.5515634417533875	RREB1	True	HbA1c
chr1:160042235-163042235-1	FCGR2B	0.6656107306480408	FCGR3B	False	AST
chr19:39853107-53132416-3	CYP2A6	0.37547120451927185	CYP2A6	True	ALP
chr15:57178720-60178720-8	LIPC	0.7722737789154053	LIPC	True	ApoA
chr17:32314490-39675553-2	MED24	0.5907672643661499	CSF3	False	Neutro
chr8:18324667-21324667-6	LPL	0.6409933567047119	LPL	True	ApoA
chr2:210040507-214717316-3	ERBB4	0.658886730670929	CPS1	False	eGFRcys
chr6:6225760-9225760-8	BMP6	0.8818802237510681	RREB1	False	Height
chr22:35962936-42108896-6	TMPRSS6	0.638165295124054	TMPRSS6	True	MCH
chr19:48542867-56254946-4	FCGRT	0.28596001863479614	FCGRT	True	Alb
chr1:65592248-70156697-5	WLS	0.856644332408905	WLS	True	eBMD
chr1:112877568-115877568-2	MAGI3	0.46274489164352417	PTPN22	False	Lym
chr16:84501903-90058164-5	GSE1	0.805355429649353	GSE1	True	Eosino
chr5:175009193-178009193-1	FGFR4	0.8415348529815674	FGFR4	True	Height
chr1:54005647-57005647-3	PCSK9	0.8007944822311401	PCSK9	True	ApoB
chr9:134364513-137364513-2	GFI1B	0.32849010825157166	GFI1B	True	Eosino
chr11:679864-3679864-3	IGF2	0.5953724384307861	INS-IGF2	False	eGFRcys
chr8:134098265-137098265-1	ZFAT	0.8516970872879028	ZFAT	True	Height
chr2:168263148-171263148-2	ABCB11	0.8531849384307861	G6PC2	False	HbA1c
chr9:3351966-6351966-3	JAK2	0.8373517394065857	JAK2	True	IGF1
chr1:84497286-87497286-1	CCN1	0.7723640203475952	CYR61	False	Height
chr4:6359874-14542929-3	SLC2A9	0.9227105379104614	SLC2A9	True	UA
chr16:0-5795908-8	AXIN1	0.15112286806106567	PDIA2	False	RBC
chr3:169195426-172195426-3	PLD1	0.8594127893447876	PLD1	True	HbA1c
chr4:80665790-83665790-1	PRKG2	0.7867761850357056	BMP3	False	Height
chr9:134364513-137364513-9	GFI1B	0.1686559021472931	GFI1B	True	Eosino
chr1:153506450-158244737-1	ZBTB7B	0.7457944750785828	ZBTB7B	True	Height
chr2:41951957-47575677-4	THADA	0.6753262877464294	ZFP36L2	False	Plt
chr8:79918150-82918150-7	ZBTB10	0.45884740352630615	ZBTB10	True	SHBG
chr4:6359874-14542929-2	SLC2A9	0.896634578704834	SLC2A9	True	UA
chr1:18064513-24993664-3	ALPL	0.8150249123573303	ALPL	True	ALP
chr14:88386940-96344947-7	SERPINA5	0.902965784072876	SERPINA1	False	SHBG
chr19:48542867-56254946-3	FCGRT	0.5342501401901245	FCGRT	True	Alb
chr20:51235238-54235238-4	BCAS1	0.8147737979888916	CYP24A1	False	Ca
chr9:134364513-137364513-3	GFI1B	0.7817007303237915	GFI1B	True	Eosino
chr22:23495756-26495756-8	LRRC75B	0.12043659389019012	GGT1	False	GGT
chr17:5569412-8569412-5	TNFSF13	0.7052247524261475	CD68	False	Alb
chr22:16086757-21474654-8	GAB4	0.38640570640563965	IL17RA	False	Mono
chr6:159513013-162513013-8	LPA	0.931496262550354	SLC22A1	False	TG
chr11:53627383-58646225-2	PRG2	0.926211953163147	PRG3	False	Eosino
chr11:9173739-16365399-4	RRAS2	0.74449223279953	PDE3B	False	TG
chr1:108970764-114681720-1	CSF1	0.8239935040473938	GSTM1	False	AST
chr10:93339724-96339724-4	FFAR4	0.8746803402900696	FFAR4	True	IGF1
chr15:62396375-68957698-2	SMAD3	0.8424510955810547	SMAD3	True	FEV1FVC
chr6:5749460-8749460-1	RREB1	0.8737797737121582	RREB1	True	HbA1c
chr16:87356084-90354753-1	PIEZO1	0.787245512008667	PIEZO1	True	HbA1c
chr16:55491363-58491363-2	CETP	0.8553952574729919	CETP	True	ApoB
chr12:108856084-113384608-2	SH2B3	0.8848207592964172	SH2B3	True	eGFRcys
chr12:99398934-102398934-1	NR1H4	0.8574087023735046	NR1H4	True	ALP
chr18:66356078-69356078-1	RTTN	0.8848207592964172	RTTN	True	MCV
chr6:40456353-45703319-2	CCND3	0.4003884196281433	CCND3	True	MCH
chr8:40130447-45187523-4	ANK1	0.7749391794204712	ANK1	True	HbA1c
chr16:14633994-20405079-3	ABCC1	0.8695663213729858	ABCC6	False	HbA1c
chr1:100233457-103233457-1	S1PR1	0.6142355799674988	S1PR1	True	Lym
chr16:49936882-55306453-3	SALL1	0.9077668190002441	SALL1	True	CRP
chr1:116751143-121757576-4	TENT5C	0.18677006661891937	FAM46C	False	MCH
chr15:93051607-102192953-7	IGF1R	0.7888695001602173	ADAMTS17	False	Height
chr17:60495170-68581278-2	CSHL1	0.32286322116851807	GH1	False	IGF1
chr6:159513013-162513013-9	LPA	0.7128771543502808	SLC22A1	False	TG
chr20:60821128-63025520-7	ZBTB46	0.08668852597475052	RTEL1	False	MCV
chr3:131976769-134976769-2	DNAJC13	0.8706958889961243	TF	False	RBC
chr1:54005647-57005647-2	PCSK9	0.962695837020874	PCSK9	True	ApoB
chr1:116751143-121733236-1	TENT5C	0.18677006661891937	FAM46C	False	MCV
chr22:16086757-21474654-5	IL17RA	0.6687260270118713	IL17RA	True	Mono
chr2:168263148-171263148-6	G6PC2	0.9426320791244507	G6PC2	True	HbA1c
chr11:0-5355868-2	IFITM3	0.591399073600769	IFITM2	False	Neutro
chr1:8211760-13602311-5	TNFRSF1B	0.8200523853302002	TNFRSF8	False	Eosino
chr3:169195426-172195426-7	SLC2A2	0.7970852255821228	PLD1	False	HbA1c
chr20:37679822-40679822-7	MAFB	0.5377476811408997	ZHX3	False	ALP
chr9:0-6263176-2	DOCK8	0.8907557129859924	JAK2	False	Plt
chr8:16772377-21319724-9	LPL	0.47193443775177	LPL	True	TG
chr1:215510445-224725425-4	TGFB2	0.8825909495353699	TGFB2	True	FEV1FVC
chr6:159485526-162485526-9	LPA	0.9126346111297607	SLC22A1	False	TC
chr17:60495170-68581278-5	ERN1	0.89280104637146	GH1	False	IGF1
chr1:157107935-160107935-3	SPTA1	0.30849510431289673	SPTA1	True	HbA1c
chr16:84501903-90058164-4	EMC8	0.67291259765625	GSE1	False	Eosino
chr6:156913426-162060880-3	TULP4	0.8009896874427795	SYNJ2	False	GGT
chr21:44246102-47246102-5	PFKL	0.6423816084861755	PFKL	True	HbA1c
chr11:7147090-11695282-1	SBF2	0.7765246629714966	AMPD3	False	Hb
chr1:152928283-161194779-9	CRP	0.2613472044467926	CRP	True	CRP
chr17:54936109-61643667-5	TSPOAP1	0.7648264169692993	RNF43	False	MCH
chr6:159485526-162485526-6	SLC22A3	0.7857674360275269	SLC22A1	False	TC
chr3:1653339-4653339-1	IL5RA	0.9489884376525879	IL5RA	True	Eosino
chr4:80665790-83665790-2	CFAP299	0.7812892198562622	BMP3	False	Height
chr1:246101886-249101886-3	OR2B11	0.7616345882415771	NLRP3	False	CRP
chr8:122480448-132218859-4	ZHX2	0.3949962556362152	ATAD2	False	Height
chr19:32044187-35044187-1	RHPN2	0.8588671684265137	RHPN2	True	eBMD
chr8:134098265-137098265-8	ZFAT	0.9146807789802551	ZFAT	True	Height
chr6:5749460-8749460-7	RREB1	0.665050208568573	RREB1	True	HbA1c
chr1:215510445-224725425-1	TGFB2	0.8975490927696228	TGFB2	True	FEV1FVC
chr22:28738074-33981996-3	SEC14L4	0.894881546497345	SEC14L4	True	HbA1c
chr22:23495756-26495756-10	GGT1	0.787241518497467	GGT1	True	GGT
chr6:5550935-8550935-1	RREB1	0.8215983510017395	RREB1	True	eBMD
chr5:106542193-109542193-6	FER	0.9150274991989136	FER	True	Height
chr1:54005647-57005647-6	USP24	0.8241008520126343	PCSK9	False	ApoB
chr4:0-4943931-9	DOK7	0.8319393992424011	HGFAC	False	SHBG
chr14:99699022-107349540-4	DLK1	0.40487807989120483	RTL1	False	Height
chr2:168604938-171604938-2	LRP2	0.8568040132522583	LRP2	True	eGFRcys
chr4:1970486-4970486-2	HTT	0.7481409311294556	HGFAC	False	Plt
chr4:78197870-81197870-3	ANXA3	0.8716300129890442	BMP2K	False	AG
chr2:168263148-171263148-7	G6PC2	0.9442132711410522	G6PC2	True	HbA1c
chr9:106161742-109161742-4	ABCA1	0.8207664489746094	ABCA1	True	ApoA
chr5:13251305-16251305-5	ANKH	0.8851001858711243	ANKH	True	HbA1c
chr6:6225760-9225760-4	RREB1	0.5473930239677429	RREB1	True	Height
chr3:118953046-123513465-6	CASR	0.8428972959518433	CASR	True	Ca
chr18:45609955-48609955-2	LIPG	0.17380602657794952	LIPG	True	TC
chr3:130452149-134976769-6	CPNE4	0.713529646396637	DNAJC13	False	MCH
chr3:167655476-173469077-6	MECOM	0.73988276720047	PHC3	False	Height
chr2:177065913-180065913-4	IFT70A	0.4088263511657715	PDE11A	False	Height
chr4:82969852-90331249-3	DMP1	0.7440699338912964	MEPE	False	eBMD
chr6:159513013-162513013-5	LPA	0.8291545510292053	SLC22A1	False	TG
chr10:122654728-127790498-6	PLEKHA1	0.8602496385574341	HTRA1	False	Height
chr17:72324121-77624810-6	TNRC6C	0.49274742603302	TMC8	False	HbA1c
chr4:85551758-90545331-2	ABCG2	0.8496898412704468	ABCG2	True	UA
chr21:34895061-37895061-1	RUNX1	0.8961073756217957	RUNX1	True	Plt
chr3:121333003-130275892-3	KALRN	0.6467767357826233	KALRN	True	Plt
chr8:79918150-82918150-8	ZNF704	0.6050509810447693	ZBTB10	False	SHBG
chr15:55654952-60223426-2	LIPC	0.8269451856613159	LIPC	True	TG
chr16:49936882-55306453-8	SALL1	0.28285646438598633	SALL1	True	CRP
chr9:4697392-7697392-8	AK3	0.7657545208930969	JAK2	False	Eosino
chr9:0-6263176-3	VLDLR	0.8450669646263123	JAK2	False	Plt
chr4:6359874-14542929-7	SLC2A9	0.7067304849624634	SLC2A9	True	UA
chr5:169784642-174490492-6	STC2	0.8438813090324402	STC2	True	Height
chr17:15342991-18342991-3	TNFRSF13B	0.3605317771434784	TNFRSF13B	True	AG
chr9:106161742-109161742-3	ABCA1	0.8596519231796265	ABCA1	True	ApoA
chr11:13365399-16365399-2	SPON1	0.9428809285163879	PDE3B	False	ApoA
chr1:152928283-161194779-1	CRP	0.9552225470542908	CRP	True	CRP
chr4:1970486-4970486-5	HGFAC	0.9603918790817261	HGFAC	True	Plt
chr19:48528306-51528306-6	RCN3	0.174655482172966	FCGRT	False	TP
chr19:48517538-53653000-5	PRR12	0.3324665427207947	FCGRT	False	Ca
chr12:123359135-126359135-2	SCARB1	0.7097216844558716	NCOR2	False	Mono
chr8:18324667-21324667-4	LPL	0.9589124321937561	LPL	True	HDLC
chr12:119920263-126765201-9	SCARB1	0.603435754776001	SCARB1	True	HDLC
chr22:35962936-42108896-9	TST	0.9653056263923645	TMPRSS6	False	MCH
chr4:72756021-75756021-1	AFP	0.9377120733261108	ALB	False	Alb
chr10:62093571-66618203-2	ARID5B	0.9056639075279236	ADO	False	SHBG
chr16:49936882-55306453-2	SALL1	0.9203452467918396	SALL1	True	CRP
chr8:18324667-21324667-1	LPL	0.8680315017700195	LPL	True	HDLC
chr16:82480529-85480529-1	OSGIN1	0.8485972881317139	OSGIN1	True	ALP
chr10:51142516-54142516-5	A1CF	0.8848207592964172	A1CF	True	GGT
chr5:146700011-151961049-1	ADRB2	0.9083305597305298	ADRB2	True	Eosino
chr8:79918150-82918150-1	ZBTB10	0.8962270617485046	ZBTB10	True	SHBG
chr20:53488877-59098808-2	TUBB1	0.8800715804100037	TUBB1	True	Plt
chr6:40456353-45703319-3	USP49	0.7799935340881348	CCND3	False	MCV
chr6:5550935-8550935-4	BMP6	0.8397104144096375	RREB1	False	eBMD
chr16:49936882-55306453-10	SALL1	0.5754286050796509	SALL1	True	CRP
chr14:102068614-105068614-6	TNFAIP2	0.8985963463783264	EXOC3L4	False	GGT
chr8:18324667-21324667-10	LPL	0.22587671875953674	LPL	True	ApoA
chr22:23495756-26495756-2	GGT1	0.16091792285442352	GGT1	True	GGT
chr21:34895061-37895061-6	RUNX1	0.911020040512085	RUNX1	True	Plt
chr5:73503678-76503678-2	IQGAP2	0.877021312713623	POC5	False	HDLC
chr16:82480529-85480529-2	OSGIN1	0.8950771689414978	OSGIN1	True	ALP
chr15:70121524-75333600-5	LOXL1	0.8914560079574585	PML	False	FEV1FVC
chr18:45609955-48609955-4	LIPG	0.3145577907562256	LIPG	True	TC
chr4:6359874-14542929-8	SLC2A9	0.800051212310791	SLC2A9	True	UA
chr7:97179641-101778282-2	EPO	0.23768065869808197	EPO	True	RBC
chr1:152928283-161194779-8	DUSP23	0.5141395330429077	CRP	False	CRP
chr19:5175989-8175989-1	TNFSF14	0.9755607843399048	DENND1C	False	Mono
chr20:37679822-40679822-2	MAFB	0.776344358921051	ZHX3	False	ALP
chr18:45609955-48609955-9	ACAA2	0.12533627450466156	LIPG	False	ApoA
chr16:52915527-60252466-3	CNOT1	0.39287757873535156	GOT2	False	AST
chr17:64893181-69397284-3	KCNJ16	0.5342170000076294	ABCA6	False	HbA1c
chr8:40130447-43130447-7	ANK1	0.8848207592964172	ANK1	True	MCHC
chr16:14633994-20405079-1	ABCC1	0.6979550123214722	ABCC6	False	HbA1c
chr4:6359874-14542929-1	SLC2A9	0.8547319173812866	SLC2A9	True	UA
chr3:1653339-4653339-3	IL5RA	0.8396396636962891	IL5RA	True	Eosino
chr10:62093571-66618203-1	JMJD1C	0.7579256892204285	ADO	False	SHBG
chr8:45435906-50151633-1	CEBPD	0.8712306618690491	MCM4	False	Eosino
chr15:57178720-60178720-7	LIPC	0.8770413994789124	LIPC	True	ApoA
