credible_set	disease	target_gene	truth	abc_score	lead_variant_id	lead_rsid	lead_pip	l2g_score	l2g_n_credible_sets	l2g_error
chr10:122654728-127790498-1	Height	HTRA1	True	0.0	10_122395211_CTT_C	10:124154728_CTT_C	0.489674686352		0	Variant not found
chr10:122654728-127790498-5	Height	HTRA1	True	0.0	10_121645965_C_G	rs7902581	0.975827466205		0	Variant not found
chr10:122654728-127790498-6	Height	HTRA1	True	0.0	10_122368559_T_C	rs7896881	0.876621924016		0	Variant not found
chr10:51142516-54142516-1	GGT	A1CF	True	0.198455	10_50882755_G_T	rs151068477	1.0		0	Variant not found
chr10:51142516-54142516-2	GGT	A1CF	True	0.198455	10_50883317_A_G	rs7075575	0.202955341767		0	Variant not found
chr10:51142516-54142516-4	GGT	A1CF	True	0.0	10_50865509_A_G	rs16910442	0.381447650695		0	Variant not found
chr10:51142516-54142516-5	GGT	A1CF	True	0.0	10_50888693_C_T	rs10821907	0.707801969817		0	Variant not found
chr10:62093571-66618203-1	SHBG	ADO	True	0.0	10_63358442_G_A	rs10822161	0.216329427428		0	Variant not found
chr10:62093571-66618203-2	SHBG	ADO	True	0.0	10_61910105_C_A	rs4948487	0.127778459968		0	Variant not found
chr10:62093571-66618203-3	SHBG	ADO	True	0.0	10_63648406_C_T	rs10822191	0.106269980024		0	Variant not found
chr10:93339724-96339724-1	IGF1	FFAR4	True	0.0	10_93079966_G_T	rs4418728	0.587478052558		0	Variant not found
chr10:93339724-96339724-4	IGF1	FFAR4	True	0.129322	10_93573305_A_G	rs9630085	0.5074687107329999		0	Variant not found
chr10:93339724-96339724-5	IGF1	FFAR4	True	0.0	10_93000115_A_T	rs835245	0.993061938628		0	Variant not found
chr10:99657378-102657378-3	AST	GOT1	True	0.02283	10_99392962_G_T	rs4423123	0.5218072972		0	Variant not found
chr10:99657378-102657378-6	AST	GOT1	True	0.0	10_99353593_C_T	rs149101027	0.642558594013		0	Variant not found
chr10:99657378-102657378-7	AST	GOT1	True	0.0	10_99637421_A_G	rs189100499	0.998880803197		0	Variant not found
chr10:99657378-102657378-8	AST	GOT1	True	0.0	10_99418058_A_T	rs75402290	0.995238163194		0	Variant not found
chr10:99801093-106291594-1	MCV	NKX2-3	True	0.027434	10_99541335_C_A	rs4590800	0.220213358733		0	Variant not found
chr10:99801093-106291594-10	MCV	NKX2-3	True	0.043658	10_99518967_C_T	rs11190133	0.139134738556		0	Variant not found
chr11:0-1806920-1	ALP	IFITM5	True	0.087853	11_307695_T_C	rs7480524	0.446568969704		0	Variant not found
chr11:0-1806920-2	ALP	IFITM5	True	0.08856	11_356079_T_C	rs61876261	0.611331493375		0	Variant not found
chr11:0-1806920-3	ALP	IFITM5	True	0.102855	11_296254_G_A	rs12277152	0.630537494976		0	Variant not found
chr11:0-1806920-5	ALP	IFITM5	True	0.0	11_357636_C_G	rs111218283	0.199810799129		0	Variant not found
chr11:0-1806920-6	ALP	IFITM5	True	0.08856	11_353629_G_A	rs11246117	0.182302913076		0	Variant not found
chr11:0-3374221-3	Mono	TSPAN32	True	0.395096	11_2298124_C_T	rs2244891	0.388931754547		0	Variant not found
chr11:0-4508150-2	Eosino	IFITM2	True	0.072838	11_327333_C_T	rs11246068	0.396603856486		0	Variant not found
chr11:0-5355868-2	Neutro	IFITM2	True	0.019318	11_306883_T_C	rs10751647	0.5650953267100001		0	Variant not found
chr11:0-7201074-7	Plt	TRIM5	True	0.015738	11_5680178_G_C	rs3824949	0.978499213963		0	Variant not found
chr11:117072267-120072267-2	AG	CXCR5	True	0.0	11_118879611_T_C	rs11217078	0.999967029344		0	Variant not found
chr11:13365399-16365399-2	ApoA	PDE3B	True	0.0	11_14008306_T_C	rs1919309	0.364527500431		0	Variant not found
chr11:13365399-16365399-2	ApoA	PDE3B	True	0.0	11_14008306_T_C	rs1919309	0.364527500431		0	Variant not found
chr11:20771870-23771870-2	AST	ANO5	True	0.0	11_21853506_CA_C	11:21875053_CA_C	0.931771895432		0	Variant not found
chr11:29260335-34456492-5	eGFRcys	QSER1	True	0.0	11_32388790_C_G	rs5030317	0.387580682497		0	Variant not found
chr11:42123050-52119511-5	HDLC	NR1H3	True	0.0	11_47324364_T_C	rs2290149	0.180705925475		0	Variant not found
chr11:53627383-58646225-2	Eosino	PRG3	True	0.0	11_57408324_G_A	rs3781889	0.179911418019		0	Variant not found
chr11:63851364-68755953-5	MCH	CPT1A	True	0.0	11_68543402_G_GT	rs58332211	0.3794149161280001		0	Variant not found
chr11:6755408-11265503-7	HbA1c	AMPD3	True	0.306693	11_10456721_G_C	rs79057673	0.998207360967		0	Variant not found
chr11:679864-3679864-1	eGFRcys	INS-IGF2	True	0.0	11_2158633_AGCCCT_A	rs775181992	0.454600455337		0	Variant not found
chr11:679864-3679864-3	eGFRcys	INS-IGF2	True	0.0	11_2132403_T_C	rs680	0.134909949517		0	Variant not found
chr11:71447934-74447934-1	Mono	P2RY2	True	0.044702	11_73236888_G_A	rs11235688	0.504892186998		0	Variant not found
chr11:7147090-11695282-1	Hb	AMPD3	True	0.0	11_10173734_G_T	rs368417629	0.171874619888		0	Variant not found
chr11:7147090-11695282-6	Hb	AMPD3	True	0.0	11_9872371_T_C	rs7131516	0.132913386941		0	Variant not found
chr11:73952486-76952486-1	ApoA	DGAT2	True	0.0	11_75741440_A_ACTC	rs144023941	0.283159535439		0	Variant not found
chr11:7400394-18258246-5	eBMD	INSC	True	0.0	11_15793492_G_C	rs11023719	0.187934761139		0	Variant not found
chr11:7400394-18258246-8	eBMD	INSC	True	0.0	11_15828757_G_T	rs61171454	0.989605238043		0	Variant not found
chr11:7400394-18258246-9	eBMD	INSC	True	0.0	11_15727707_A_T	rs7943117	0.1878506221		0	Variant not found
chr11:820013-5629859-5	MCV	HBB	True	0.0	11_5296291_T_TA	rs56237826	0.18894909123		0	Variant not found
chr11:9173739-16365399-4	TG	PDE3B	True	0.0	11_14403353_T_C	rs1966615	0.176937369785		0	Variant not found
chr12:0-2070840-1	ALP	B4GALNT3	True	0.063091	12_461673_G_A	rs7966590	0.999243715442		0	Variant not found
chr12:107991468-117056307-3	Plt	SH2B3	True	0.285302	12_111406413_G_A	rs3742003	0.705712779754		0	Variant not found
chr12:107991468-117056307-6	Plt	SH2B3	True	0.0	12_111810956_A_G	rs530203431	0.544520741699		0	Variant not found
chr12:108856084-113384608-2	eGFRcys	SH2B3	True	0.226173	12_111407151_C_T	rs540639423	0.941608432433		0	Variant not found
chr12:119920263-126765201-1	HDLC	SCARB1	True	0.0	12_124780654_G_A	rs921919	0.940760528452		0	Variant not found
chr12:119920263-126765201-2	HDLC	SCARB1	True	0.026571	12_124853982_C_T	rs10773112	0.999999997309		0	Variant not found
chr12:119920263-126765201-5	HDLC	SCARB1	True	0.019272	12_124895685_G_A	rs7298751	0.473654581676		0	Variant not found
chr12:119920263-126765201-6	HDLC	SCARB1	True	0.0	12_124593020_C_T	rs837500	0.989656318479		0	Variant not found
chr12:119920263-126765201-9	HDLC	SCARB1	True	0.0	12_124806309_A_T	rs865716	0.732374375045		0	Variant not found
chr12:119923659-122923659-3	GGT	HNF1A	True	0.0	12_121042030_C_T	rs148578574	0.999965668436		0	Variant not found
chr12:119923659-122923659-4	GGT	HNF1A	True	0.0	12_121024335_G_C	rs2259883	0.998214105404		0	Variant not found
chr12:119923659-122923659-7	GGT	HNF1A	True	0.212229	12_120979852_T_C	rs547903802	0.651085641497		0	Variant not found
chr12:123359135-126359135-2	Mono	NCOR2	True	0.023532	12_124822506_G_A	rs11057830	0.159976512232		0	Variant not found
chr12:5163388-10598995-3	HDLC	M6PR	True	0.0	12_8943308_T_TAC	rs113829875	0.13773537822		0	Variant not found
chr12:53212308-58519443-2	Plt	PRIM1	True	0.0	12_56625658_T_C	rs7973618	0.685022975917		0	Variant not found
chr12:56027283-59027283-1	FEV1FVC	LRP1	True	0.069691	12_57133499_T_C	rs11172113	0.999997545624		0	Variant not found
chr12:68232105-71232105-1	Neutro	LYZ	True	0.09151	12_69338324_T_C	rs4761234	0.20949434404		0	Variant not found
chr12:75929695-78929695-1	Height	E2F7	True	0.0	12_77035914_T_TGG	rs545557182	0.853580799188		0	Variant not found
chr12:75929695-78929695-2	Height	E2F7	True	0.128587	12_77059445_G_T	rs310796	0.5109333170520001		0	Variant not found
chr12:75929695-78929695-4	Height	E2F7	True	0.030886	12_77033674_C_T	rs1868353	0.318232429559		0	Variant not found
chr12:99398934-102398934-1	ALP	NR1H4	True	0.0	12_100505155_A_G	rs56003034	0.532028041022		0	Variant not found
chr12:99398934-102398934-2	ALP	NR1H4	True	0.0	12_100400910_G_C	rs61941787	0.133221677333		0	Variant not found
chr12:99426308-104983327-4	SHBG	NR1H4	True	0.0	12_100393316_T_C	rs1998925	0.175019533405		0	Variant not found
chr13:108913035-115169878-1	HbA1c	ATP11A	True	0.173592	13_112698601_A_G	rs76533333	0.535080105612		0	Variant not found
chr13:21311940-26324936-2	eBMD	TNFRSF19	True	0.036915	13_24254711_G_A	rs75439322	0.372115042002		0	Variant not found
chr13:27104007-30104007-1	AG	FLT3	True	0.0	13_28029869_T_C	rs76428106	1.0		0	Variant not found
chr13:27104007-32459481-2	Mono	FLT3	True	0.0	13_28043570_C_T	rs7318817	0.451416251789		0	Variant not found
chr13:27104007-32459481-6	Mono	FLT3	True	0.029304	13_28114577_T_C	rs112634401	0.232181869016		0	Variant not found
chr13:27104007-32459481-7	Mono	FLT3	True	0.0	13_28051637_A_G	rs113676020	0.20759408905		0	Variant not found
chr13:27104007-32459481-9	Mono	FLT3	True	0.0	13_28179003_T_C	rs190652780	0.521305085571		0	Variant not found
chr14:102068614-105068614-6	GGT	EXOC3L4	True	0.0	14_103121097_T_C	rs55975236	0.999999411062		0	Variant not found
chr14:102068614-105068614-7	GGT	EXOC3L4	True	0.0	14_102777608_C_T	rs1051750	0.538248270048		0	Variant not found
chr14:62815556-65815556-2	IGF1	SYNE2	True	0.017463	14_63848837_G_A	rs79936318	0.965493362321		0	Variant not found
chr14:67215181-78039321-3	Height	SLC8A3	True	0.0	14_69998427_G_GT	rs36077349	0.918013488693		0	Variant not found
chr14:88386940-96344947-7	SHBG	SERPINA1	True	0.0	14_94596836_A_G	rs4062	0.243791126372		0	Variant not found
chr14:92917531-95917531-3	Eosino	ASB2	True	0.039482	14_93986436_A_G	rs11626327	0.334620380428		0	Variant not found
chr14:99676769-107259840-5	Plt	EXOC3L4	True	0.0	14_102762511_AG_A	14:103228849_AG_A	0.873473866019		0	Variant not found
chr14:99699022-107349540-10	Height	RTL1	True	0.0	14_100758584_G_A	rs2400940	0.675392920915		0	Variant not found
chr14:99699022-107349540-4	Height	RTL1	True	0.0	14_100732684_G_A	rs3783350	0.5837190353339999		0	Variant not found
chr15:55654952-60223426-2	TG	LIPC	True	0.0	15_58387978_T_C	rs261291	0.405612413209		0	Variant not found
chr15:57178720-60178720-1	ApoA	LIPC	True	0.0	15_58386520_T_C	rs261290	0.999999999984		0	Variant not found
chr15:57178720-60178720-10	ApoA	LIPC	True	0.038498	15_58379609_G_C	rs34492002	0.143273685015		0	Variant not found
chr15:57178720-60178720-3	HDLC	LIPC	True	0.0	15_58281633_T_G	rs28690720	0.95529646129		0	Variant not found
chr15:57178720-60178720-7	ApoA	LIPC	True	0.0	15_58391342_G_C	rs12905732	0.999998570606		0	Variant not found
chr15:57178720-60178720-7	ApoA	LIPC	True	0.0	15_58391342_G_C	rs12905732	0.999998570606		0	Variant not found
chr15:57178720-60178720-8	ApoA	LIPC	True	0.0	15_58567394_C_A	rs4562992	0.28426475211		0	Variant not found
chr15:57178720-60178720-8	ApoA	LIPC	True	0.0	15_58567394_C_A	rs4562992	0.28426475211		0	Variant not found
chr15:57178720-60178720-9	ApoA	LIPC	True	0.0	15_58429247_A_G	rs12912415	0.380439043916		0	Variant not found
chr15:62396375-68957698-2	FEV1FVC	SMAD3	True	0.037044	15_67163291_C_T	rs56062135	0.145953542199		0	Variant not found
chr15:70121524-75333600-5	FEV1FVC	PML	True	0.022147	15_73931088_C_G	rs28588430	0.133679768616		0	Variant not found
chr15:93051607-102192953-5	Height	ADAMTS17	True	0.0	15_99973857_C_T	rs2581348	0.999889822011		0	Variant not found
chr15:93051607-102192953-7	Height	ADAMTS17	True	0.019699	15_98852604_C_G	rs8035410	0.999999999095		0	Variant not found
chr16:0-1738348-1	MCHC	HBQ1	True	0.0	16_188348_C_CAAAAAAAA	rs556207545	0.874038276766		0	Variant not found
chr16:0-1738348-2	MCHC	HBQ1	True	0.0	16_99540_G_A	rs570013781	1.0		0	Variant not found
chr16:0-1738348-3	MCHC	HBQ1	True	0.0	16_107593_CAA_C	16:157592_CAA_C	0.999758385811		0	Variant not found
