locus_id	chr	pos_hg38	lead_snp	ensembl_id	gene_symbol	trait	evidence_class	mechanism_class	confidence	source	pubmed_id
ENSG00000135697_B-Carotene_6564851	16	81230992	rs6564851	ENSG00000135697	ENSG00000135697	B-Carotene	expert curated	REGULATORY	High	OpenTargets_2024	19185284.0
ENSG00000242366_Bilirubin_6742078	2	233763993	rs6742078	ENSG00000242366	ENSG00000242366	Bilirubin	expert curated	REGULATORY	High	OpenTargets_2024	19414484.0
ENSG00000160211_Bilirubin_766420	X	154326058	rs766420	ENSG00000160211	ENSG00000160211	Bilirubin	expert curated	REGULATORY	High	OpenTargets_2024	19419973.0
ENSG00000152254_D-Glucose_560887	2	168906638	rs560887	ENSG00000152254	ENSG00000152254	D-Glucose	expert curated	REGULATORY	High	OpenTargets_2024	20081858.0
ENSG00000145321_25-Hydroxyvitamin_D2_2282679	4	71742666	rs2282679	ENSG00000145321	ENSG00000145321	25-Hydroxyvitamin D2	expert curated	REGULATORY	High	OpenTargets_2024	20541252.0
ENSG00000186104_25-Hydroxyvitamin_D2_10741657	11	14893332	rs10741657	ENSG00000186104	ENSG00000186104	25-Hydroxyvitamin D2	expert curated	REGULATORY	High	OpenTargets_2024	20541252.0
ENSG00000172893_25-Hydroxyvitamin_D2_12785878	11	71456403	rs12785878	ENSG00000172893	ENSG00000172893	25-Hydroxyvitamin D2	expert curated	REGULATORY	High	OpenTargets_2024	20541252.0
ENSG00000162551_Phosphorus_1697421	1	21496799	rs1697421	ENSG00000162551	ENSG00000162551	Phosphorus	expert curated	REGULATORY	High	OpenTargets_2024	20558539.0
ENSG00000118972_Phosphorus_2970818	12	4497002	rs2970818	ENSG00000118972	ENSG00000118972	Phosphorus	expert curated	REGULATORY	High	OpenTargets_2024	20558539.0
ENSG00000119121_Magnesium_11144134	9	74884880	rs11144134	ENSG00000119121	ENSG00000119121	Magnesium	expert curated	REGULATORY	High	OpenTargets_2024	20700443.0
ENSG00000033170_N-glycan_measurement_7159888	14	65291924	rs7159888	ENSG00000033170	ENSG00000033170	N-glycan measurement	expert curated	REGULATORY	High	OpenTargets_2024	21203500.0
ENSG00000138207_Vitamin_A_10882272	10	93588425	rs10882272	ENSG00000138207	ENSG00000138207	Vitamin A	expert curated	REGULATORY	High	OpenTargets_2024	21878437.0
ENSG00000118271_Vitamin_A_1667255	18	31607316	rs1667255	ENSG00000118271	ENSG00000118271	Vitamin A	expert curated	REGULATORY	High	OpenTargets_2024	21878437.0
ENSG00000129214_Testosterone_12150660	17	7618597	rs12150660	ENSG00000129214	ENSG00000129214	Testosterone	expert curated	REGULATORY	High	OpenTargets_2024	21998597.0
ENSG00000145246_sphingolipid_measure_13106975	4	47549846	rs13106975	ENSG00000145246	ENSG00000145246	sphingolipid measurement	expert curated	REGULATORY	High	OpenTargets_2024	22359512.0
ENSG00000163581_D-Glucose_1280	3	170995501	rs1280	ENSG00000163581	ENSG00000163581	D-Glucose	expert curated	REGULATORY	High	OpenTargets_2024	22885924.0
ENSG00000073792_D-Glucose_7651090	3	185795604	rs7651090	ENSG00000073792	ENSG00000073792	D-Glucose	expert curated	REGULATORY	High	OpenTargets_2024	22885924.0
ENSG00000175426_D-Glucose_4869272	5	96203744	rs4869272	ENSG00000175426	ENSG00000175426	D-Glucose	expert curated	REGULATORY	High	OpenTargets_2024	22885924.0
GCK_D-Glucose_6975024	7	44192287	rs6975024	ENSG00000106633	GCK	D-Glucose	expert curated	REGULATORY	High	OpenTargets_2024	22885924.0
MTNR1B_D-Glucose_10830963	11	92975544	rs10830963	ENSG00000134640	MTNR1B	D-Glucose	expert curated	REGULATORY	High	OpenTargets_2024	22885924.0
ENSG00000139515_D-Glucose_11619319	13	27913462	rs11619319	ENSG00000139515	ENSG00000139515	D-Glucose	expert curated|expert curated	REGULATORY	High	OpenTargets_2024	22885924.0
ENSG00000174827_Uric_acid_1471633	1	145711327	rs1471633	ENSG00000174827	ENSG00000174827	Uric acid	expert curated	REGULATORY	High	OpenTargets_2024	23263486.0
SLC2A9_Uric_acid_12498742	4	9942428	rs12498742	ENSG00000109667	SLC2A9	Uric acid	expert curated	REGULATORY	High	OpenTargets_2024	23263486.0
ENSG00000118777_Uric_acid_2231142	4	88131171	rs2231142	ENSG00000118777	ENSG00000118777	Uric acid	expert curated	REGULATORY	High	OpenTargets_2024	23263486.0
ENSG00000211452_Thyroxine_2235544	1	53909897	rs2235544	ENSG00000211452	ENSG00000211452	Thyroxine	expert curated	REGULATORY	High	OpenTargets_2024	23408906.0
ENSG00000178919_Thyroxine_7045138	9	97829181	rs7045138	ENSG00000178919	ENSG00000178919	Thyroxine	expert curated	REGULATORY	High	OpenTargets_2024	23408906.0
ENSG00000107187_Thyroxine_7860634	9	136197833	rs7860634	ENSG00000107187	ENSG00000107187	Thyroxine	expert curated	REGULATORY	High	OpenTargets_2024	23408906.0
ENSG00000180543_Estradiol_1864729	8	97269961	rs1864729	ENSG00000180543	ENSG00000180543	Estradiol	expert curated	REGULATORY	High	OpenTargets_2024	23518928.0
ENSG00000135218_high_density_lipopro_2366858	7	80711306	rs2366858	ENSG00000135218	ENSG00000135218	high density lipoprotein cholesterol measurement	expert curated	REGULATORY	High	OpenTargets_2024	23726366.0
ENSG00000123561_Thyroxine_7883218	X	106032618	rs7883218	ENSG00000123561	ENSG00000123561	Thyroxine	expert curated	REGULATORY	High	OpenTargets_2024	23823483.0
ENSG00000177000_Homocysteine_1801133	1	11796321	rs1801133	ENSG00000177000	ENSG00000177000	Homocysteine	expert curated	REGULATORY	High	OpenTargets_2024	23824729.0
ENSG00000132763_Homocysteine_4660306	1	45513003	rs4660306	ENSG00000132763	ENSG00000132763	Homocysteine	expert curated	REGULATORY	High	OpenTargets_2024	23824729.0
ENSG00000116984_Homocysteine_2275565	1	236885376	rs2275565	ENSG00000116984	ENSG00000116984	Homocysteine	expert curated	REGULATORY	High	OpenTargets_2024	23824729.0
ENSG00000146085_Homocysteine_9369898	6	49414480	rs9369898	ENSG00000146085	ENSG00000146085	Homocysteine	expert curated	REGULATORY	High	OpenTargets_2024	23824729.0
ENSG00000134612_Homocysteine_7130284	11	89415204	rs7130284	ENSG00000134612	ENSG00000134612	Homocysteine	expert curated	REGULATORY	High	OpenTargets_2024	23824729.0
ENSG00000015413_Homocysteine_154657	16	89641688	rs154657	ENSG00000015413	ENSG00000015413	Homocysteine	expert curated	REGULATORY	High	OpenTargets_2024	23824729.0
ENSG00000137869_Estradiol_2414095	15	51232095	rs2414095	ENSG00000137869	ENSG00000137869	Estradiol	expert curated	REGULATORY	High	OpenTargets_2024	24049095.0
ENSG00000144481_Calcium_1550532	2	233356202	rs1550532	ENSG00000144481	ENSG00000144481	Calcium	expert curated	REGULATORY	High	OpenTargets_2024	24068962.0
ENSG00000036828_Calcium_1801725	3	122284910	rs1801725	ENSG00000036828	ENSG00000036828	Calcium	expert curated	REGULATORY	High	OpenTargets_2024	24068962.0
ENSG00000169919_Calcium_17711722	7	65806210	rs17711722	ENSG00000169919	ENSG00000169919	Calcium	expert curated	REGULATORY	High	OpenTargets_2024	24068962.0
ENSG00000019186_Calcium_1570669	20	54157888	rs1570669	ENSG00000019186	ENSG00000019186	Calcium	expert curated	REGULATORY	High	OpenTargets_2024	24068962.0
ENSG00000168264_Cholesterol_558971	1	234717659	rs558971	ENSG00000168264	ENSG00000168264	Cholesterol	expert curated	REGULATORY	High	OpenTargets_2024	24097068.0
ENSG00000073734_Cholesterol_2287623	2	168973645	rs2287623	ENSG00000073734	ENSG00000073734	Cholesterol	expert curated	REGULATORY	High	OpenTargets_2024	24097068.0
PPARG_Cholesterol_7616006	3	12226148	rs7616006	ENSG00000132170	PPARG	Cholesterol	expert curated	REGULATORY	High	OpenTargets_2024	24097068.0
LPA_Cholesterol_10455872	6	160589086	rs10455872	ENSG00000198670	LPA	Cholesterol	expert curated	REGULATORY	High	OpenTargets_2024	24097068.0
ENSG00000167910_Cholesterol_4738684	8	58480714	rs4738684	ENSG00000167910	ENSG00000167910	Cholesterol	expert curated|expert curated	REGULATORY	High	OpenTargets_2024	24097068.0
ENSG00000147852_Cholesterol_3780181	9	2640759	rs3780181	ENSG00000147852	ENSG00000147852	Cholesterol	expert curated	REGULATORY	High	OpenTargets_2024	24097068.0
ENSG00000186951_Cholesterol_4253772	22	46231706	rs4253772	ENSG00000186951	ENSG00000186951	Cholesterol	expert curated	REGULATORY	High	OpenTargets_2024	24097068.0
ENSG00000163382_high_density_lipopro_12145743	1	156730859	rs12145743	ENSG00000163382	ENSG00000163382	high density lipoprotein cholesterol measurement	expert curated	REGULATORY	High	OpenTargets_2024	24097068.0
ENSG00000143641_high_density_lipopro_4846914	1	230159944	rs4846914	ENSG00000143641	ENSG00000143641	high density lipoprotein cholesterol measurement	expert curated	REGULATORY	High	OpenTargets_2024	24097068.0
ENSG00000182851_high_density_lipopro_10087900	8	143221248	rs10087900	ENSG00000182851	ENSG00000182851	high density lipoprotein cholesterol measurement	expert curated	REGULATORY	High	OpenTargets_2024	24097068.0
ENSG00000165029_high_density_lipopro_1883025	9	104902020	rs1883025	ENSG00000165029	ENSG00000165029	high density lipoprotein cholesterol measurement	expert curated	REGULATORY	High	OpenTargets_2024	24097068.0
ENSG00000025434_high_density_lipopro_3847502	11	47312134	rs3847502	ENSG00000025434	ENSG00000025434	high density lipoprotein cholesterol measurement	expert curated	REGULATORY	High	OpenTargets_2024	24097068.0
ENSG00000062282_high_density_lipopro_499974	11	75743976	rs499974	ENSG00000062282	ENSG00000062282	high density lipoprotein cholesterol measurement	expert curated	REGULATORY	High	OpenTargets_2024	24097068.0
ENSG00000110921_high_density_lipopro_2241210	12	109512339	rs2241210	ENSG00000110921	ENSG00000110921	high density lipoprotein cholesterol measurement	expert curated	REGULATORY	High	OpenTargets_2024	24097068.0
ENSG00000073060_high_density_lipopro_838876	12	124775342	rs838876	ENSG00000073060	ENSG00000073060	high density lipoprotein cholesterol measurement	expert curated	REGULATORY	High	OpenTargets_2024	24097068.0
ENSG00000142208_high_density_lipopro_4983559	14	104810872	rs4983559	ENSG00000142208	ENSG00000142208	high density lipoprotein cholesterol measurement	expert curated	REGULATORY	High	OpenTargets_2024	24097068.0
ENSG00000166035_high_density_lipopro_1532085	15	58391167	rs1532085	ENSG00000166035	ENSG00000166035	high density lipoprotein cholesterol measurement	expert curated	REGULATORY	High	OpenTargets_2024	24097068.0
CETP_high_density_lipopro_247616	16	56955678	rs247616	ENSG00000087237	CETP	high density lipoprotein cholesterol measurement	expert curated	REGULATORY	High	OpenTargets_2024	24097068.0
ENSG00000213398_high_density_lipopro_16942887	16	67894139	rs16942887	ENSG00000213398	ENSG00000213398	high density lipoprotein cholesterol measurement	expert curated	REGULATORY	High	OpenTargets_2024	24097068.0
ENSG00000131748_high_density_lipopro_113612868	17	39665182	rs113612868	ENSG00000131748	ENSG00000131748	high density lipoprotein cholesterol measurement	expert curated	REGULATORY	High	OpenTargets_2024	24097068.0
ENSG00000101670_high_density_lipopro_4939883	18	49640844	rs4939883	ENSG00000101670	ENSG00000101670	high density lipoprotein cholesterol measurement	expert curated	REGULATORY	High	OpenTargets_2024	24097068.0
ENSG00000101076_high_density_lipopro_1800961	20	44413724	rs1800961	ENSG00000101076	ENSG00000101076	high density lipoprotein cholesterol measurement	expert curated	REGULATORY	High	OpenTargets_2024	24097068.0
ENSG00000157978_low_density_lipoprot_10903129	1	25442446	rs10903129	ENSG00000157978	ENSG00000157978	low density lipoprotein cholesterol measurement	expert curated	REGULATORY	High	OpenTargets_2024	24097068.0
PCSK9_low_density_lipoprot_11591147	1	55039974	rs11591147	ENSG00000169174	PCSK9	low density lipoprotein cholesterol measurement	expert curated	REGULATORY	High	OpenTargets_2024	24097068.0
ENSG00000134243_low_density_lipoprot_646776	1	109275908	rs646776	ENSG00000134243	ENSG00000134243	low density lipoprotein cholesterol measurement	expert curated	REGULATORY	High	OpenTargets_2024	24097068.0
APOB_low_density_lipoprot_1367117	2	21041028	rs1367117	ENSG00000084674	APOB	low density lipoprotein cholesterol measurement	expert curated	REGULATORY	High	OpenTargets_2024	24097068.0
ENSG00000125629_low_density_lipoprot_10490626	2	118078265	rs10490626	ENSG00000125629	ENSG00000125629	low density lipoprotein cholesterol measurement	expert curated	REGULATORY	High	OpenTargets_2024	24097068.0
ENSG00000113161_low_density_lipoprot_12916	5	75360714	rs12916	ENSG00000113161	ENSG00000113161	low density lipoprotein cholesterol measurement	expert curated	REGULATORY	High	OpenTargets_2024	24097068.0
ENSG00000007944_low_density_lipoprot_3757354	6	16127176	rs3757354	ENSG00000007944	ENSG00000007944	low density lipoprotein cholesterol measurement	expert curated	REGULATORY	High	OpenTargets_2024	24097068.0
ENSG00000015520_low_density_lipoprot_2073547	7	44542732	rs2073547	ENSG00000015520	ENSG00000015520	low density lipoprotein cholesterol measurement	expert curated	REGULATORY	High	OpenTargets_2024	24097068.0
ENSG00000257017_low_density_lipoprot_2000999	16	72074194	rs2000999	ENSG00000257017	ENSG00000257017	low density lipoprotein cholesterol measurement	expert curated	REGULATORY	High	OpenTargets_2024	24097068.0
ENSG00000091583_low_density_lipoprot_1801689	17	66214462	rs1801689	ENSG00000091583	ENSG00000091583	low density lipoprotein cholesterol measurement	expert curated	REGULATORY	High	OpenTargets_2024	24097068.0
LDLR_low_density_lipoprot_6511720	19	11091630	rs6511720	ENSG00000130164	LDLR	low density lipoprotein cholesterol measurement	expert curated	REGULATORY	High	OpenTargets_2024	24097068.0
ANGPTL3_triglyceride_measure_4587594	1	62668259	rs4587594	ENSG00000132855	ANGPTL3	triglyceride measurement	expert curated	REGULATORY	High	OpenTargets_2024	24097068.0
ENSG00000163956_triglyceride_measure_6831256	4	3471412	rs6831256	ENSG00000163956	ENSG00000163956	triglyceride measurement	expert curated	REGULATORY	High	OpenTargets_2024	24097068.0
ENSG00000105974_triglyceride_measure_38855	7	116717990	rs38855	ENSG00000105974	ENSG00000105974	triglyceride measurement	expert curated	REGULATORY	High	OpenTargets_2024	24097068.0
ENSG00000175445_triglyceride_measure_12678919	8	19986711	rs12678919	ENSG00000175445	ENSG00000175445	triglyceride measurement	expert curated	REGULATORY	High	OpenTargets_2024	24097068.0
ENSG00000173334_triglyceride_measure_2954022	8	125470379	rs2954022	ENSG00000173334	ENSG00000173334	triglyceride measurement	expert curated	REGULATORY	High	OpenTargets_2024	24097068.0
ENSG00000167772_triglyceride_measure_116843064	19	8364439	rs116843064	ENSG00000167772	ENSG00000167772	triglyceride measurement	expert curated	REGULATORY	High	OpenTargets_2024	24507774.0
ENSG00000144908_Homocysteine_10934753	3	126187336	rs10934753	ENSG00000144908	ENSG00000144908	Homocysteine	expert curated	REGULATORY	High	OpenTargets_2024	24651765.0
ENSG00000124713_Homocysteine_9296404	6	42958065	rs9296404	ENSG00000124713	ENSG00000124713	Homocysteine	expert curated	REGULATORY	High	OpenTargets_2024	24651765.0
ENSG00000160200_Homocysteine_234714	21	43067923	rs234714	ENSG00000160200	ENSG00000160200	Homocysteine	expert curated	REGULATORY	High	OpenTargets_2024	24651765.0
ENSG00000125798_D-Glucose_6048216	20	22600630	rs6048216	ENSG00000125798	ENSG00000125798	D-Glucose	expert curated	REGULATORY	High	OpenTargets_2024	25187374.0
ENSG00000158874_high_density_lipopro_4503368	1	161220460	rs4503368	ENSG00000158874	ENSG00000158874	high density lipoprotein cholesterol measurement	expert curated	REGULATORY	High	OpenTargets_2024	27005778.0
ENSG00000100979_high_density_lipopro_6073958	20	45923216	rs6073958	ENSG00000100979	ENSG00000100979	high density lipoprotein cholesterol measurement	expert curated	REGULATORY	High	OpenTargets_2024	27005778.0
ENSG00000009950_triglyceride_measure_17145738	7	73448919	rs17145738	ENSG00000009950	ENSG00000009950	triglyceride measurement	expert curated	REGULATORY	High	OpenTargets_2024	28334899.0
PCSK9_Hypercholesterolemia_nan	1	55021673		ENSG00000169174	PCSK9	Hypercholesterolemia	drug	REGULATORY	High	OpenTargets_2024	
PCSK9_Disorder_of_lipid_me_nan	1	55023869		ENSG00000169174	PCSK9	Disorder of lipid metabolism	drug	REGULATORY	High	OpenTargets_2024	
ENSG00000070915_metabolic_syndrome_nan	16	56954132		ENSG00000070915	ENSG00000070915	metabolic syndrome	drug	REGULATORY	High	OpenTargets_2024	21386085.0
ENSG00000113161_hyperlipidemia_nan	5	75309395		ENSG00000113161	ENSG00000113161	hyperlipidemia	drug	REGULATORY	High	OpenTargets_2024	
ENSG00000113161_Hypercholesterolemia_nan	5	75309395		ENSG00000113161	ENSG00000113161	Hypercholesterolemia	drug	REGULATORY	High	OpenTargets_2024	
ENSG00000113161_Disorder_of_lipid_me_nan	5	75309395		ENSG00000113161	ENSG00000113161	Disorder of lipid metabolism	drug	REGULATORY	High	OpenTargets_2024	
ENSG00000015520_Hypercholesterolemia_nan	7	44544952		ENSG00000015520	ENSG00000015520	Hypercholesterolemia	drug	REGULATORY	High	OpenTargets_2024	
ENSG00000165029_Hypercholesterolemia_nan	9	104902020		ENSG00000165029	ENSG00000165029	Hypercholesterolemia	drug	REGULATORY	High	OpenTargets_2024	
ENSG00000165029_hyperlipidemia_nan	9	104903697		ENSG00000165029	ENSG00000165029	hyperlipidemia	drug	REGULATORY	High	OpenTargets_2024	
ENSG00000122859_type_II_diabetes_mel_nan	10	69513601		ENSG00000122859	ENSG00000122859	type II diabetes mellitus	functional observational	REGULATORY	High	OpenTargets_2024	30718926.0
ENSG00000167244_type_II_diabetes_mel_nan	11	2140300		ENSG00000167244	ENSG00000167244	type II diabetes mellitus	functional observational	REGULATORY	High	OpenTargets_2024	28838971.0
KCNJ11_type_II_diabetes_mel_nan	11	17386857		ENSG00000187486	KCNJ11	type II diabetes mellitus	functional observational	REGULATORY	High	OpenTargets_2024	
MTNR1B_type_II_diabetes_mel_nan	11	92935809		ENSG00000134640	MTNR1B	type II diabetes mellitus	functional observational	REGULATORY	High	OpenTargets_2024	22885922.0
ENSG00000075035_type_II_diabetes_mel_nan	12	108219374		ENSG00000075035	ENSG00000075035	type II diabetes mellitus	functional observational	REGULATORY	High	OpenTargets_2024	30718926.0
HNF1A_type_II_diabetes_mel_nan	12	120890006		ENSG00000135100	HNF1A	type II diabetes mellitus	functional observational	REGULATORY	High	OpenTargets_2024	30718926.0
ENSG00000174326_type_II_diabetes_mel_nan	17	7037074		ENSG00000174326	ENSG00000174326	type II diabetes mellitus	functional observational	REGULATORY	High	OpenTargets_2024	23945395.0
MC4R_type_II_diabetes_mel_nan	18	60171168		ENSG00000166603	MC4R	type II diabetes mellitus	functional observational	REGULATORY	High	OpenTargets_2024	30718926.0
ENSG00000213996_type_II_diabetes_mel_nan	19	19268740		ENSG00000213996	ENSG00000213996	type II diabetes mellitus	functional observational	REGULATORY	High	OpenTargets_2024	29632382.0
APOE_type_II_diabetes_mel_nan	19	44888997		ENSG00000130203	APOE	type II diabetes mellitus	functional observational	REGULATORY	High	OpenTargets_2024	27189021.0
ENSG00000010310_type_II_diabetes_mel_nan	19	45644269		ENSG00000010310	ENSG00000010310	type II diabetes mellitus	functional observational	REGULATORY	High	OpenTargets_2024	
ENSG00000084734_type_II_diabetes_mel_nan	2	27508073		ENSG00000084734	ENSG00000084734	type II diabetes mellitus	functional observational	REGULATORY	High	OpenTargets_2024	29632382.0
ENSG00000101076_type_II_diabetes_mel_nan	20	44318326		ENSG00000101076	ENSG00000101076	type II diabetes mellitus	functional observational	REGULATORY	High	OpenTargets_2024	22158537.0
PNPLA3_type_II_diabetes_mel_nan	22	43928847		ENSG00000100344	PNPLA3	type II diabetes mellitus	functional observational	REGULATORY	High	OpenTargets_2024	29632382.0
ENSG00000109501_type_II_diabetes_mel_nan	4	6268329		ENSG00000109501	ENSG00000109501	type II diabetes mellitus	functional observational	REGULATORY	High	OpenTargets_2024	28869590.0
ENSG00000154122_type_II_diabetes_mel_nan	5	14751196		ENSG00000154122	ENSG00000154122	type II diabetes mellitus	functional observational	REGULATORY	High	OpenTargets_2024	30054458.0
ENSG00000152359_type_II_diabetes_mel_nan	5	75707853		ENSG00000152359	ENSG00000152359	type II diabetes mellitus	functional observational	REGULATORY	High	OpenTargets_2024	29632382.0
ENSG00000145730_type_II_diabetes_mel_nan	5	102764872		ENSG00000145730	ENSG00000145730	type II diabetes mellitus	functional observational	REGULATORY	High	OpenTargets_2024	30054458.0
ENSG00000124782_type_II_diabetes_mel_nan	6	7226726		ENSG00000124782	ENSG00000124782	type II diabetes mellitus	functional observational	REGULATORY	High	OpenTargets_2024	30718926.0
GCK_type_II_diabetes_mel_nan	7	44135258		ENSG00000106633	GCK	type II diabetes mellitus	functional observational	REGULATORY	High	OpenTargets_2024	30718926.0
ENSG00000106331_type_II_diabetes_mel_nan	7	127524904		ENSG00000106331	ENSG00000106331	type II diabetes mellitus	functional observational	REGULATORY	High	OpenTargets_2024	22158537.0
ENSG00000130675_type_II_diabetes_mel_nan	7	157191153		ENSG00000130675	ENSG00000130675	type II diabetes mellitus	functional observational	REGULATORY	High	OpenTargets_2024	30054458.0
ENSG00000175445_type_II_diabetes_mel_nan	8	19962213		ENSG00000175445	ENSG00000175445	type II diabetes mellitus	functional observational	REGULATORY	High	OpenTargets_2024	29632382.0
ENSG00000164756_type_II_diabetes_mel_nan	8	117012076		ENSG00000164756	ENSG00000164756	type II diabetes mellitus	functional observational	REGULATORY	High	OpenTargets_2024	30718926.0
ENSG00000107249_type_II_diabetes_mel_nan	9	4287466		ENSG00000107249	ENSG00000107249	type II diabetes mellitus	functional observational	REGULATORY	High	OpenTargets_2024	22158537.0
ENSG00000134243_myocardial_infarctio_nan	1	109275684		ENSG00000134243	ENSG00000134243	myocardial infarction	functional observational|functional experimental	REGULATORY	High	OpenTargets_2024	20686565.0
ENSG00000249859_prostate_carcinoma_nan	8	127310936		ENSG00000249859	ENSG00000249859	prostate carcinoma	functional observational	REGULATORY	High	OpenTargets_2024	19767754.0
ENSG00000110092_breast_carcinoma_nan	11	69516874		ENSG00000110092	ENSG00000110092	breast carcinoma	functional observational|functional experimental	REGULATORY	High	OpenTargets_2024	25751625.0
ENSG00000119866_fetal_hemoglobin_mea_nan	2	60493111		ENSG00000119866	ENSG00000119866	fetal hemoglobin measurement	functional observational|functional experimental	REGULATORY	High	OpenTargets_2024	18245381.0
IRX3_obesity_nan	16	53767042		ENSG00000177508	IRX3	obesity	functional observational|functional experimental	REGULATORY	High	OpenTargets_2024	30595370.0
ENSG00000115461_breast_carcinoma_nan	2	217056046		ENSG00000115461	ENSG00000115461	breast carcinoma	functional observational|functional experimental	REGULATORY	High	OpenTargets_2024	29059683.0
ENSG00000176842_obesity_nan	16	53767042		ENSG00000176842	ENSG00000176842	obesity	functional observational|functional experimental	REGULATORY	High	OpenTargets_2024	30595370.0
SNCA_Parkinson's_disease_nan	4	89716450		ENSG00000145335	SNCA	Parkinson's disease	functional observational	REGULATORY	High	OpenTargets_2024	22438815.0
ENSG00000253438_prostate_carcinoma_nan	8	127091692		ENSG00000253438	ENSG00000253438	prostate carcinoma	functional observational|functional experimental	REGULATORY	High	OpenTargets_2024	20676098.0
ENSG00000127220_breast_carcinoma_nan	19	17283116		ENSG00000127220	ENSG00000127220	breast carcinoma	functional observational|functional experimental	REGULATORY	High	OpenTargets_2024	27117709.0
ENSG00000160117_breast_carcinoma_nan	19	17283116		ENSG00000160117	ENSG00000160117	breast carcinoma	functional observational|functional experimental	REGULATORY	High	OpenTargets_2024	27117709.0
ENSG00000070193_breast_carcinoma_nan	5	44706396		ENSG00000070193	ENSG00000070193	breast carcinoma	functional observational|functional experimental	REGULATORY	High	OpenTargets_2024	29059683.0
ENSG00000112996_breast_carcinoma_nan	5	44706396		ENSG00000112996	ENSG00000112996	breast carcinoma	functional observational|functional experimental	REGULATORY	High	OpenTargets_2024	29059683.0
ENSG00000214078_lipid_measurement_nan	20	35564866		ENSG00000214078	ENSG00000214078	lipid measurement	functional observational|functional experimental	REGULATORY	High	OpenTargets_2024	20686565.0
ENSG00000116641_lipid_measurement_nan	1	62679768		ENSG00000116641	ENSG00000116641	lipid measurement	functional observational|functional experimental	REGULATORY	High	OpenTargets_2024	24097068.0
ANGPTL3_lipid_measurement_nan	1	62679768		ENSG00000132855	ANGPTL3	lipid measurement	functional observational|functional experimental	REGULATORY	High	OpenTargets_2024	24097068.0
ENSG00000111816_lipid_measurement_nan	6	116016340		ENSG00000111816	ENSG00000111816	lipid measurement	functional observational|functional experimental	REGULATORY	High	OpenTargets_2024	24097068.0
ENSG00000091106_interleukin_18_measu_nan	2	32264782		ENSG00000091106	ENSG00000091106	interleukin 18 measurement	functional observational	REGULATORY	High	OpenTargets_2024	27989323.0
ENSG00000171094_breast_carcinoma_nan	2	28896719		ENSG00000171094	ENSG00000171094	breast carcinoma	functional observational	REGULATORY	High	OpenTargets_2024	27117709.0
ENSG00000171681_breast_carcinoma_nan	12	14260997		ENSG00000171681	ENSG00000171681	breast carcinoma	functional observational	REGULATORY	High	OpenTargets_2024	29059683.0
ENSG00000149311_breast_carcinoma_nan	11	108474788		ENSG00000149311	ENSG00000149311	breast carcinoma	functional observational	REGULATORY	High	OpenTargets_2024	29058716.0
ENSG00000139618_breast_carcinoma_nan	13	32398489		ENSG00000139618	ENSG00000139618	breast carcinoma	functional observational	REGULATORY	High	OpenTargets_2024	29059683.0
ENSG00000064012_breast_carcinoma_nan	2	201258707		ENSG00000064012	ENSG00000064012	breast carcinoma	functional observational	REGULATORY	High	OpenTargets_2024	29059683.0
ENSG00000105173_breast_carcinoma_nan	19	29786822		ENSG00000105173	ENSG00000105173	breast carcinoma	functional observational	REGULATORY	High	OpenTargets_2024	29058716.0
ENSG00000183765_breast_carcinoma_nan	22	28876649		ENSG00000183765	ENSG00000183765	breast carcinoma	functional observational	REGULATORY	High	OpenTargets_2024	29059683.0
ENSG00000005339_breast_carcinoma_nan	16	4056787		ENSG00000005339	ENSG00000005339	breast carcinoma	functional observational	REGULATORY	High	OpenTargets_2024	29058716.0
ENSG00000257923_breast_carcinoma_nan	7	101909160		ENSG00000257923	ENSG00000257923	breast carcinoma	functional observational	REGULATORY	High	OpenTargets_2024	29059683.0
ENSG00000119772_breast_carcinoma_nan	2	24906604		ENSG00000119772	ENSG00000119772	breast carcinoma	functional observational	REGULATORY	High	OpenTargets_2024	29059683.0
ENSG00000066468_breast_carcinoma_nan	10	121580917		ENSG00000066468	ENSG00000066468	breast carcinoma	functional observational	REGULATORY	High	OpenTargets_2024	29059683.0
ENSG00000107485_breast_carcinoma_nan	10	9046150		ENSG00000107485	ENSG00000107485	breast carcinoma	functional observational	REGULATORY	High	OpenTargets_2024	29059683.0
ENSG00000102554_breast_carcinoma_nan	13	73383544		ENSG00000102554	ENSG00000102554	breast carcinoma	functional observational	REGULATORY	High	OpenTargets_2024	27117709.0
ENSG00000095015_breast_carcinoma_nan	5	56731413		ENSG00000095015	ENSG00000095015	breast carcinoma	functional observational	REGULATORY	High	OpenTargets_2024	29059683.0
ENSG00000136997_breast_carcinoma_nan	8	127359926		ENSG00000136997	ENSG00000136997	breast carcinoma	functional observational	REGULATORY	High	OpenTargets_2024	29059683.0
ENSG00000196712_breast_carcinoma_nan	17	30853978		ENSG00000196712	ENSG00000196712	breast carcinoma	functional observational	REGULATORY	High	OpenTargets_2024	29059683.0
ENSG00000152217_breast_carcinoma_nan	18	44831838		ENSG00000152217	ENSG00000152217	breast carcinoma	functional observational	REGULATORY	High	OpenTargets_2024	29059683.0
ENSG00000135111_breast_carcinoma_nan	12	114668883		ENSG00000135111	ENSG00000135111	breast carcinoma	functional observational	REGULATORY	High	OpenTargets_2024	29059683.0
ENSG00000168769_breast_carcinoma_nan	4	105152352		ENSG00000168769	ENSG00000168769	breast carcinoma	functional observational	REGULATORY	High	OpenTargets_2024	29059683.0
ENSG00000163513_breast_carcinoma_nan	3	30643415		ENSG00000163513	ENSG00000163513	breast carcinoma	functional observational	REGULATORY	High	OpenTargets_2024	29059683.0
ENSG00000185650_breast_carcinoma_nan	14	68513118		ENSG00000185650	ENSG00000185650	breast carcinoma	functional observational	REGULATORY	High	OpenTargets_2024	29059683.0
ENSG00000183779_breast_carcinoma_nan	8	36992428		ENSG00000183779	ENSG00000183779	breast carcinoma	functional observational	REGULATORY	High	OpenTargets_2024	29059683.0
PCSK9_low_density_lipoprot_nan	1	55039974		ENSG00000169174	PCSK9	low density lipoprotein cholesterol measurement	expert curated	REGULATORY	High	OpenTargets_2024	30275531.0
LDLR_low_density_lipoprot_nan	19	11076648		ENSG00000130164	LDLR	low density lipoprotein cholesterol measurement	expert curated	REGULATORY	High	OpenTargets_2024	30275531.0
ENSG00000241635_bilirubin_measuremen_nan	2	233762816		ENSG00000241635	ENSG00000241635	bilirubin measurement	expert curated	REGULATORY	High	OpenTargets_2024	29403010.0
ENSG00000093010_blood_metabolite_mea_nan	22	19963748		ENSG00000093010	ENSG00000093010	blood metabolite measurement	expert curated	REGULATORY	High	OpenTargets_2024	24816252.0
ENSG00000100299_blood_metabolite_mea_nan	22	50625049		ENSG00000100299	ENSG00000100299	blood metabolite measurement	expert curated	REGULATORY	High	OpenTargets_2024	24816252.0
ENSG00000145321_vitamin_D_measuremen_nan	4	71748550		ENSG00000145321	ENSG00000145321	vitamin D measurement	expert curated	REGULATORY	High	OpenTargets_2024	29343764.0
ENSG00000113161_total_cholesterol_me_nan	5	75360714		ENSG00000113161	ENSG00000113161	total cholesterol measurement	expert curated	REGULATORY	High	OpenTargets_2024	30275531.0
ENSG00000106633_D-Glucose_6975024	7	44192287	rs6975024	ENSG00000106633	ENSG00000106633	D-Glucose	expert curated	REGULATORY	High	ProGeM_2019	22885924.0
ENSG00000134640_D-Glucose_10830963	11	92975544	rs10830963	ENSG00000134640	ENSG00000134640	D-Glucose	expert curated	REGULATORY	High	ProGeM_2019	22885924.0
ENSG00000109667_Uric_acid_12498742	4	9942428	rs12498742	ENSG00000109667	ENSG00000109667	Uric acid	expert curated	REGULATORY	High	ProGeM_2019	23263486.0
ENSG00000132170_Cholesterol_7616006	3	12226148	rs7616006	ENSG00000132170	ENSG00000132170	Cholesterol	expert curated	REGULATORY	High	ProGeM_2019	24097068.0
ENSG00000198670_Cholesterol_10455872	6	160589086	rs10455872	ENSG00000198670	ENSG00000198670	Cholesterol	expert curated	REGULATORY	High	ProGeM_2019	24097068.0
ENSG00000087237_high_density_lipopro_247616	16	56955678	rs247616	ENSG00000087237	ENSG00000087237	high density lipoprotein cholesterol measurement	expert curated	REGULATORY	High	ProGeM_2019	24097068.0
ENSG00000169174_low_density_lipoprot_11591147	1	55039974	rs11591147	ENSG00000169174	ENSG00000169174	low density lipoprotein cholesterol measurement	expert curated	REGULATORY	High	ProGeM_2019	24097068.0
ENSG00000084674_low_density_lipoprot_1367117	2	21041028	rs1367117	ENSG00000084674	ENSG00000084674	low density lipoprotein cholesterol measurement	expert curated	REGULATORY	High	ProGeM_2019	24097068.0
ENSG00000130164_low_density_lipoprot_6511720	19	11091630	rs6511720	ENSG00000130164	ENSG00000130164	low density lipoprotein cholesterol measurement	expert curated	REGULATORY	High	ProGeM_2019	24097068.0
ENSG00000132855_triglyceride_measure_4587594	1	62668259	rs4587594	ENSG00000132855	ENSG00000132855	triglyceride measurement	expert curated	REGULATORY	High	ProGeM_2019	24097068.0
ENSG00000000971_C3f,_complement_C3_d_7535263	1	196713216	rs7535263	ENSG00000000971	ENSG00000000971	C3f, complement C3 derived peptide	expert curated	REGULATORY	High	ProGeM_2019	24816252.0
ENSG00000010704_Iron_1800562	6	26092913	rs1800562	ENSG00000010704	ENSG00000010704	Iron	expert curated	REGULATORY	High	ProGeM_2019	25352340.0
ENSG00000169174_Hypercholesterolemia_nan	1	55021673		ENSG00000169174	ENSG00000169174	Hypercholesterolemia	drug	REGULATORY	High	ProGeM_2019	
ENSG00000169174_Disorder_of_lipid_me_nan	1	55023869		ENSG00000169174	ENSG00000169174	Disorder of lipid metabolism	drug	REGULATORY	High	ProGeM_2019	
ENSG00000132170_diabetes_mellitus_nan	3	12288284		ENSG00000132170	ENSG00000132170	diabetes mellitus	drug	REGULATORY	High	ProGeM_2019	
ENSG00000132170_type_II_diabetes_mel_nan	3	12288284		ENSG00000132170	ENSG00000132170	type II diabetes mellitus	drug	REGULATORY	High	ProGeM_2019	30595370.0
ENSG00000096968_polycythemia_vera_nan	9	5049092		ENSG00000096968	ENSG00000096968	polycythemia vera	drug	REGULATORY	High	ProGeM_2019	
ENSG00000187486_type_II_diabetes_mel_nan	11	17386857		ENSG00000187486	ENSG00000187486	type II diabetes mellitus	functional observational	REGULATORY	High	ProGeM_2019	
ENSG00000134640_type_II_diabetes_mel_nan	11	92935809		ENSG00000134640	ENSG00000134640	type II diabetes mellitus	functional observational	REGULATORY	High	ProGeM_2019	22885922.0
ENSG00000135100_type_II_diabetes_mel_nan	12	120890006		ENSG00000135100	ENSG00000135100	type II diabetes mellitus	functional observational	REGULATORY	High	ProGeM_2019	30718926.0
ENSG00000166603_type_II_diabetes_mel_nan	18	60171168		ENSG00000166603	ENSG00000166603	type II diabetes mellitus	functional observational	REGULATORY	High	ProGeM_2019	30718926.0
ENSG00000130203_type_II_diabetes_mel_nan	19	44888997		ENSG00000130203	ENSG00000130203	type II diabetes mellitus	functional observational	REGULATORY	High	ProGeM_2019	27189021.0
ENSG00000100344_type_II_diabetes_mel_nan	22	43928847		ENSG00000100344	ENSG00000100344	type II diabetes mellitus	functional observational	REGULATORY	High	ProGeM_2019	29632382.0
ENSG00000106633_type_II_diabetes_mel_nan	7	44135258		ENSG00000106633	ENSG00000106633	type II diabetes mellitus	functional observational	REGULATORY	High	ProGeM_2019	30718926.0
ENSG00000177508_obesity_nan	16	53767042		ENSG00000177508	ENSG00000177508	obesity	functional observational|functional experimental	REGULATORY	High	ProGeM_2019	30595370.0
ENSG00000145335_Parkinson's_disease_nan	4	89716450		ENSG00000145335	ENSG00000145335	Parkinson's disease	functional observational	REGULATORY	High	ProGeM_2019	22438815.0
ENSG00000132855_lipid_measurement_nan	1	62679768		ENSG00000132855	ENSG00000132855	lipid measurement	functional observational|functional experimental	REGULATORY	High	ProGeM_2019	24097068.0
ENSG00000169174_low_density_lipoprot_nan	1	55039974		ENSG00000169174	ENSG00000169174	low density lipoprotein cholesterol measurement	expert curated	REGULATORY	High	ProGeM_2019	30275531.0
ENSG00000134242_rheumatoid_arthritis_nan	1	113834946		ENSG00000134242	ENSG00000134242	rheumatoid arthritis	expert curated	REGULATORY	High	ProGeM_2019	20453842.0
ENSG00000130164_low_density_lipoprot_nan	19	11076648		ENSG00000130164	ENSG00000130164	low density lipoprotein cholesterol measurement	expert curated	REGULATORY	High	ProGeM_2019	30275531.0
ENSG00000100344_liver_disease_nan	22	43928850		ENSG00000100344	ENSG00000100344	liver disease	expert curated	REGULATORY	High	ProGeM_2019	
ENSG00000010704_iron_biomarker_measu_nan	6	26092913		ENSG00000010704	ENSG00000010704	iron biomarker measurement	expert curated	REGULATORY	High	ProGeM_2019	25352340.0
nan_Urate_levels_2231142	4	88131171	rs2231142			Urate levels		REGULATORY		OpenTargets_GoldStandards_2019	
nan_Total_Cholesterol_558971	1	234717659	rs558971			Total Cholesterol		REGULATORY		OpenTargets_GoldStandards_2019	
nan_Cholesterol,_total_2287623	2	168973645	rs2287623			Cholesterol, total		REGULATORY		OpenTargets_GoldStandards_2019	
nan_Total_Cholesterol_7616006	3	12226148	rs7616006			Total Cholesterol		REGULATORY		OpenTargets_GoldStandards_2019	
nan_HDL_Cholesterol_1883025	9	104902020	rs1883025			HDL Cholesterol		REGULATORY		OpenTargets_GoldStandards_2019	
nan_HDL_Cholesterol_3847502	11	47312134	rs3847502			HDL Cholesterol		REGULATORY		OpenTargets_GoldStandards_2019	
