locus_id	chr	pos_hg38	lead_snp	ensembl_id	gene_symbol	trait	evidence_class	source	derived_from_opentargets_l2g	circularity_risk	confidence
ENSG00000135697_B-Carotene_6564851	16	81230992	rs6564851	ENSG00000135697	ENSG00000135697	B-Carotene	expert curated	OpenTargets_2024	True	HIGH	High
ENSG00000242366_Bilirubin_6742078	2	233763993	rs6742078	ENSG00000242366	ENSG00000242366	Bilirubin	expert curated	OpenTargets_2024	True	HIGH	High
ENSG00000160211_Bilirubin_766420	X	154326058	rs766420	ENSG00000160211	ENSG00000160211	Bilirubin	expert curated	OpenTargets_2024	True	HIGH	High
ENSG00000126821_sphingomyelin_14∶0_m_7157785	14	63768838	rs7157785	ENSG00000126821	ENSG00000126821	sphingomyelin 14∶0 molar percentage	expert curated	OpenTargets_2024	True	HIGH	High
ENSG00000152254_D-Glucose_560887	2	168906638	rs560887	ENSG00000152254	ENSG00000152254	D-Glucose	expert curated	OpenTargets_2024	True	HIGH	High
ENSG00000145321_25-Hydroxyvitamin_D2_2282679	4	71742666	rs2282679	ENSG00000145321	ENSG00000145321	25-Hydroxyvitamin D2	expert curated	OpenTargets_2024	True	HIGH	High
ENSG00000186104_25-Hydroxyvitamin_D2_10741657	11	14893332	rs10741657	ENSG00000186104	ENSG00000186104	25-Hydroxyvitamin D2	expert curated	OpenTargets_2024	True	HIGH	High
ENSG00000172893_25-Hydroxyvitamin_D2_12785878	11	71456403	rs12785878	ENSG00000172893	ENSG00000172893	25-Hydroxyvitamin D2	expert curated	OpenTargets_2024	True	HIGH	High
ENSG00000162551_Phosphorus_1697421	1	21496799	rs1697421	ENSG00000162551	ENSG00000162551	Phosphorus	expert curated	OpenTargets_2024	True	HIGH	High
ENSG00000118972_Phosphorus_2970818	12	4497002	rs2970818	ENSG00000118972	ENSG00000118972	Phosphorus	expert curated	OpenTargets_2024	True	HIGH	High
ENSG00000185499_Magneseium_4072037	1	155192276	rs4072037	ENSG00000185499	ENSG00000185499	Magneseium	expert curated	OpenTargets_2024	True	HIGH	High
ENSG00000119121_Magnesium_11144134	9	74884880	rs11144134	ENSG00000119121	ENSG00000119121	Magnesium	expert curated	OpenTargets_2024	True	HIGH	High
ENSG00000033170_N-glycan_measurement_7159888	14	65291924	rs7159888	ENSG00000033170	ENSG00000033170	N-glycan measurement	expert curated	OpenTargets_2024	True	HIGH	High
ENSG00000117525_D_dimer_measurement_12029080	1	94587797	rs12029080	ENSG00000117525	ENSG00000117525	D dimer measurement	expert curated	OpenTargets_2024	True	HIGH	High
ENSG00000198734_D_dimer_measurement_6687813	1	169508336	rs6687813	ENSG00000198734	ENSG00000198734	D dimer measurement	expert curated	OpenTargets_2024	True	HIGH	High
ENSG00000186115_Alpha-Tocopherol_2108622	19	15879621	rs2108622	ENSG00000186115	ENSG00000186115	Alpha-Tocopherol	expert curated	OpenTargets_2024	True	HIGH	High
ENSG00000197977_Docosapentaenoic_aci_3734398	6	10982740	rs3734398	ENSG00000197977	ENSG00000197977	Docosapentaenoic acid	expert curated	OpenTargets_2024	True	HIGH	High
ENSG00000138207_Vitamin_A_10882272	10	93588425	rs10882272	ENSG00000138207	ENSG00000138207	Vitamin A	expert curated	OpenTargets_2024	True	HIGH	High
ENSG00000118271_Vitamin_A_1667255	18	31607316	rs1667255	ENSG00000118271	ENSG00000118271	Vitamin A	expert curated	OpenTargets_2024	True	HIGH	High
ENSG00000106546_Caffeine___Quinic_ac_12670403	7	17269655	rs12670403	ENSG00000106546	ENSG00000106546	Caffeine / Quinic acid	expert curated|expert curated	OpenTargets_2024	True	HIGH	High
ENSG00000135318_Inosine_494562	6	85407411	rs494562	ENSG00000135318	ENSG00000135318	Inosine	expert curated	OpenTargets_2024	True	HIGH	High
ENSG00000129214_Testosterone_12150660	17	7618597	rs12150660	ENSG00000129214	ENSG00000129214	Testosterone	expert curated	OpenTargets_2024	True	HIGH	High
ENSG00000115902_L-Alanine___L-Valine_2160387	2	64993776	rs2160387	ENSG00000115902	ENSG00000115902	L-Alanine / L-Valine	expert curated	OpenTargets_2024	True	HIGH	High
ENSG00000198650_L-Phenylalanine___L-_4788815	16	71600908	rs4788815	ENSG00000198650	ENSG00000198650	L-Phenylalanine / L-Tyrosine	expert curated	OpenTargets_2024	True	HIGH	High
ENSG00000110090_Linoleic_acid_2229738	11	68794860	rs2229738	ENSG00000110090	ENSG00000110090	Linoleic acid	expert curated	OpenTargets_2024	True	HIGH	High
ENSG00000204310_similar_to_Phosphati_1061808	6	32168770	rs1061808	ENSG00000204310	ENSG00000204310	similar to Phosphatidylcholine(18:0/14:0)|Phosphatidylcholine(16:1/18:0)	expert curated	OpenTargets_2024	True	HIGH	High
ENSG00000145246_sphingolipid_measure_13106975	4	47549846	rs13106975	ENSG00000145246	ENSG00000145246	sphingolipid measurement	expert curated	OpenTargets_2024	True	HIGH	High
ENSG00000214435_Dimethylarsinate_9527	10	102863821	rs9527	ENSG00000214435	ENSG00000214435	Dimethylarsinate	expert curated	OpenTargets_2024	True	HIGH	High
ENSG00000197891_Urea_504915	11	64696613	rs504915	ENSG00000197891	ENSG00000197891	Urea	expert curated|expert curated	OpenTargets_2024	True	HIGH	High
ENSG00000132874_Urea_7227483	18	45607165	rs7227483	ENSG00000132874	ENSG00000132874	Urea	expert curated	OpenTargets_2024	True	HIGH	High
ENSG00000163581_D-Glucose_1280	3	170995501	rs1280	ENSG00000163581	ENSG00000163581	D-Glucose	expert curated	OpenTargets_2024	True	HIGH	High
ENSG00000073792_D-Glucose_7651090	3	185795604	rs7651090	ENSG00000073792	ENSG00000073792	D-Glucose	expert curated	OpenTargets_2024	True	HIGH	High
ENSG00000175426_D-Glucose_4869272	5	96203744	rs4869272	ENSG00000175426	ENSG00000175426	D-Glucose	expert curated	OpenTargets_2024	True	HIGH	High
GCK_D-Glucose_6975024	7	44192287	rs6975024	ENSG00000106633	GCK	D-Glucose	expert curated	OpenTargets_2024	True	HIGH	High
MTNR1B_D-Glucose_10830963	11	92975544	rs10830963	ENSG00000134640	MTNR1B	D-Glucose	expert curated	OpenTargets_2024	True	HIGH	High
ENSG00000139515_D-Glucose_11619319	13	27913462	rs11619319	ENSG00000139515	ENSG00000139515	D-Glucose	expert curated|expert curated	OpenTargets_2024	True	HIGH	High
ENSG00000174827_Uric_acid_1471633	1	145711327	rs1471633	ENSG00000174827	ENSG00000174827	Uric acid	expert curated	OpenTargets_2024	True	HIGH	High
SLC2A9_Uric_acid_12498742	4	9942428	rs12498742	ENSG00000109667	SLC2A9	Uric acid	expert curated	OpenTargets_2024	True	HIGH	High
ENSG00000118777_Uric_acid_2231142	4	88131171	rs2231142	ENSG00000118777	ENSG00000118777	Uric acid	expert curated	OpenTargets_2024	True	HIGH	High
ENSG00000123684_Stearic_acid_11119805	1	211744902	rs11119805	ENSG00000123684	ENSG00000123684	Stearic acid	expert curated	OpenTargets_2024	True	HIGH	High
ENSG00000211452_Thyroxine_2235544	1	53909897	rs2235544	ENSG00000211452	ENSG00000211452	Thyroxine	expert curated	OpenTargets_2024	True	HIGH	High
ENSG00000178919_Thyroxine_7045138	9	97829181	rs7045138	ENSG00000178919	ENSG00000178919	Thyroxine	expert curated	OpenTargets_2024	True	HIGH	High
ENSG00000107187_Thyroxine_7860634	9	136197833	rs7860634	ENSG00000107187	ENSG00000107187	Thyroxine	expert curated	OpenTargets_2024	True	HIGH	High
ENSG00000180543_Estradiol_1864729	8	97269961	rs1864729	ENSG00000180543	ENSG00000180543	Estradiol	expert curated	OpenTargets_2024	True	HIGH	High
ENSG00000143416_Copper_2769264	1	151372265	rs2769264	ENSG00000143416	ENSG00000143416	Copper	expert curated	OpenTargets_2024	True	HIGH	High
ENSG00000135218_high_density_lipopro_2366858	7	80711306	rs2366858	ENSG00000135218	ENSG00000135218	high density lipoprotein cholesterol measurement	expert curated	OpenTargets_2024	True	HIGH	High
ENSG00000132837_Dimethlyglycine_248386	5	79034404	rs248386	ENSG00000132837	ENSG00000132837	Dimethlyglycine	expert curated	OpenTargets_2024	True	HIGH	High
ENSG00000038002_L-Asparagine_4690522	4	177439897	rs4690522	ENSG00000038002	ENSG00000038002	L-Asparagine	expert curated	OpenTargets_2024	True	HIGH	High
ENSG00000114491_Orotic_acid_9844948	3	124732217	rs9844948	ENSG00000114491	ENSG00000114491	Orotic acid	expert curated	OpenTargets_2024	True	HIGH	High
ENSG00000123561_Thyroxine_7883218	X	106032618	rs7883218	ENSG00000123561	ENSG00000123561	Thyroxine	expert curated	OpenTargets_2024	True	HIGH	High
ENSG00000177000_Homocysteine_1801133	1	11796321	rs1801133	ENSG00000177000	ENSG00000177000	Homocysteine	expert curated	OpenTargets_2024	True	HIGH	High
ENSG00000132763_Homocysteine_4660306	1	45513003	rs4660306	ENSG00000132763	ENSG00000132763	Homocysteine	expert curated	OpenTargets_2024	True	HIGH	High
ENSG00000116984_Homocysteine_2275565	1	236885376	rs2275565	ENSG00000116984	ENSG00000116984	Homocysteine	expert curated	OpenTargets_2024	True	HIGH	High
ENSG00000146085_Homocysteine_9369898	6	49414480	rs9369898	ENSG00000146085	ENSG00000146085	Homocysteine	expert curated	OpenTargets_2024	True	HIGH	High
ENSG00000134612_Homocysteine_7130284	11	89415204	rs7130284	ENSG00000134612	ENSG00000134612	Homocysteine	expert curated	OpenTargets_2024	True	HIGH	High
ENSG00000015413_Homocysteine_154657	16	89641688	rs154657	ENSG00000015413	ENSG00000015413	Homocysteine	expert curated	OpenTargets_2024	True	HIGH	High
ENSG00000171766_Homo-L-arginine_1153858	15	45360505	rs1153858	ENSG00000171766	ENSG00000171766	Homo-L-arginine	expert curated	OpenTargets_2024	True	HIGH	High
ENSG00000137869_Estradiol_2414095	15	51232095	rs2414095	ENSG00000137869	ENSG00000137869	Estradiol	expert curated	OpenTargets_2024	True	HIGH	High
ENSG00000144481_Calcium_1550532	2	233356202	rs1550532	ENSG00000144481	ENSG00000144481	Calcium	expert curated	OpenTargets_2024	True	HIGH	High
ENSG00000036828_Calcium_1801725	3	122284910	rs1801725	ENSG00000036828	ENSG00000036828	Calcium	expert curated	OpenTargets_2024	True	HIGH	High
ENSG00000169919_Calcium_17711722	7	65806210	rs17711722	ENSG00000169919	ENSG00000169919	Calcium	expert curated	OpenTargets_2024	True	HIGH	High
ENSG00000019186_Calcium_1570669	20	54157888	rs1570669	ENSG00000019186	ENSG00000019186	Calcium	expert curated	OpenTargets_2024	True	HIGH	High
ENSG00000168264_Cholesterol_558971	1	234717659	rs558971	ENSG00000168264	ENSG00000168264	Cholesterol	expert curated	OpenTargets_2024	True	HIGH	High
ENSG00000073734_Cholesterol_2287623	2	168973645	rs2287623	ENSG00000073734	ENSG00000073734	Cholesterol	expert curated	OpenTargets_2024	True	HIGH	High
PPARG_Cholesterol_7616006	3	12226148	rs7616006	ENSG00000132170	PPARG	Cholesterol	expert curated	OpenTargets_2024	True	HIGH	High
LPA_Cholesterol_10455872	6	160589086	rs10455872	ENSG00000198670	LPA	Cholesterol	expert curated	OpenTargets_2024	True	HIGH	High
ENSG00000167910_Cholesterol_4738684	8	58480714	rs4738684	ENSG00000167910	ENSG00000167910	Cholesterol	expert curated|expert curated	OpenTargets_2024	True	HIGH	High
ENSG00000147852_Cholesterol_3780181	9	2640759	rs3780181	ENSG00000147852	ENSG00000147852	Cholesterol	expert curated	OpenTargets_2024	True	HIGH	High
ENSG00000186951_Cholesterol_4253772	22	46231706	rs4253772	ENSG00000186951	ENSG00000186951	Cholesterol	expert curated	OpenTargets_2024	True	HIGH	High
ENSG00000163382_high_density_lipopro_12145743	1	156730859	rs12145743	ENSG00000163382	ENSG00000163382	high density lipoprotein cholesterol measurement	expert curated	OpenTargets_2024	True	HIGH	High
ENSG00000143641_high_density_lipopro_4846914	1	230159944	rs4846914	ENSG00000143641	ENSG00000143641	high density lipoprotein cholesterol measurement	expert curated	OpenTargets_2024	True	HIGH	High
ENSG00000182851_high_density_lipopro_10087900	8	143221248	rs10087900	ENSG00000182851	ENSG00000182851	high density lipoprotein cholesterol measurement	expert curated	OpenTargets_2024	True	HIGH	High
ENSG00000165029_high_density_lipopro_1883025	9	104902020	rs1883025	ENSG00000165029	ENSG00000165029	high density lipoprotein cholesterol measurement	expert curated	OpenTargets_2024	True	HIGH	High
ENSG00000025434_high_density_lipopro_3847502	11	47312134	rs3847502	ENSG00000025434	ENSG00000025434	high density lipoprotein cholesterol measurement	expert curated	OpenTargets_2024	True	HIGH	High
ENSG00000062282_high_density_lipopro_499974	11	75743976	rs499974	ENSG00000062282	ENSG00000062282	high density lipoprotein cholesterol measurement	expert curated	OpenTargets_2024	True	HIGH	High
ENSG00000110921_high_density_lipopro_2241210	12	109512339	rs2241210	ENSG00000110921	ENSG00000110921	high density lipoprotein cholesterol measurement	expert curated	OpenTargets_2024	True	HIGH	High
ENSG00000073060_high_density_lipopro_838876	12	124775342	rs838876	ENSG00000073060	ENSG00000073060	high density lipoprotein cholesterol measurement	expert curated	OpenTargets_2024	True	HIGH	High
ENSG00000142208_high_density_lipopro_4983559	14	104810872	rs4983559	ENSG00000142208	ENSG00000142208	high density lipoprotein cholesterol measurement	expert curated	OpenTargets_2024	True	HIGH	High
ENSG00000166035_high_density_lipopro_1532085	15	58391167	rs1532085	ENSG00000166035	ENSG00000166035	high density lipoprotein cholesterol measurement	expert curated	OpenTargets_2024	True	HIGH	High
CETP_high_density_lipopro_247616	16	56955678	rs247616	ENSG00000087237	CETP	high density lipoprotein cholesterol measurement	expert curated	OpenTargets_2024	True	HIGH	High
ENSG00000213398_high_density_lipopro_16942887	16	67894139	rs16942887	ENSG00000213398	ENSG00000213398	high density lipoprotein cholesterol measurement	expert curated	OpenTargets_2024	True	HIGH	High
ENSG00000131748_high_density_lipopro_113612868	17	39665182	rs113612868	ENSG00000131748	ENSG00000131748	high density lipoprotein cholesterol measurement	expert curated	OpenTargets_2024	True	HIGH	High
ENSG00000101670_high_density_lipopro_4939883	18	49640844	rs4939883	ENSG00000101670	ENSG00000101670	high density lipoprotein cholesterol measurement	expert curated	OpenTargets_2024	True	HIGH	High
ENSG00000101076_high_density_lipopro_1800961	20	44413724	rs1800961	ENSG00000101076	ENSG00000101076	high density lipoprotein cholesterol measurement	expert curated	OpenTargets_2024	True	HIGH	High
ENSG00000157978_low_density_lipoprot_10903129	1	25442446	rs10903129	ENSG00000157978	ENSG00000157978	low density lipoprotein cholesterol measurement	expert curated	OpenTargets_2024	True	HIGH	High
PCSK9_low_density_lipoprot_11591147	1	55039974	rs11591147	ENSG00000169174	PCSK9	low density lipoprotein cholesterol measurement	expert curated	OpenTargets_2024	True	HIGH	High
ENSG00000134243_low_density_lipoprot_646776	1	109275908	rs646776	ENSG00000134243	ENSG00000134243	low density lipoprotein cholesterol measurement	expert curated	OpenTargets_2024	True	HIGH	High
APOB_low_density_lipoprot_1367117	2	21041028	rs1367117	ENSG00000084674	APOB	low density lipoprotein cholesterol measurement	expert curated	OpenTargets_2024	True	HIGH	High
ENSG00000125629_low_density_lipoprot_10490626	2	118078265	rs10490626	ENSG00000125629	ENSG00000125629	low density lipoprotein cholesterol measurement	expert curated	OpenTargets_2024	True	HIGH	High
ENSG00000113161_low_density_lipoprot_12916	5	75360714	rs12916	ENSG00000113161	ENSG00000113161	low density lipoprotein cholesterol measurement	expert curated	OpenTargets_2024	True	HIGH	High
ENSG00000007944_low_density_lipoprot_3757354	6	16127176	rs3757354	ENSG00000007944	ENSG00000007944	low density lipoprotein cholesterol measurement	expert curated	OpenTargets_2024	True	HIGH	High
ENSG00000015520_low_density_lipoprot_2073547	7	44542732	rs2073547	ENSG00000015520	ENSG00000015520	low density lipoprotein cholesterol measurement	expert curated	OpenTargets_2024	True	HIGH	High
ENSG00000257017_low_density_lipoprot_2000999	16	72074194	rs2000999	ENSG00000257017	ENSG00000257017	low density lipoprotein cholesterol measurement	expert curated	OpenTargets_2024	True	HIGH	High
ENSG00000091583_low_density_lipoprot_1801689	17	66214462	rs1801689	ENSG00000091583	ENSG00000091583	low density lipoprotein cholesterol measurement	expert curated	OpenTargets_2024	True	HIGH	High
LDLR_low_density_lipoprot_6511720	19	11091630	rs6511720	ENSG00000130164	LDLR	low density lipoprotein cholesterol measurement	expert curated	OpenTargets_2024	True	HIGH	High
ANGPTL3_triglyceride_measure_4587594	1	62668259	rs4587594	ENSG00000132855	ANGPTL3	triglyceride measurement	expert curated	OpenTargets_2024	True	HIGH	High
ENSG00000163956_triglyceride_measure_6831256	4	3471412	rs6831256	ENSG00000163956	ENSG00000163956	triglyceride measurement	expert curated	OpenTargets_2024	True	HIGH	High
ENSG00000105974_triglyceride_measure_38855	7	116717990	rs38855	ENSG00000105974	ENSG00000105974	triglyceride measurement	expert curated	OpenTargets_2024	True	HIGH	High
ENSG00000175445_triglyceride_measure_12678919	8	19986711	rs12678919	ENSG00000175445	ENSG00000175445	triglyceride measurement	expert curated	OpenTargets_2024	True	HIGH	High
ENSG00000173334_triglyceride_measure_2954022	8	125470379	rs2954022	ENSG00000173334	ENSG00000173334	triglyceride measurement	expert curated	OpenTargets_2024	True	HIGH	High
ENSG00000153904_Asymmetric_dimethyla_28489187	1	85331427	rs28489187	ENSG00000153904	ENSG00000153904	Asymmetric dimethylarginine	expert curated	OpenTargets_2024	True	HIGH	High
ENSG00000167772_triglyceride_measure_116843064	19	8364439	rs116843064	ENSG00000167772	ENSG00000167772	triglyceride measurement	expert curated	OpenTargets_2024	True	HIGH	High
ENSG00000165841_Desmethylcitalopram__1074145	10	94922089	rs1074145	ENSG00000165841	ENSG00000165841	Desmethylcitalopram / Citalopram	expert curated	OpenTargets_2024	True	HIGH	High
ENSG00000100197_Didemethylcitalopram_1065852	22	42130692	rs1065852	ENSG00000100197	ENSG00000100197	Didemethylcitalopram	expert curated	OpenTargets_2024	True	HIGH	High
ENSG00000176920_L-Fucose_2287921	19	48725015	rs2287921	ENSG00000176920	ENSG00000176920	L-Fucose	expert curated	OpenTargets_2024	True	HIGH	High
ENSG00000021488_L-Lysine_8101881	19	32873722	rs8101881	ENSG00000021488	ENSG00000021488	L-Lysine	expert curated	OpenTargets_2024	True	HIGH	High
ENSG00000132744_N-Acetyl-L-phenylala_12288023	11	67653870	rs12288023	ENSG00000132744	ENSG00000132744	N-Acetyl-L-phenylalanine	expert curated	OpenTargets_2024	True	HIGH	High
ENSG00000118094_Trehalose_507080	11	118678873	rs507080	ENSG00000118094	ENSG00000118094	Trehalose	expert curated	OpenTargets_2024	True	HIGH	High
ENSG00000144908_Homocysteine_10934753	3	126187336	rs10934753	ENSG00000144908	ENSG00000144908	Homocysteine	expert curated	OpenTargets_2024	True	HIGH	High
ENSG00000124713_Homocysteine_9296404	6	42958065	rs9296404	ENSG00000124713	ENSG00000124713	Homocysteine	expert curated	OpenTargets_2024	True	HIGH	High
ENSG00000160200_Homocysteine_234714	21	43067923	rs234714	ENSG00000160200	ENSG00000160200	Homocysteine	expert curated	OpenTargets_2024	True	HIGH	High
ENSG00000147576_(S)-3,4-Dihydroxybut_1030420	8	66448490	rs1030420	ENSG00000147576	ENSG00000147576	(S)-3,4-Dihydroxybutyric acid	expert curated	OpenTargets_2024	True	HIGH	High
ENSG00000131187___Bradykinin_2731672	5	177415473	rs2731672	ENSG00000131187	ENSG00000131187	/ Bradykinin	expert curated	OpenTargets_2024	True	HIGH	High
ENSG00000156006_1-methylxanthine_4921914	8	18414928	rs4921914	ENSG00000156006	ENSG00000156006	1-methylxanthine	expert curated	OpenTargets_2024	True	HIGH	High
ENSG00000108839_12-HETE_2271316	17	7012082	rs2271316	ENSG00000108839	ENSG00000108839	12-HETE	expert curated|expert curated	OpenTargets_2024	True	HIGH	High
ENSG00000133027_2-Arachidonoylglycer_748196	17	17519454	rs748196	ENSG00000133027	ENSG00000133027	2-Arachidonoylglycerophosphocholine	expert curated	OpenTargets_2024	True	HIGH	High
ENSG00000116882_2-Hydroxy-3-methylbu_12141041	1	119410153	rs12141041	ENSG00000116882	ENSG00000116882	2-Hydroxy-3-methylbutyric acid	expert curated	OpenTargets_2024	True	HIGH	High
ENSG00000134333_2-Hydroxy-3-methylbu_2403254	11	18303599	rs2403254	ENSG00000134333	ENSG00000134333	2-Hydroxy-3-methylbutyric acid	expert curated	OpenTargets_2024	True	HIGH	High
ENSG00000131203_5-Hydroxy-L-tryptoph_2160860	8	39965626	rs2160860	ENSG00000131203	ENSG00000131203	5-Hydroxy-L-tryptophan	expert curated	OpenTargets_2024	True	HIGH	High
ENSG00000145626_5alpha-pregnan-3beta_10491431	5	35967898	rs10491431	ENSG00000145626	ENSG00000145626	5alpha-pregnan-3beta,20alpha-diol disulfate	expert curated	OpenTargets_2024	True	HIGH	High
ENSG00000198721_9-Decenoylcarnitine_9392556	6	4145964	rs9392556	ENSG00000198721	ENSG00000198721	9-Decenoylcarnitine	expert curated	OpenTargets_2024	True	HIGH	High
ENSG00000144644_Acetylcarnosine_6804368	3	30712081	rs6804368	ENSG00000144644	ENSG00000144644	Acetylcarnosine	expert curated	OpenTargets_2024	True	HIGH	High
ENSG00000198610_Androsterone_sulfate_17134585	10	5214309	rs17134585	ENSG00000198610	ENSG00000198610	Androsterone sulfate / Epiandrosterone Sulfate	expert curated	OpenTargets_2024	True	HIGH	High
ENSG00000149485_Arachidonate___8,11,_174548	11	61803876	rs174548	ENSG00000149485	ENSG00000149485	Arachidonate / 8,11,14-Eicosatrienoic acid	expert curated	OpenTargets_2024	True	HIGH	High
ENSG00000125505_Arachidonate|1-Arach_2576452	19	54172738	rs2576452	ENSG00000125505	ENSG00000125505	Arachidonate|1-Arachidonoylglycerophosphoinositol	expert curated	OpenTargets_2024	True	HIGH	High
ENSG00000159640_Aspartylphenylalanin_4343	17	63488670	rs4343	ENSG00000159640	ENSG00000159640	Aspartylphenylalanine / 	expert curated	OpenTargets_2024	True	HIGH	High
ENSG00000145692_Betaine_16876394	5	79050946	rs16876394	ENSG00000145692	ENSG00000145692	Betaine	expert curated|expert curated	OpenTargets_2024	True	HIGH	High
ENSG00000111181_Betaine_499368	12	211754	rs499368	ENSG00000111181	ENSG00000111181	Betaine	expert curated	OpenTargets_2024	True	HIGH	High
ENSG00000113889_Bradykinin_5030062	3	186736391	rs5030062	ENSG00000113889	ENSG00000113889	Bradykinin	expert curated	OpenTargets_2024	True	HIGH	High
ENSG00000164344_Bradykinin_4253311	4	186253529	rs4253311	ENSG00000164344	ENSG00000164344	Bradykinin	expert curated	OpenTargets_2024	True	HIGH	High
ENSG00000122971_Butyrylcarnitine_2066938	12	120722812	rs2066938	ENSG00000122971	ENSG00000122971	Butyrylcarnitine	expert curated	OpenTargets_2024	True	HIGH	High
CFH_C3f,_complement_C3_d_7535263	1	196713216	rs7535263	ENSG00000000971	CFH	C3f, complement C3 derived peptide	expert curated	OpenTargets_2024	True	HIGH	High
ENSG00000166825_C3f,_complement_C3_d_2007084	15	89802104	rs2007084	ENSG00000166825	ENSG00000166825	C3f, complement C3 derived peptide	expert curated|expert curated	OpenTargets_2024	True	HIGH	High
ENSG00000059573_Citrulline_56322409	10	95636205	rs56322409	ENSG00000059573	ENSG00000059573	Citrulline	expert curated	OpenTargets_2024	True	HIGH	High
ENSG00000049319_cortolone_glucuronid_559555	2	31585905	rs559555	ENSG00000049319	ENSG00000049319	cortolone glucuronide	expert curated	OpenTargets_2024	True	HIGH	High
ENSG00000100031_Cysteineglutathione__2330809	22	24606114	rs2330809	ENSG00000100031	ENSG00000100031	Cysteineglutathione disulfide	expert curated	OpenTargets_2024	True	HIGH	High
ENSG00000171503_Decanoylcarnitine_8396	4	158709665	rs8396	ENSG00000171503	ENSG00000171503	Decanoylcarnitine	expert curated	OpenTargets_2024	True	HIGH	High
ENSG00000117448_erythritol_7542172	1	46525009	rs7542172	ENSG00000117448	ENSG00000117448	erythritol	expert curated	OpenTargets_2024	True	HIGH	High
ENSG00000140284_Ethyl_10-undecenoate_1365505	15	50184941	rs1365505	ENSG00000140284	ENSG00000140284	Ethyl 10-undecenoate / 	expert curated	OpenTargets_2024	True	HIGH	High
ENSG00000175164_Fibrinopeptide_A_649129	9	133278860	rs649129	ENSG00000175164	ENSG00000175164	Fibrinopeptide A	expert curated	OpenTargets_2024	True	HIGH	High
ENSG00000157184_Glutarylcarnitine_13375749	1	53230210	rs13375749	ENSG00000157184	ENSG00000157184	Glutarylcarnitine	expert curated	OpenTargets_2024	True	HIGH	High
ENSG00000105607_Glutarylcarnitine_8012	19	12899706	rs8012	ENSG00000105607	ENSG00000105607	Glutarylcarnitine	expert curated	OpenTargets_2024	True	HIGH	High
ENSG00000078070_hydroxyisovaleroyl_c_2270968	3	183037421	rs2270968	ENSG00000078070	ENSG00000078070	hydroxyisovaleroyl carnitine	expert curated	OpenTargets_2024	True	HIGH	High
ENSG00000137198_Hypoxanthine_6459467	6	16287961	rs6459467	ENSG00000137198	ENSG00000137198	Hypoxanthine	expert curated	OpenTargets_2024	True	HIGH	High
ENSG00000132437_Indoleacetic_acid_7809234	7	50542681	rs7809234	ENSG00000132437	ENSG00000132437	Indoleacetic acid	expert curated	OpenTargets_2024	True	HIGH	High
ENSG00000171097_Indolelactic_acid_15676	9	128809748	rs15676	ENSG00000171097	ENSG00000171097	Indolelactic acid	expert curated	OpenTargets_2024	True	HIGH	High
ENSG00000175003_isobutyrylcarnitine_662138	6	160143444	rs662138	ENSG00000175003	ENSG00000175003	isobutyrylcarnitine	expert curated	OpenTargets_2024	True	HIGH	High
ENSG00000140374_isobutyrylcarnitine_2404602	15	76738451	rs2404602	ENSG00000140374	ENSG00000140374	isobutyrylcarnitine	expert curated	OpenTargets_2024	True	HIGH	High
ENSG00000136143_Ketoleucine_4941615	13	47885766	rs4941615	ENSG00000136143	ENSG00000136143	Ketoleucine	expert curated	OpenTargets_2024	True	HIGH	High
ENSG00000117054_L-Acetylcarnitine|He_4949874	1	75696204	rs4949874	ENSG00000117054	ENSG00000117054	L-Acetylcarnitine|Hexanoylcarnitine	expert curated	OpenTargets_2024	True	HIGH	High
ENSG00000162174_L-Asparagine_3017098	11	62409471	rs3017098	ENSG00000162174	ENSG00000162174	L-Asparagine	expert curated	OpenTargets_2024	True	HIGH	High
ENSG00000166183_L-Asparagine_2011069	14	104141731	rs2011069	ENSG00000166183	ENSG00000166183	L-Asparagine	expert curated	OpenTargets_2024	True	HIGH	High
ENSG00000103257_L-Kynurenine_8051149	16	87845216	rs8051149	ENSG00000103257	ENSG00000103257	L-Kynurenine	expert curated	OpenTargets_2024	True	HIGH	High
ENSG00000092621_L-Serine_1163251	1	119667132	rs1163251	ENSG00000092621	ENSG00000092621	L-Serine	expert curated	OpenTargets_2024	True	HIGH	High
ENSG00000151790_L-Tryptophan_13122250	4	155887136	rs13122250	ENSG00000151790	ENSG00000151790	L-Tryptophan	expert curated	OpenTargets_2024	True	HIGH	High
ENSG00000197375_L-Valine___Isovalery_272889	5	132329685	rs272889	ENSG00000197375	ENSG00000197375	L-Valine / Isovalerylcarnitine	expert curated	OpenTargets_2024	True	HIGH	High
ENSG00000159445_Linoleic_acid___5,8-_6693388	1	151958169	rs6693388	ENSG00000159445	ENSG00000159445	Linoleic acid / 5,8-Tetradecadienoic acid	expert curated	OpenTargets_2024	True	HIGH	High
ENSG00000007933_Methylcysteine_7061710	1	171111474	rs7061710	ENSG00000007933	ENSG00000007933	Methylcysteine	expert curated	OpenTargets_2024	True	HIGH	High
ENSG00000105655_myo-Inositol_4808136	19	18508057	rs4808136	ENSG00000105655	ENSG00000105655	myo-Inositol	expert curated	OpenTargets_2024	True	HIGH	High
ENSG00000099194_Myristic_acid___Myri_603424	10	100315722	rs603424	ENSG00000099194	ENSG00000099194	Myristic acid / Myristoleic acid	expert curated	OpenTargets_2024	True	HIGH	High
ENSG00000002726_N-(3-acetamidopropyl_1005390	7	150846633	rs1005390	ENSG00000002726	ENSG00000002726	N-(3-acetamidopropyl)pyrrolidin-2-one	expert curated	OpenTargets_2024	True	HIGH	High
ENSG00000148832_N-(3-acetamidopropyl_11101730	10	133383832	rs11101730	ENSG00000148832	ENSG00000148832	N-(3-acetamidopropyl)pyrrolidin-2-one	expert curated|expert curated	OpenTargets_2024	True	HIGH	High
ENSG00000144035_N-Acetylornithine____13538	2	73641201	rs13538	ENSG00000144035	ENSG00000144035	N-Acetylornithine / myo-Inositol	expert curated	OpenTargets_2024	True	HIGH	High
ENSG00000153086_N1-Methyl-4-pyridone_6430553	2	134873830	rs6430553	ENSG00000153086	ENSG00000153086	N1-Methyl-4-pyridone-3-carboxamide	expert curated|expert curated	OpenTargets_2024	True	HIGH	High
ENSG00000115361_Nonanoylcarnitine_3738934	2	210009522	rs3738934	ENSG00000115361	ENSG00000115361	Nonanoylcarnitine	expert curated	OpenTargets_2024	True	HIGH	High
ENSG00000093010_O-methylascorbate_4680	22	19963748	rs4680	ENSG00000093010	ENSG00000093010	O-methylascorbate	expert curated	OpenTargets_2024	True	HIGH	High
ENSG00000100299_O-Sulfotyrosine_6151429	22	50625049	rs6151429	ENSG00000100299	ENSG00000100299	O-Sulfotyrosine	expert curated	OpenTargets_2024	True	HIGH	High
ENSG00000138074_Pantothenic_acid_1395	2	27201768	rs1395	ENSG00000138074	ENSG00000138074	Pantothenic acid	expert curated	OpenTargets_2024	True	HIGH	High
ENSG00000125166_Phenyllactic_acid____12709013	16	58795886	rs12709013	ENSG00000125166	ENSG00000125166	Phenyllactic acid / L-Phenylalanine	expert curated	OpenTargets_2024	True	HIGH	High
ENSG00000163931_Phosphate___Erythron_4687717	3	53248172	rs4687717	ENSG00000163931	ENSG00000163931	Phosphate / Erythronic acid	expert curated	OpenTargets_2024	True	HIGH	High
ENSG00000128928_Propionylcarnitine___9635324	15	40411012	rs9635324	ENSG00000128928	ENSG00000128928	Propionylcarnitine / Isovalerylcarnitine	expert curated	OpenTargets_2024	True	HIGH	High
ENSG00000178814_Pyroglutamic_acid_12550729	8	144100505	rs12550729	ENSG00000178814	ENSG00000178814	Pyroglutamic acid	expert curated	OpenTargets_2024	True	HIGH	High
ENSG00000105398_similar_to_5-Androst_2547231	19	47881800	rs2547231	ENSG00000105398	ENSG00000105398	similar to 5-Androstenediol	expert curated	OpenTargets_2024	True	HIGH	High
ENSG00000172340_Succinylcarnitine_17806888	3	67365898	rs17806888	ENSG00000172340	ENSG00000172340	Succinylcarnitine	expert curated	OpenTargets_2024	True	HIGH	High
ENSG00000187048_Undecylenic_acid___1_6678639	1	46866294	rs6678639	ENSG00000187048	ENSG00000187048	Undecylenic acid / 11-Hydroxy-9-tridecenoic acid	expert curated	OpenTargets_2024	True	HIGH	High
ENSG00000158825_Uridine_532545	1	20588679	rs532545	ENSG00000158825	ENSG00000158825	Uridine	expert curated	OpenTargets_2024	True	HIGH	High
ENSG00000183696_Uridine_2686796	7	48063314	rs2686796	ENSG00000183696	ENSG00000183696	Uridine	expert curated	OpenTargets_2024	True	HIGH	High
ENSG00000025708_Uridine_131794	22	50533323	rs131794	ENSG00000025708	ENSG00000025708	Uridine	expert curated	OpenTargets_2024	True	HIGH	High
ENSG00000107611_Cobalamin_1801222	10	17114152	rs1801222	ENSG00000107611	ENSG00000107611	Cobalamin	expert curated	OpenTargets_2024	True	HIGH	High
ENSG00000125798_D-Glucose_6048216	20	22600630	rs6048216	ENSG00000125798	ENSG00000125798	D-Glucose	expert curated	OpenTargets_2024	True	HIGH	High
ENSG00000118520_L-Arginine_2248551	6	131603549	rs2248551	ENSG00000118520	ENSG00000118520	L-Arginine	expert curated	OpenTargets_2024	True	HIGH	High
ENSG00000109181_Cotinine_glucuronide_34100980	4	68807835	rs34100980	ENSG00000109181	ENSG00000109181	Cotinine glucuronide	expert curated	OpenTargets_2024	True	HIGH	High
ENSG00000091513_Iron_8177240	3	133758857	rs8177240	ENSG00000091513	ENSG00000091513	Iron	expert curated	OpenTargets_2024	True	HIGH	High
HFE_Iron_1800562	6	26092913	rs1800562	ENSG00000010704	HFE	Iron	expert curated	OpenTargets_2024	True	HIGH	High
ENSG00000106327_Iron_7385804	7	100638347	rs7385804	ENSG00000106327	ENSG00000106327	Iron	expert curated	OpenTargets_2024	True	HIGH	High
ENSG00000187045_Iron_855791	22	37066896	rs855791	ENSG00000187045	ENSG00000187045	Iron	expert curated	OpenTargets_2024	True	HIGH	High
ENSG00000090661_Arachidic_acid_2100944	19	8216751	rs2100944	ENSG00000090661	ENSG00000090661	Arachidic acid	expert curated	OpenTargets_2024	True	HIGH	High
ENSG00000111684_Oleic_Acid_2110073	12	6966719	rs2110073	ENSG00000111684	ENSG00000111684	Oleic Acid	expert curated	OpenTargets_2024	True	HIGH	High
ENSG00000148218_Lead_1805313	9	113388911	rs1805313	ENSG00000148218	ENSG00000148218	Lead	expert curated	OpenTargets_2024	True	HIGH	High
ENSG00000196660_Manganese_1776029	1	219906686	rs1776029	ENSG00000196660	ENSG00000196660	Manganese	expert curated	OpenTargets_2024	True	HIGH	High
ENSG00000172296_Hydroxysphingomyelin_4814176	20	12978750	rs4814176	ENSG00000172296	ENSG00000172296	Hydroxysphingomyeline C24:1	expert curated	OpenTargets_2024	True	HIGH	High
ENSG00000165449_L-Carnitine_1171614	10	59709780	rs1171614	ENSG00000165449	ENSG00000165449	L-Carnitine	expert curated	OpenTargets_2024	True	HIGH	High
ENSG00000100033_L-Proline_2540641	22	18972171	rs2540641	ENSG00000100033	ENSG00000100033	L-Proline	expert curated	OpenTargets_2024	True	HIGH	High
ENSG00000146733_L-Serine_4947534	7	56011401	rs4947534	ENSG00000146733	ENSG00000146733	L-Serine	expert curated	OpenTargets_2024	True	HIGH	High
ENSG00000168389_LysoPC(16:0)_7529794	1	39937698	rs7529794	ENSG00000168389	ENSG00000168389	LysoPC(16:0)	expert curated	OpenTargets_2024	True	HIGH	High
ENSG00000018510_PC(o-22:2(13Z,16Z)_2_7582179	2	177505903	rs7582179	ENSG00000018510	ENSG00000018510	PC(o-22:2(13Z,16Z)/22:3(10Z,13Z,16Z))	expert curated	OpenTargets_2024	True	HIGH	High
ENSG00000151726_PC(o-22:2(13Z,16Z)_2_7700133	4	184852657	rs7700133	ENSG00000151726	ENSG00000151726	PC(o-22:2(13Z,16Z)/22:3(10Z,13Z,16Z))	expert curated	OpenTargets_2024	True	HIGH	High
ENSG00000158201_Phosphatidyl_choline_7343008	18	21683167	rs7343008	ENSG00000158201	ENSG00000158201	Phosphatidyl choline PC(14:0/18:2(9Z,12Z)) is a specific example  	expert curated	OpenTargets_2024	True	HIGH	High
ENSG00000113492_3-Aminoisobutanoic_a_37369	5	35037010	rs37369	ENSG00000113492	ENSG00000113492	3-Aminoisobutanoic acid	expert curated|expert curated	OpenTargets_2024	True	HIGH	High
ENSG00000172482_alpha-Ketoisovaleric_6748734	2	240898035	rs6748734	ENSG00000172482	ENSG00000172482	alpha-Ketoisovaleric acid	expert curated	OpenTargets_2024	True	HIGH	High
ENSG00000163817_Dimethylglycine___L-_17279437	3	45772602	rs17279437	ENSG00000163817	ENSG00000163817	Dimethylglycine / L-Alanine	expert curated	OpenTargets_2024	True	HIGH	High
ENSG00000164089_Ethanolamine_56043887	4	108784811	rs56043887	ENSG00000164089	ENSG00000164089	Ethanolamine	expert curated	OpenTargets_2024	True	HIGH	High
ENSG00000186335_Glycine___Citric_aci_3846710	5	151319245	rs3846710	ENSG00000186335	ENSG00000186335	Glycine / Citric acid	expert curated	OpenTargets_2024	True	HIGH	High
ENSG00000093217_Glycolic_acid_3132440	3	38354071	rs3132440	ENSG00000093217	ENSG00000093217	Glycolic acid	expert curated	OpenTargets_2024	True	HIGH	High
ENSG00000174358_L-Tyrosine_11750211	5	1183445	rs11750211	ENSG00000174358	ENSG00000174358	L-Tyrosine	expert curated|expert curated	OpenTargets_2024	True	HIGH	High
ENSG00000158865_myo-Inositol_17702912	16	24991279	rs17702912	ENSG00000158865	ENSG00000158865	myo-Inositol	expert curated	OpenTargets_2024	True	HIGH	High
ENSG00000158296_Succinic_acid___Citr_941206	20	46632402	rs941206	ENSG00000158296	ENSG00000158296	Succinic acid / Citric acid	expert curated	OpenTargets_2024	True	HIGH	High
ENSG00000004809_acylcarnitine_measur_12210538	6	110438805	rs12210538	ENSG00000004809	ENSG00000004809	acylcarnitine measurement	expert curated	OpenTargets_2024	True	HIGH	High
ENSG00000167701_L-Alanine___L-Aspara_750472	8	144476070	rs750472	ENSG00000167701	ENSG00000167701	L-Alanine / L-Asparagine	expert curated	OpenTargets_2024	True	HIGH	High
ENSG00000095321_Methylmalonylcarniti_746872	9	129102748	rs746872	ENSG00000095321	ENSG00000095321	Methylmalonylcarnitine	expert curated	OpenTargets_2024	True	HIGH	High
ENSG00000159267_Similar_to_3-Hydroxy_1571700	21	36964534	rs1571700	ENSG00000159267	ENSG00000159267	Similar to 3-Hydroxyisovalerylcarnitine	expert curated	OpenTargets_2024	True	HIGH	High
ENSG00000255974_ratio_of_Hydroxycoti_56113850	19	40847202	rs56113850	ENSG00000255974	ENSG00000255974	ratio of Hydroxycotinine to Cotinine	expert curated	OpenTargets_2024	True	HIGH	High
ENSG00000141485_Citric_acid_172642	17	6692079	rs172642	ENSG00000141485	ENSG00000141485	Citric acid	expert curated	OpenTargets_2024	True	HIGH	High
ENSG00000100075_Citric_acid_2040771	22	19174422	rs2040771	ENSG00000100075	ENSG00000100075	Citric acid	expert curated	OpenTargets_2024	True	HIGH	High
ENSG00000021826_Glycine_1047891	2	210675783	rs1047891	ENSG00000021826	ENSG00000021826	Glycine	expert curated	OpenTargets_2024	True	HIGH	High
ENSG00000178445_Glycine_140348140	9	5877295	rs140348140	ENSG00000178445	ENSG00000178445	Glycine	expert curated	OpenTargets_2024	True	HIGH	High
ENSG00000140905_Glycine_10083777	16	81031677	rs10083777	ENSG00000140905	ENSG00000140905	Glycine	expert curated	OpenTargets_2024	True	HIGH	High
ENSG00000158874_high_density_lipopro_4503368	1	161220460	rs4503368	ENSG00000158874	ENSG00000158874	high density lipoprotein cholesterol measurement	expert curated	OpenTargets_2024	True	HIGH	High
ENSG00000100979_high_density_lipopro_6073958	20	45923216	rs6073958	ENSG00000100979	ENSG00000100979	high density lipoprotein cholesterol measurement	expert curated	OpenTargets_2024	True	HIGH	High
ENSG00000139209_L-Alanine_4554975	12	46808031	rs4554975	ENSG00000139209	ENSG00000139209	L-Alanine	expert curated|expert curated	OpenTargets_2024	True	HIGH	High
ENSG00000135423_L-Glutamine_2657879	12	56471554	rs2657879	ENSG00000135423	ENSG00000135423	L-Glutamine	expert curated	OpenTargets_2024	True	HIGH	High
ENSG00000084110_L-Histidine_7954638	12	95921017	rs7954638	ENSG00000084110	ENSG00000084110	L-Histidine	expert curated	OpenTargets_2024	True	HIGH	High
ENSG00000171759_L-Phenylalanine_1718309	12	102848618	rs1718309	ENSG00000171759	ENSG00000171759	L-Phenylalanine	expert curated	OpenTargets_2024	True	HIGH	High
ENSG00000112394_L-Tyrosine_14399	6	111222741	rs14399	ENSG00000112394	ENSG00000112394	L-Tyrosine	expert curated	OpenTargets_2024	True	HIGH	High
ENSG00000163644_L-Valine_9637599	4	88285078	rs9637599	ENSG00000163644	ENSG00000163644	L-Valine	expert curated	OpenTargets_2024	True	HIGH	High
ENSG00000090857_Pyruvic_acid_74249229	16	69945368	rs74249229	ENSG00000090857	ENSG00000090857	Pyruvic acid	expert curated	OpenTargets_2024	True	HIGH	High
ENSG00000009950_triglyceride_measure_17145738	7	73448919	rs17145738	ENSG00000009950	ENSG00000009950	triglyceride measurement	expert curated	OpenTargets_2024	True	HIGH	High
PCSK9_Hypercholesterolemia_nan	1	55021673		ENSG00000169174	PCSK9	Hypercholesterolemia	drug	OpenTargets_2024	True	HIGH	High
PCSK9_Disorder_of_lipid_me_nan	1	55023869		ENSG00000169174	PCSK9	Disorder of lipid metabolism	drug	OpenTargets_2024	True	HIGH	High
PCSK9_coronary_artery_dise_nan	1	55030366		ENSG00000169174	PCSK9	coronary artery disease	drug	OpenTargets_2024	True	HIGH	High
PCSK9_cardiovascular_syste_nan	1	55039974		ENSG00000169174	PCSK9	cardiovascular system disease	drug	OpenTargets_2024	True	HIGH	High
ENSG00000116824_psoriasis_nan	1	116744732		ENSG00000116824	ENSG00000116824	psoriasis	drug	OpenTargets_2024	True	HIGH	High
ENSG00000169418_cardiovascular_syste_nan	1	153689947		ENSG00000169418	ENSG00000169418	cardiovascular system disease	drug	OpenTargets_2024	True	HIGH	High
ENSG00000169418_hypertension_nan	1	153689947		ENSG00000169418	ENSG00000169418	hypertension	drug	OpenTargets_2024	True	HIGH	High
ENSG00000160712_rheumatoid_arthritis_nan	1	154454494		ENSG00000160712	ENSG00000160712	rheumatoid arthritis	drug	OpenTargets_2024	True	HIGH	High
ENSG00000082482_hypertension_nan	1	215131342		ENSG00000082482	ENSG00000082482	hypertension	drug	OpenTargets_2024	True	HIGH	High
ENSG00000133019_chronic_obstructive__nan	1	239737706		ENSG00000133019	ENSG00000133019	chronic obstructive pulmonary disease	drug	OpenTargets_2024	True	HIGH	High
ENSG00000043591_hypertension_nan	10	113963919		ENSG00000043591	ENSG00000043591	hypertension	drug	OpenTargets_2024	True	HIGH	High
ENSG00000043591_cardiovascular_syste_nan	10	114045297		ENSG00000043591	ENSG00000043591	cardiovascular system disease	drug	OpenTargets_2024	True	HIGH	High
ENSG00000180210_pulmonary_embolism_nan	11	46684189		ENSG00000180210	ENSG00000180210	pulmonary embolism	drug	OpenTargets_2024	True	HIGH	High
ENSG00000180210_venous_thromboemboli_nan	11	46739206		ENSG00000180210	ENSG00000180210	venous thromboembolism	drug	OpenTargets_2024	True	HIGH	High
ENSG00000180210_cardiovascular_syste_nan	11	46739505		ENSG00000180210	ENSG00000180210	cardiovascular system disease	drug	OpenTargets_2024	True	HIGH	High
ENSG00000180210_cerebrovascular_acci_nan	11	46739505		ENSG00000180210	ENSG00000180210	cerebrovascular accident	drug	OpenTargets_2024	True	HIGH	High
ENSG00000180210_deep_vein_thrombosis_nan	11	46739505		ENSG00000180210	ENSG00000180210	deep vein thrombosis	drug	OpenTargets_2024	True	HIGH	High
ENSG00000197891_gout_nan	11	64566642		ENSG00000197891	ENSG00000197891	gout	drug	OpenTargets_2024	True	HIGH	High
ENSG00000168065_gout_nan	11	64566642		ENSG00000168065	ENSG00000168065	gout	drug	OpenTargets_2024	True	HIGH	High
ENSG00000196611_chronic_obstructive__nan	11	102850214		ENSG00000196611	ENSG00000196611	chronic obstructive pulmonary disease	drug	OpenTargets_2024	True	HIGH	High
ENSG00000137745_chronic_obstructive__nan	11	102850214		ENSG00000137745	ENSG00000137745	chronic obstructive pulmonary disease	drug	OpenTargets_2024	True	HIGH	High
ENSG00000149295_schizophrenia_nan	11	113345201		ENSG00000149295	ENSG00000149295	schizophrenia	drug	OpenTargets_2024	True	HIGH	High
ENSG00000149295_anxiety_nan	11	113493925		ENSG00000149295	ENSG00000149295	anxiety	drug	OpenTargets_2024	True	HIGH	High
ENSG00000149295_unipolar_depression_nan	11	113500036		ENSG00000149295	ENSG00000149295	unipolar depression	drug	OpenTargets_2024	True	HIGH	High
ENSG00000149295_mood_disorder_nan	11	113515625		ENSG00000149295	ENSG00000149295	mood disorder	drug	OpenTargets_2024	True	HIGH	High
ENSG00000149295_autism_spectrum_diso_nan	11	113541721		ENSG00000149295	ENSG00000149295	autism spectrum disorder	drug	OpenTargets_2024	True	HIGH	High
ENSG00000166736_prostate_carcinoma_nan	11	113936459		ENSG00000166736	ENSG00000166736	prostate carcinoma	drug	OpenTargets_2024	True	HIGH	High
ENSG00000172572_Ischemic_stroke_nan	12	20424659		ENSG00000172572	ENSG00000172572	Ischemic stroke	drug	OpenTargets_2024	True	HIGH	High
ENSG00000111424_hypertension_nan	12	47792780		ENSG00000111424	ENSG00000111424	hypertension	drug	OpenTargets_2024	True	HIGH	High
ENSG00000111424_chronic_obstructive__nan	12	47810716		ENSG00000111424	ENSG00000111424	chronic obstructive pulmonary disease	drug	OpenTargets_2024	True	HIGH	High
ENSG00000111424_psoriasis_nan	12	47814585		ENSG00000111424	ENSG00000111424	psoriasis	drug	OpenTargets_2024	True	HIGH	High
ENSG00000111424_Crohn's_disease_nan	12	47814585		ENSG00000111424	ENSG00000111424	Crohn's disease	drug	OpenTargets_2024	True	HIGH	High
ENSG00000111424_rheumatoid_arthritis_nan	12	48021974		ENSG00000111424	ENSG00000111424	rheumatoid arthritis	drug	OpenTargets_2024	True	HIGH	High
ENSG00000110944_psoriasis_nan	12	56344189		ENSG00000110944	ENSG00000110944	psoriasis	drug	OpenTargets_2024	True	HIGH	High
ENSG00000110944_psoriasis_vulgaris_nan	12	56356420		ENSG00000110944	ENSG00000110944	psoriasis vulgaris	drug	OpenTargets_2024	True	HIGH	High
ENSG00000111275_alcohol_dependence_nan	12	111803962		ENSG00000111275	ENSG00000111275	alcohol dependence	drug	OpenTargets_2024	True	HIGH	High
ENSG00000133105_cardiovascular_syste_nan	13	31671676		ENSG00000133105	ENSG00000133105	cardiovascular system disease	drug	OpenTargets_2024	True	HIGH	High
ENSG00000126218_osteoarthritis_nan	13	113040195		ENSG00000126218	ENSG00000126218	osteoarthritis	drug	OpenTargets_2024	True	HIGH	High
ENSG00000126218_atrial_fibrillation_nan	13	113218398		ENSG00000126218	ENSG00000126218	atrial fibrillation	drug	OpenTargets_2024	True	HIGH	High
ENSG00000140009_unipolar_depression_nan	14	64219489		ENSG00000140009	ENSG00000140009	unipolar depression	drug	OpenTargets_2024	True	HIGH	High
ENSG00000074410_heart_failure_nan	15	63445726		ENSG00000074410	ENSG00000074410	heart failure	drug	OpenTargets_2024	True	HIGH	High
ENSG00000138622_atrial_fibrillation_nan	15	73359833		ENSG00000138622	ENSG00000138622	atrial fibrillation	drug	OpenTargets_2024	True	HIGH	High
ENSG00000077238_Eczema_nan	16	27360218		ENSG00000077238	ENSG00000077238	Eczema	drug	OpenTargets_2024	True	HIGH	High
ENSG00000070915_metabolic_syndrome_nan	16	56954132		ENSG00000070915	ENSG00000070915	metabolic syndrome	drug	OpenTargets_2024	True	HIGH	High
ENSG00000070915_diabetes_mellitus_nan	16	56956804		ENSG00000070915	ENSG00000070915	diabetes mellitus	drug	OpenTargets_2024	True	HIGH	High
ENSG00000070915_heart_failure_nan	16	56956804		ENSG00000070915	ENSG00000070915	heart failure	drug	OpenTargets_2024	True	HIGH	High
ENSG00000258947_cancer_nan	16	89957798		ENSG00000258947	ENSG00000258947	cancer	drug	OpenTargets_2024	True	HIGH	High
ENSG00000258947_squamous_cell_carcin_nan	16	89960104		ENSG00000258947	ENSG00000258947	squamous cell carcinoma	drug	OpenTargets_2024	True	HIGH	High
ENSG00000159640_cardiovascular_syste_nan	17	63471557		ENSG00000159640	ENSG00000159640	cardiovascular system disease	drug	OpenTargets_2024	True	HIGH	High
ENSG00000159640_hypertension_nan	17	63471587		ENSG00000159640	ENSG00000159640	hypertension	drug	OpenTargets_2024	True	HIGH	High
ENSG00000171791_chronic_lymphocytic__nan	18	63121512		ENSG00000171791	ENSG00000171791	chronic lymphocytic leukemia	drug	OpenTargets_2024	True	HIGH	High
ENSG00000171303_hypertension_nan	2	26691496		ENSG00000171303	ENSG00000171303	hypertension	drug	OpenTargets_2024	True	HIGH	High
ENSG00000277893_androgenetic_alopeci_nan	2	31580756		ENSG00000277893	ENSG00000277893	androgenetic alopecia	drug	OpenTargets_2024	True	HIGH	High
ENSG00000138039_polycystic_ovary_syn_nan	2	48751020		ENSG00000138039	ENSG00000138039	polycystic ovary syndrome	drug	OpenTargets_2024	True	HIGH	High
ENSG00000170820_polycystic_ovary_syn_nan	2	48974473		ENSG00000170820	ENSG00000170820	polycystic ovary syndrome	drug	OpenTargets_2024	True	HIGH	High
ENSG00000197635_schizophrenia_nan	2	161989345		ENSG00000197635	ENSG00000197635	schizophrenia	drug	OpenTargets_2024	True	HIGH	High
ENSG00000115232_Crohn's_disease_nan	2	181443625		ENSG00000115232	ENSG00000115232	Crohn's disease	drug	OpenTargets_2024	True	HIGH	High
ENSG00000101162_breast_carcinoma_nan	20	59084069		ENSG00000101162	ENSG00000101162	breast carcinoma	drug	OpenTargets_2024	True	HIGH	High
PPARG_diabetes_mellitus_nan	3	12288284		ENSG00000132170	PPARG	diabetes mellitus	drug	OpenTargets_2024	True	HIGH	High
PPARG_type_II_diabetes_mel_nan	3	12288284		ENSG00000132170	PPARG	type II diabetes mellitus	drug	OpenTargets_2024	True	HIGH	High
ENSG00000183873_atrial_fibrillation_nan	3	38592651		ENSG00000183873	ENSG00000183873	atrial fibrillation	drug	OpenTargets_2024	True	HIGH	High
ENSG00000160791_HIV-1_infection_nan	3	46410189		ENSG00000160791	ENSG00000160791	HIV-1 infection	drug	OpenTargets_2024	True	HIGH	High
ENSG00000121594_primary_biliary_cirr_nan	3	119431242		ENSG00000121594	ENSG00000121594	primary biliary cirrhosis	drug	OpenTargets_2024	True	HIGH	High
ENSG00000151834_ulcerative_colitis_nan	4	46541289		ENSG00000151834	ENSG00000151834	ulcerative colitis	drug	OpenTargets_2024	True	HIGH	High
ENSG00000151623_atrial_fibrillation_nan	4	148016386		ENSG00000151623	ENSG00000151623	atrial fibrillation	drug	OpenTargets_2024	True	HIGH	High
ENSG00000061918_coronary_artery_dise_nan	4	155693032		ENSG00000061918	ENSG00000061918	coronary artery disease	drug	OpenTargets_2024	True	HIGH	High
ENSG00000061918_myocardial_infarctio_nan	4	155718736		ENSG00000061918	ENSG00000061918	myocardial infarction	drug	OpenTargets_2024	True	HIGH	High
ENSG00000061918_hypertension_nan	4	155721732		ENSG00000061918	ENSG00000061918	hypertension	drug	OpenTargets_2024	True	HIGH	High
ENSG00000061918_cardiovascular_syste_nan	4	155725188		ENSG00000061918	ENSG00000061918	cardiovascular system disease	drug	OpenTargets_2024	True	HIGH	High
ENSG00000142319_insomnia_nan	5	1442864		ENSG00000142319	ENSG00000142319	insomnia	drug	OpenTargets_2024	True	HIGH	High
ENSG00000113161_hyperlipidemia_nan	5	75309395		ENSG00000113161	ENSG00000113161	hyperlipidemia	drug	OpenTargets_2024	True	HIGH	High
ENSG00000113161_Hypercholesterolemia_nan	5	75309395		ENSG00000113161	ENSG00000113161	Hypercholesterolemia	drug	OpenTargets_2024	True	HIGH	High
ENSG00000113161_Disorder_of_lipid_me_nan	5	75309395		ENSG00000113161	ENSG00000113161	Disorder of lipid metabolism	drug	OpenTargets_2024	True	HIGH	High
ENSG00000113161_cerebrovascular_acci_nan	5	75329662		ENSG00000113161	ENSG00000113161	cerebrovascular accident	drug	OpenTargets_2024	True	HIGH	High
ENSG00000113161_atrial_fibrillation_nan	5	75329662		ENSG00000113161	ENSG00000113161	atrial fibrillation	drug	OpenTargets_2024	True	HIGH	High
ENSG00000113161_heart_failure_nan	5	75329662		ENSG00000113161	ENSG00000113161	heart failure	drug	OpenTargets_2024	True	HIGH	High
ENSG00000113161_diabetes_mellitus_nan	5	75329662		ENSG00000113161	ENSG00000113161	diabetes mellitus	drug	OpenTargets_2024	True	HIGH	High
ENSG00000113161_coronary_heart_disea_nan	5	75329662		ENSG00000113161	ENSG00000113161	coronary heart disease	drug	OpenTargets_2024	True	HIGH	High
ENSG00000113161_cardiovascular_syste_nan	5	75360714		ENSG00000113161	ENSG00000113161	cardiovascular system disease	drug	OpenTargets_2024	True	HIGH	High
ENSG00000113525_asthma_nan	5	132461855		ENSG00000113525	ENSG00000113525	asthma	drug	OpenTargets_2024	True	HIGH	High
ENSG00000113580_atrial_fibrillation_nan	5	143270839		ENSG00000113580	ENSG00000113580	atrial fibrillation	drug	OpenTargets_2024	True	HIGH	High
ENSG00000113302_psoriasis_nan	5	159242905		ENSG00000113302	ENSG00000113302	psoriasis	drug	OpenTargets_2024	True	HIGH	High
ENSG00000113302_psoriatic_arthritis_nan	5	159328837		ENSG00000113302	ENSG00000113302	psoriatic arthritis	drug	OpenTargets_2024	True	HIGH	High
ENSG00000022355_anxiety_nan	5	161984283		ENSG00000022355	ENSG00000022355	anxiety	drug	OpenTargets_2024	True	HIGH	High
ENSG00000113327_anxiety_nan	5	161984283		ENSG00000113327	ENSG00000113327	anxiety	drug	OpenTargets_2024	True	HIGH	High
ENSG00000196230_prostate_carcinoma_nan	6	30633455		ENSG00000196230	ENSG00000196230	prostate carcinoma	drug	OpenTargets_2024	True	HIGH	High
ENSG00000232810_ulcerative_colitis_nan	6	31481085		ENSG00000232810	ENSG00000232810	ulcerative colitis	drug	OpenTargets_2024	True	HIGH	High
ENSG00000232810_Crohn's_disease_nan	6	31574531		ENSG00000232810	ENSG00000232810	Crohn's disease	drug	OpenTargets_2024	True	HIGH	High
ENSG00000232810_hypertension_nan	6	31648589		ENSG00000232810	ENSG00000232810	hypertension	drug	OpenTargets_2024	True	HIGH	High
ENSG00000232810_rheumatoid_arthritis_nan	6	31654829		ENSG00000232810	ENSG00000232810	rheumatoid arthritis	drug	OpenTargets_2024	True	HIGH	High
ENSG00000112164_type_II_diabetes_mel_nan	6	39071364		ENSG00000112164	ENSG00000112164	type II diabetes mellitus	drug	OpenTargets_2024	True	HIGH	High
ENSG00000112164_myocardial_infarctio_nan	6	39156672		ENSG00000112164	ENSG00000112164	myocardial infarction	drug	OpenTargets_2024	True	HIGH	High
ENSG00000112715_wet_macular_degenera_nan	6	43858890		ENSG00000112715	ENSG00000112715	wet macular degeneration	drug	OpenTargets_2024	True	HIGH	High
ENSG00000112715_age-related_macular__nan	6	43858890		ENSG00000112715	ENSG00000112715	age-related macular degeneration	drug	OpenTargets_2024	True	HIGH	High
ENSG00000091831_breast_carcinoma_nan	6	151592978		ENSG00000091831	ENSG00000091831	breast carcinoma	drug	OpenTargets_2024	True	HIGH	High
ENSG00000091831_unipolar_depression_nan	6	151604372		ENSG00000091831	ENSG00000091831	unipolar depression	drug	OpenTargets_2024	True	HIGH	High
ENSG00000122194_coronary_artery_dise_nan	6	160666831		ENSG00000122194	ENSG00000122194	coronary artery disease	drug	OpenTargets_2024	True	HIGH	High
ENSG00000122194_myocardial_infarctio_nan	6	160687112		ENSG00000122194	ENSG00000122194	myocardial infarction	drug	OpenTargets_2024	True	HIGH	High
ENSG00000015520_cardiovascular_syste_nan	7	44542387		ENSG00000015520	ENSG00000015520	cardiovascular system disease	drug	OpenTargets_2024	True	HIGH	High
ENSG00000015520_Hypercholesterolemia_nan	7	44544952		ENSG00000015520	ENSG00000015520	Hypercholesterolemia	drug	OpenTargets_2024	True	HIGH	High
ENSG00000055118_atrial_fibrillation_nan	7	150964321		ENSG00000055118	ENSG00000055118	atrial fibrillation	drug	OpenTargets_2024	True	HIGH	High
ENSG00000055118_cardiovascular_syste_nan	7	150993088		ENSG00000055118	ENSG00000055118	cardiovascular system disease	drug	OpenTargets_2024	True	HIGH	High
JAK2_polycythemia_vera_nan	9	5049092		ENSG00000096968	JAK2	polycythemia vera	drug	OpenTargets_2024	True	HIGH	High
ENSG00000147955_ulcerative_colitis_nan	9	34710263		ENSG00000147955	ENSG00000147955	ulcerative colitis	drug	OpenTargets_2024	True	HIGH	High
ENSG00000147955_Crohn's_disease_nan	9	34710263		ENSG00000147955	ENSG00000147955	Crohn's disease	drug	OpenTargets_2024	True	HIGH	High
ENSG00000165029_Hypercholesterolemia_nan	9	104902020		ENSG00000165029	ENSG00000165029	Hypercholesterolemia	drug	OpenTargets_2024	True	HIGH	High
ENSG00000165029_hyperlipidemia_nan	9	104903697		ENSG00000165029	ENSG00000165029	hyperlipidemia	drug	OpenTargets_2024	True	HIGH	High
ENSG00000106804_immune_system_diseas_nan	9	120878222		ENSG00000106804	ENSG00000106804	immune system disease	drug	OpenTargets_2024	True	HIGH	High
ENSG00000169083_prostate_carcinoma_nan	X	67801708		ENSG00000169083	ENSG00000169083	prostate carcinoma	drug	OpenTargets_2024	True	HIGH	High
ENSG00000122859_type_II_diabetes_mel_nan	10	69513601		ENSG00000122859	ENSG00000122859	type II diabetes mellitus	functional observational	OpenTargets_2024	True	HIGH	High
ENSG00000167244_type_II_diabetes_mel_nan	11	2140300		ENSG00000167244	ENSG00000167244	type II diabetes mellitus	functional observational	OpenTargets_2024	True	HIGH	High
KCNJ11_type_II_diabetes_mel_nan	11	17386857		ENSG00000187486	KCNJ11	type II diabetes mellitus	functional observational	OpenTargets_2024	True	HIGH	High
MTNR1B_type_II_diabetes_mel_nan	11	92935809		ENSG00000134640	MTNR1B	type II diabetes mellitus	functional observational	OpenTargets_2024	True	HIGH	High
ENSG00000075035_type_II_diabetes_mel_nan	12	108219374		ENSG00000075035	ENSG00000075035	type II diabetes mellitus	functional observational	OpenTargets_2024	True	HIGH	High
HNF1A_type_II_diabetes_mel_nan	12	120890006		ENSG00000135100	HNF1A	type II diabetes mellitus	functional observational	OpenTargets_2024	True	HIGH	High
ENSG00000174326_type_II_diabetes_mel_nan	17	7037074		ENSG00000174326	ENSG00000174326	type II diabetes mellitus	functional observational	OpenTargets_2024	True	HIGH	High
MC4R_type_II_diabetes_mel_nan	18	60171168		ENSG00000166603	MC4R	type II diabetes mellitus	functional observational	OpenTargets_2024	True	HIGH	High
ENSG00000213996_type_II_diabetes_mel_nan	19	19268740		ENSG00000213996	ENSG00000213996	type II diabetes mellitus	functional observational	OpenTargets_2024	True	HIGH	High
APOE_type_II_diabetes_mel_nan	19	44888997		ENSG00000130203	APOE	type II diabetes mellitus	functional observational	OpenTargets_2024	True	HIGH	High
ENSG00000010310_type_II_diabetes_mel_nan	19	45644269		ENSG00000010310	ENSG00000010310	type II diabetes mellitus	functional observational	OpenTargets_2024	True	HIGH	High
ENSG00000084734_type_II_diabetes_mel_nan	2	27508073		ENSG00000084734	ENSG00000084734	type II diabetes mellitus	functional observational	OpenTargets_2024	True	HIGH	High
ENSG00000101076_type_II_diabetes_mel_nan	20	44318326		ENSG00000101076	ENSG00000101076	type II diabetes mellitus	functional observational	OpenTargets_2024	True	HIGH	High
PNPLA3_type_II_diabetes_mel_nan	22	43928847		ENSG00000100344	PNPLA3	type II diabetes mellitus	functional observational	OpenTargets_2024	True	HIGH	High
ENSG00000109501_type_II_diabetes_mel_nan	4	6268329		ENSG00000109501	ENSG00000109501	type II diabetes mellitus	functional observational	OpenTargets_2024	True	HIGH	High
ENSG00000154122_type_II_diabetes_mel_nan	5	14751196		ENSG00000154122	ENSG00000154122	type II diabetes mellitus	functional observational	OpenTargets_2024	True	HIGH	High
ENSG00000152359_type_II_diabetes_mel_nan	5	75707853		ENSG00000152359	ENSG00000152359	type II diabetes mellitus	functional observational	OpenTargets_2024	True	HIGH	High
ENSG00000145730_type_II_diabetes_mel_nan	5	102764872		ENSG00000145730	ENSG00000145730	type II diabetes mellitus	functional observational	OpenTargets_2024	True	HIGH	High
ENSG00000124782_type_II_diabetes_mel_nan	6	7226726		ENSG00000124782	ENSG00000124782	type II diabetes mellitus	functional observational	OpenTargets_2024	True	HIGH	High
GCK_type_II_diabetes_mel_nan	7	44135258		ENSG00000106633	GCK	type II diabetes mellitus	functional observational	OpenTargets_2024	True	HIGH	High
ENSG00000106331_type_II_diabetes_mel_nan	7	127524904		ENSG00000106331	ENSG00000106331	type II diabetes mellitus	functional observational	OpenTargets_2024	True	HIGH	High
ENSG00000130675_type_II_diabetes_mel_nan	7	157191153		ENSG00000130675	ENSG00000130675	type II diabetes mellitus	functional observational	OpenTargets_2024	True	HIGH	High
ENSG00000175445_type_II_diabetes_mel_nan	8	19962213		ENSG00000175445	ENSG00000175445	type II diabetes mellitus	functional observational	OpenTargets_2024	True	HIGH	High
ENSG00000164756_type_II_diabetes_mel_nan	8	117012076		ENSG00000164756	ENSG00000164756	type II diabetes mellitus	functional observational	OpenTargets_2024	True	HIGH	High
ENSG00000107249_type_II_diabetes_mel_nan	9	4287466		ENSG00000107249	ENSG00000107249	type II diabetes mellitus	functional observational	OpenTargets_2024	True	HIGH	High
ENSG00000134243_myocardial_infarctio_nan	1	109275684		ENSG00000134243	ENSG00000134243	myocardial infarction	functional observational|functional experimental	OpenTargets_2024	True	HIGH	High
ENSG00000249859_prostate_carcinoma_nan	8	127310936		ENSG00000249859	ENSG00000249859	prostate carcinoma	functional observational	OpenTargets_2024	True	HIGH	High
ENSG00000110092_breast_carcinoma_nan	11	69516874		ENSG00000110092	ENSG00000110092	breast carcinoma	functional observational|functional experimental	OpenTargets_2024	True	HIGH	High
ENSG00000119866_fetal_hemoglobin_mea_nan	2	60493111		ENSG00000119866	ENSG00000119866	fetal hemoglobin measurement	functional observational|functional experimental	OpenTargets_2024	True	HIGH	High
IRX3_obesity_nan	16	53767042		ENSG00000177508	IRX3	obesity	functional observational|functional experimental	OpenTargets_2024	True	HIGH	High
ENSG00000115461_breast_carcinoma_nan	2	217056046		ENSG00000115461	ENSG00000115461	breast carcinoma	functional observational|functional experimental	OpenTargets_2024	True	HIGH	High
ENSG00000176842_obesity_nan	16	53767042		ENSG00000176842	ENSG00000176842	obesity	functional observational|functional experimental	OpenTargets_2024	True	HIGH	High
SNCA_Parkinson's_disease_nan	4	89716450		ENSG00000145335	SNCA	Parkinson's disease	functional observational	OpenTargets_2024	True	HIGH	High
ENSG00000253438_prostate_carcinoma_nan	8	127091692		ENSG00000253438	ENSG00000253438	prostate carcinoma	functional observational|functional experimental	OpenTargets_2024	True	HIGH	High
ENSG00000127220_breast_carcinoma_nan	19	17283116		ENSG00000127220	ENSG00000127220	breast carcinoma	functional observational|functional experimental	OpenTargets_2024	True	HIGH	High
ENSG00000160117_breast_carcinoma_nan	19	17283116		ENSG00000160117	ENSG00000160117	breast carcinoma	functional observational|functional experimental	OpenTargets_2024	True	HIGH	High
ENSG00000070193_breast_carcinoma_nan	5	44706396		ENSG00000070193	ENSG00000070193	breast carcinoma	functional observational|functional experimental	OpenTargets_2024	True	HIGH	High
ENSG00000112996_breast_carcinoma_nan	5	44706396		ENSG00000112996	ENSG00000112996	breast carcinoma	functional observational|functional experimental	OpenTargets_2024	True	HIGH	High
ENSG00000214078_lipid_measurement_nan	20	35564866		ENSG00000214078	ENSG00000214078	lipid measurement	functional observational|functional experimental	OpenTargets_2024	True	HIGH	High
ENSG00000116641_lipid_measurement_nan	1	62679768		ENSG00000116641	ENSG00000116641	lipid measurement	functional observational|functional experimental	OpenTargets_2024	True	HIGH	High
ANGPTL3_lipid_measurement_nan	1	62679768		ENSG00000132855	ANGPTL3	lipid measurement	functional observational|functional experimental	OpenTargets_2024	True	HIGH	High
ENSG00000111816_lipid_measurement_nan	6	116016340		ENSG00000111816	ENSG00000111816	lipid measurement	functional observational|functional experimental	OpenTargets_2024	True	HIGH	High
ENSG00000091106_interleukin_18_measu_nan	2	32264782		ENSG00000091106	ENSG00000091106	interleukin 18 measurement	functional observational	OpenTargets_2024	True	HIGH	High
ENSG00000171094_breast_carcinoma_nan	2	28896719		ENSG00000171094	ENSG00000171094	breast carcinoma	functional observational	OpenTargets_2024	True	HIGH	High
ENSG00000171681_breast_carcinoma_nan	12	14260997		ENSG00000171681	ENSG00000171681	breast carcinoma	functional observational	OpenTargets_2024	True	HIGH	High
ENSG00000149311_breast_carcinoma_nan	11	108474788		ENSG00000149311	ENSG00000149311	breast carcinoma	functional observational	OpenTargets_2024	True	HIGH	High
ENSG00000139618_breast_carcinoma_nan	13	32398489		ENSG00000139618	ENSG00000139618	breast carcinoma	functional observational	OpenTargets_2024	True	HIGH	High
ENSG00000064012_breast_carcinoma_nan	2	201258707		ENSG00000064012	ENSG00000064012	breast carcinoma	functional observational	OpenTargets_2024	True	HIGH	High
ENSG00000105173_breast_carcinoma_nan	19	29786822		ENSG00000105173	ENSG00000105173	breast carcinoma	functional observational	OpenTargets_2024	True	HIGH	High
ENSG00000183765_breast_carcinoma_nan	22	28876649		ENSG00000183765	ENSG00000183765	breast carcinoma	functional observational	OpenTargets_2024	True	HIGH	High
ENSG00000005339_breast_carcinoma_nan	16	4056787		ENSG00000005339	ENSG00000005339	breast carcinoma	functional observational	OpenTargets_2024	True	HIGH	High
ENSG00000257923_breast_carcinoma_nan	7	101909160		ENSG00000257923	ENSG00000257923	breast carcinoma	functional observational	OpenTargets_2024	True	HIGH	High
ENSG00000119772_breast_carcinoma_nan	2	24906604		ENSG00000119772	ENSG00000119772	breast carcinoma	functional observational	OpenTargets_2024	True	HIGH	High
ENSG00000066468_breast_carcinoma_nan	10	121580917		ENSG00000066468	ENSG00000066468	breast carcinoma	functional observational	OpenTargets_2024	True	HIGH	High
ENSG00000107485_breast_carcinoma_nan	10	9046150		ENSG00000107485	ENSG00000107485	breast carcinoma	functional observational	OpenTargets_2024	True	HIGH	High
ENSG00000102554_breast_carcinoma_nan	13	73383544		ENSG00000102554	ENSG00000102554	breast carcinoma	functional observational	OpenTargets_2024	True	HIGH	High
ENSG00000095015_breast_carcinoma_nan	5	56731413		ENSG00000095015	ENSG00000095015	breast carcinoma	functional observational	OpenTargets_2024	True	HIGH	High
ENSG00000136997_breast_carcinoma_nan	8	127359926		ENSG00000136997	ENSG00000136997	breast carcinoma	functional observational	OpenTargets_2024	True	HIGH	High
ENSG00000196712_breast_carcinoma_nan	17	30853978		ENSG00000196712	ENSG00000196712	breast carcinoma	functional observational	OpenTargets_2024	True	HIGH	High
ENSG00000152217_breast_carcinoma_nan	18	44831838		ENSG00000152217	ENSG00000152217	breast carcinoma	functional observational	OpenTargets_2024	True	HIGH	High
ENSG00000135111_breast_carcinoma_nan	12	114668883		ENSG00000135111	ENSG00000135111	breast carcinoma	functional observational	OpenTargets_2024	True	HIGH	High
ENSG00000168769_breast_carcinoma_nan	4	105152352		ENSG00000168769	ENSG00000168769	breast carcinoma	functional observational	OpenTargets_2024	True	HIGH	High
ENSG00000163513_breast_carcinoma_nan	3	30643415		ENSG00000163513	ENSG00000163513	breast carcinoma	functional observational	OpenTargets_2024	True	HIGH	High
ENSG00000185650_breast_carcinoma_nan	14	68513118		ENSG00000185650	ENSG00000185650	breast carcinoma	functional observational	OpenTargets_2024	True	HIGH	High
ENSG00000183779_breast_carcinoma_nan	8	36992428		ENSG00000183779	ENSG00000183779	breast carcinoma	functional observational	OpenTargets_2024	True	HIGH	High
ENSG00000177000_folic_acid_measureme_nan	1	11796321		ENSG00000177000	ENSG00000177000	folic acid measurement	expert curated	OpenTargets_2024	True	HIGH	High
ENSG00000162551_nephrolithiasis_nan	1	21577881		ENSG00000162551	ENSG00000162551	nephrolithiasis	expert curated	OpenTargets_2024	True	HIGH	High
PCSK9_low_density_lipoprot_nan	1	55039974		ENSG00000169174	PCSK9	low density lipoprotein cholesterol measurement	expert curated	OpenTargets_2024	True	HIGH	High
ENSG00000116678_wrist_fracture_nan	1	65644601		ENSG00000116678	ENSG00000116678	wrist fracture	expert curated	OpenTargets_2024	True	HIGH	High
ENSG00000060718_osteoarthritis,_hip_nan	1	103107371		ENSG00000060718	ENSG00000060718	osteoarthritis, hip	expert curated	OpenTargets_2024	True	HIGH	High
PTPN22_rheumatoid_arthritis_nan	1	113834946		ENSG00000134242	PTPN22	rheumatoid arthritis	expert curated	OpenTargets_2024	True	HIGH	High
ENSG00000092621_glycine_measurement_nan	1	119711883		ENSG00000092621	ENSG00000092621	glycine measurement	expert curated	OpenTargets_2024	True	HIGH	High
ENSG00000163554_nan_nan	1	158626648		ENSG00000163554	ENSG00000163554		expert curated	OpenTargets_2024	True	HIGH	High
ENSG00000132693_C-reactive_protein_m_nan	1	159709026		ENSG00000132693	ENSG00000132693	C-reactive protein measurement	expert curated	OpenTargets_2024	True	HIGH	High
ENSG00000198734_deep_vein_thrombosis_nan	1	169549811		ENSG00000198734	ENSG00000198734	deep vein thrombosis	expert curated	OpenTargets_2024	True	HIGH	High
ENSG00000198756_osteoarthritis,_hip_nan	1	183937111		ENSG00000198756	ENSG00000198756	osteoarthritis, hip	expert curated	OpenTargets_2024	True	HIGH	High
ENSG00000215182_bringing_up_phlegm,__nan	11	1119225		ENSG00000215182	ENSG00000215182	bringing up phlegm, sputum or mucus on most days, self-reported	expert curated	OpenTargets_2024	True	HIGH	High
ENSG00000134827_pernicious_anemia_nan	11	59855905		ENSG00000134827	ENSG00000134827	pernicious anemia	expert curated	OpenTargets_2024	True	HIGH	High
ENSG00000168959_worry_measurement_nan	11	88999788		ENSG00000168959	ENSG00000168959	worry measurement	expert curated	OpenTargets_2024	True	HIGH	High
ENSG00000077498_skin_pigmentation_nan	11	89284793		ENSG00000077498	ENSG00000077498	skin pigmentation	expert curated	OpenTargets_2024	True	HIGH	High
ENSG00000165323_retinal_detachment_nan	11	92874700		ENSG00000165323	ENSG00000165323	retinal detachment	expert curated	OpenTargets_2024	True	HIGH	High
ENSG00000087494_osteoarthritis,_hip_nan	12	27862037		ENSG00000087494	ENSG00000087494	osteoarthritis, hip	expert curated	OpenTargets_2024	True	HIGH	High
ENSG00000120659_bladder_calculus_nan	13	42127603		ENSG00000120659	ENSG00000120659	bladder calculus	expert curated	OpenTargets_2024	True	HIGH	High
ENSG00000169208_diet_measurement_nan	14	21569994		ENSG00000169208	ENSG00000169208	diet measurement	expert curated	OpenTargets_2024	True	HIGH	High
ENSG00000133937_balding_measurement_nan	14	94770878		ENSG00000133937	ENSG00000133937	balding measurement	expert curated	OpenTargets_2024	True	HIGH	High
ENSG00000104044_skin_carcinoma_nan	15	27985101		ENSG00000104044	ENSG00000104044	skin carcinoma	expert curated	OpenTargets_2024	True	HIGH	High
ENSG00000104044_skin_pigmentation_nan	15	28289631		ENSG00000104044	ENSG00000104044	skin pigmentation	expert curated	OpenTargets_2024	True	HIGH	High
ENSG00000140285_multinodular_goiter_nan	15	49414220		ENSG00000140285	ENSG00000140285	multinodular goiter	expert curated	OpenTargets_2024	True	HIGH	High
ENSG00000137834_peripheral_nervous_s_nan	15	66742474		ENSG00000137834	ENSG00000137834	peripheral nervous system disease	expert curated	OpenTargets_2024	True	HIGH	High
ENSG00000140465_coffee_consumption_nan	15	74735539		ENSG00000140465	ENSG00000140465	coffee consumption	expert curated	OpenTargets_2024	True	HIGH	High
ENSG00000140505_coffee_consumption_nan	15	74735539		ENSG00000140505	ENSG00000140505	coffee consumption	expert curated	OpenTargets_2024	True	HIGH	High
ENSG00000140470_peripheral_nervous_s_nan	15	100152748		ENSG00000140470	ENSG00000140470	peripheral nervous system disease	expert curated	OpenTargets_2024	True	HIGH	High
ENSG00000078328_Myopia_nan	16	7409346		ENSG00000078328	ENSG00000078328	Myopia	expert curated	OpenTargets_2024	True	HIGH	High
UMOD_nephrolithiasis_nan	16	20355185		ENSG00000169344	UMOD	nephrolithiasis	expert curated	OpenTargets_2024	True	HIGH	High
ENSG00000140905_glycine_measurement_nan	16	81077298		ENSG00000140905	ENSG00000140905	glycine measurement	expert curated	OpenTargets_2024	True	HIGH	High
ENSG00000179588_plateletcrit_nan	16	88493291		ENSG00000179588	ENSG00000179588	plateletcrit	expert curated	OpenTargets_2024	True	HIGH	High
ENSG00000258839_hair_color_nan	16	89919510		ENSG00000258839	ENSG00000258839	hair color	expert curated	OpenTargets_2024	True	HIGH	High
ENSG00000258839_nan_nan	16	89920138		ENSG00000258839	ENSG00000258839		expert curated	OpenTargets_2024	True	HIGH	High
ENSG00000007168_plateletcrit_nan	17	2055242		ENSG00000007168	ENSG00000007168	plateletcrit	expert curated	OpenTargets_2024	True	HIGH	High
TP53_skin_carcinoma_nan	17	7668434		ENSG00000141510	TP53	skin carcinoma	expert curated	OpenTargets_2024	True	HIGH	High
ENSG00000167941_bone_fracture_nan	17	43721487		ENSG00000167941	ENSG00000167941	bone fracture	expert curated	OpenTargets_2024	True	HIGH	High
ENSG00000121075_heel_bone_mineral_de_nan	17	60946637		ENSG00000121075	ENSG00000121075	heel bone mineral density	expert curated	OpenTargets_2024	True	HIGH	High
ENSG00000177150_heel_bone_mineral_de_nan	18	13719511		ENSG00000177150	ENSG00000177150	heel bone mineral density	expert curated	OpenTargets_2024	True	HIGH	High
MC4R_lean_body_mass_nan	18	60183694		ENSG00000166603	MC4R	lean body mass	expert curated	OpenTargets_2024	True	HIGH	High
ENSG00000141655_heel_bone_mineral_de_nan	18	62387624		ENSG00000141655	ENSG00000141655	heel bone mineral density	expert curated	OpenTargets_2024	True	HIGH	High
ENSG00000142303_peripheral_nervous_s_nan	19	8605262		ENSG00000142303	ENSG00000142303	peripheral nervous system disease	expert curated	OpenTargets_2024	True	HIGH	High
LDLR_low_density_lipoprot_nan	19	11076648		ENSG00000130164	LDLR	low density lipoprotein cholesterol measurement	expert curated	OpenTargets_2024	True	HIGH	High
APOE_diet_measurement_nan	19	44908684		ENSG00000130203	APOE	diet measurement	expert curated	OpenTargets_2024	True	HIGH	High
APOE_simvastatin_nan	19	44909976		ENSG00000130203	APOE	simvastatin	expert curated	OpenTargets_2024	True	HIGH	High
ENSG00000176920_bringing_up_phlegm,__nan	19	48703160		ENSG00000176920	ENSG00000176920	bringing up phlegm, sputum or mucus on most days, self-reported	expert curated	OpenTargets_2024	True	HIGH	High
ENSG00000105550_Abnormal_urine_sodiu_nan	19	48756272		ENSG00000105550	ENSG00000105550	Abnormal urine sodium concentration	expert curated	OpenTargets_2024	True	HIGH	High
ENSG00000105550_diet_measurement_nan	19	48756272		ENSG00000105550	ENSG00000105550	diet measurement	expert curated	OpenTargets_2024	True	HIGH	High
ENSG00000115380_peripheral_nervous_s_nan	2	55782247		ENSG00000115380	ENSG00000115380	peripheral nervous system disease	expert curated	OpenTargets_2024	True	HIGH	High
ENSG00000115850_diet_measurement_nan	2	135950412		ENSG00000115850	ENSG00000115850	diet measurement	expert curated	OpenTargets_2024	True	HIGH	High
ENSG00000021826_glycine_measurement_nan	2	210678331		ENSG00000021826	ENSG00000021826	glycine measurement	expert curated	OpenTargets_2024	True	HIGH	High
ENSG00000241635_bilirubin_measuremen_nan	2	233762816		ENSG00000241635	ENSG00000241635	bilirubin measurement	expert curated	OpenTargets_2024	True	HIGH	High
ENSG00000125845_lean_body_mass_nan	20	6729191		ENSG00000125845	ENSG00000125845	lean body mass	expert curated	OpenTargets_2024	True	HIGH	High
ENSG00000125798_multinodular_goiter_nan	20	22644809		ENSG00000125798	ENSG00000125798	multinodular goiter	expert curated	OpenTargets_2024	True	HIGH	High
ENSG00000101440_suntan_nan	20	34077942		ENSG00000101440	ENSG00000101440	suntan	expert curated	OpenTargets_2024	True	HIGH	High
ENSG00000101000_deep_vein_thrombosis_nan	20	35136754		ENSG00000101000	ENSG00000101000	deep vein thrombosis	expert curated	OpenTargets_2024	True	HIGH	High
ENSG00000125965_lean_body_mass_nan	20	35437976		ENSG00000125965	ENSG00000125965	lean body mass	expert curated	OpenTargets_2024	True	HIGH	High
ENSG00000101162_plateletcrit_nan	20	59022916		ENSG00000101162	ENSG00000101162	plateletcrit	expert curated	OpenTargets_2024	True	HIGH	High
ENSG00000159216_plateletcrit_nan	21	35021450		ENSG00000159216	ENSG00000159216	plateletcrit	expert curated	OpenTargets_2024	True	HIGH	High
ENSG00000159261_nephrolithiasis_nan	21	36446573		ENSG00000159261	ENSG00000159261	nephrolithiasis	expert curated	OpenTargets_2024	True	HIGH	High
ENSG00000093010_blood_metabolite_mea_nan	22	19963748		ENSG00000093010	ENSG00000093010	blood metabolite measurement	expert curated	OpenTargets_2024	True	HIGH	High
ENSG00000128271_coffee_consumption_nan	22	24375987		ENSG00000128271	ENSG00000128271	coffee consumption	expert curated	OpenTargets_2024	True	HIGH	High
PNPLA3_liver_disease_nan	22	43928850		ENSG00000100344	PNPLA3	liver disease	expert curated	OpenTargets_2024	True	HIGH	High
ENSG00000100299_blood_metabolite_mea_nan	22	50625049		ENSG00000100299	ENSG00000100299	blood metabolite measurement	expert curated	OpenTargets_2024	True	HIGH	High
ENSG00000144908_glycine_measurement_nan	3	126191538		ENSG00000144908	ENSG00000144908	glycine measurement	expert curated	OpenTargets_2024	True	HIGH	High
ENSG00000179348_plateletcrit_nan	3	128483046		ENSG00000179348	ENSG00000179348	plateletcrit	expert curated	OpenTargets_2024	True	HIGH	High
ENSG00000090534_plateletcrit_nan	3	184372454		ENSG00000090534	ENSG00000090534	plateletcrit	expert curated	OpenTargets_2024	True	HIGH	High
ENSG00000145321_vitamin_D_measuremen_nan	4	71748550		ENSG00000145321	ENSG00000145321	vitamin D measurement	expert curated	OpenTargets_2024	True	HIGH	High
ENSG00000196616_alcohol_consumption__nan	4	99318162		ENSG00000196616	ENSG00000196616	alcohol consumption measurement	expert curated	OpenTargets_2024	True	HIGH	High
ENSG00000088926_deep_vein_thrombosis_nan	4	186266940		ENSG00000088926	ENSG00000088926	deep vein thrombosis	expert curated	OpenTargets_2024	True	HIGH	High
ENSG00000164175_skin_pigmentation_nan	5	33951588		ENSG00000164175	ENSG00000164175	skin pigmentation	expert curated	OpenTargets_2024	True	HIGH	High
ENSG00000113161_total_cholesterol_me_nan	5	75360714		ENSG00000113161	ENSG00000113161	total cholesterol measurement	expert curated	OpenTargets_2024	True	HIGH	High
ENSG00000155511_schizophrenia_nan	5	153229059		ENSG00000155511	ENSG00000155511	schizophrenia	expert curated	OpenTargets_2024	True	HIGH	High
ENSG00000164330_balding_measurement_nan	5	158916961		ENSG00000164330	ENSG00000164330	balding measurement	expert curated	OpenTargets_2024	True	HIGH	High
ENSG00000131183_nephrolithiasis_nan	5	177372991		ENSG00000131183	ENSG00000131183	nephrolithiasis	expert curated	OpenTargets_2024	True	HIGH	High
ENSG00000137265_suntan_nan	6	396321		ENSG00000137265	ENSG00000137265	suntan	expert curated	OpenTargets_2024	True	HIGH	High
ENSG00000153162_lean_body_mass_nan	6	7705771		ENSG00000153162	ENSG00000153162	lean body mass	expert curated	OpenTargets_2024	True	HIGH	High
HFE_iron_biomarker_measu_nan	6	26092913		ENSG00000010704	HFE	iron biomarker measurement	expert curated	OpenTargets_2024	True	HIGH	High
ENSG00000112175_osteoarthritis,_hip_nan	6	55772142		ENSG00000112175	ENSG00000112175	osteoarthritis, hip	expert curated	OpenTargets_2024	True	HIGH	High
ENSG00000056972_psoriasis_nan	6	111608659		ENSG00000056972	ENSG00000056972	psoriasis	expert curated	OpenTargets_2024	True	HIGH	High
ENSG00000146374_bone_fracture_nan	6	127147129		ENSG00000146374	ENSG00000146374	bone fracture	expert curated	OpenTargets_2024	True	HIGH	High
ENSG00000106546_coffee_consumption_nan	7	17244953		ENSG00000106546	ENSG00000106546	coffee consumption	expert curated	OpenTargets_2024	True	HIGH	High
ENSG00000122691_Ischemic_stroke_nan	7	19009765		ENSG00000122691	ENSG00000122691	Ischemic stroke	expert curated	OpenTargets_2024	True	HIGH	High
ENSG00000146733_glycine_measurement_nan	7	56011401		ENSG00000146733	ENSG00000146733	glycine measurement	expert curated	OpenTargets_2024	True	HIGH	High
ENSG00000170615_hearing_loss_nan	7	103421378		ENSG00000170615	ENSG00000170615	hearing loss	expert curated	OpenTargets_2024	True	HIGH	High
ENSG00000002745_heel_bone_mineral_de_nan	7	121322110		ENSG00000002745	ENSG00000002745	heel bone mineral density	expert curated	OpenTargets_2024	True	HIGH	High
ENSG00000179603_worry_measurement_nan	7	126738788		ENSG00000179603	ENSG00000179603	worry measurement	expert curated	OpenTargets_2024	True	HIGH	High
ENSG00000257138_alcohol_consumption__nan	7	141973545		ENSG00000257138	ENSG00000257138	alcohol consumption measurement	expert curated	OpenTargets_2024	True	HIGH	High
ENSG00000243896_diet_measurement_nan	7	144026044		ENSG00000243896	ENSG00000243896	diet measurement	expert curated	OpenTargets_2024	True	HIGH	High
ENSG00000169946_plateletcrit_nan	8	105569300		ENSG00000169946	ENSG00000169946	plateletcrit	expert curated	OpenTargets_2024	True	HIGH	High
ENSG00000178445_glycine_measurement_nan	9	6550024		ENSG00000178445	ENSG00000178445	glycine measurement	expert curated	OpenTargets_2024	True	HIGH	High
ENSG00000173068_skin_pigmentation_nan	9	16885019		ENSG00000173068	ENSG00000173068	skin pigmentation	expert curated	OpenTargets_2024	True	HIGH	High
ENSG00000147889_coronary_artery_dise_nan	9	22098575		ENSG00000147889	ENSG00000147889	coronary artery disease	expert curated	OpenTargets_2024	True	HIGH	High
ENSG00000147883_coronary_artery_dise_nan	9	22098575		ENSG00000147883	ENSG00000147883	coronary artery disease	expert curated	OpenTargets_2024	True	HIGH	High
ENSG00000178919_multinodular_goiter_nan	9	97776188		ENSG00000178919	ENSG00000178919	multinodular goiter	expert curated	OpenTargets_2024	True	HIGH	High
ENSG00000136944_osteoarthritis,_hip_nan	9	126624581		ENSG00000136944	ENSG00000136944	osteoarthritis, hip	expert curated	OpenTargets_2024	True	HIGH	High
ENSG00000175164_deep_vein_thrombosis_nan	9	133267960		ENSG00000175164	ENSG00000175164	deep vein thrombosis	expert curated	OpenTargets_2024	True	HIGH	High
ENSG00000169083_balding_measurement_nan	X	67450724		ENSG00000169083	ENSG00000169083	balding measurement	expert curated	OpenTargets_2024	True	HIGH	High
ENSG00000106633_D-Glucose_6975024	7	44192287	rs6975024	ENSG00000106633	ENSG00000106633	D-Glucose	expert curated	ProGeM_2019	False	LOW	High
ENSG00000134640_D-Glucose_10830963	11	92975544	rs10830963	ENSG00000134640	ENSG00000134640	D-Glucose	expert curated	ProGeM_2019	False	LOW	High
ENSG00000109667_Uric_acid_12498742	4	9942428	rs12498742	ENSG00000109667	ENSG00000109667	Uric acid	expert curated	ProGeM_2019	False	LOW	High
ENSG00000132170_Cholesterol_7616006	3	12226148	rs7616006	ENSG00000132170	ENSG00000132170	Cholesterol	expert curated	ProGeM_2019	False	LOW	High
ENSG00000198670_Cholesterol_10455872	6	160589086	rs10455872	ENSG00000198670	ENSG00000198670	Cholesterol	expert curated	ProGeM_2019	False	LOW	High
ENSG00000087237_high_density_lipopro_247616	16	56955678	rs247616	ENSG00000087237	ENSG00000087237	high density lipoprotein cholesterol measurement	expert curated	ProGeM_2019	False	LOW	High
ENSG00000169174_low_density_lipoprot_11591147	1	55039974	rs11591147	ENSG00000169174	ENSG00000169174	low density lipoprotein cholesterol measurement	expert curated	ProGeM_2019	False	LOW	High
ENSG00000084674_low_density_lipoprot_1367117	2	21041028	rs1367117	ENSG00000084674	ENSG00000084674	low density lipoprotein cholesterol measurement	expert curated	ProGeM_2019	False	LOW	High
ENSG00000130164_low_density_lipoprot_6511720	19	11091630	rs6511720	ENSG00000130164	ENSG00000130164	low density lipoprotein cholesterol measurement	expert curated	ProGeM_2019	False	LOW	High
ENSG00000132855_triglyceride_measure_4587594	1	62668259	rs4587594	ENSG00000132855	ENSG00000132855	triglyceride measurement	expert curated	ProGeM_2019	False	LOW	High
ENSG00000000971_C3f,_complement_C3_d_7535263	1	196713216	rs7535263	ENSG00000000971	ENSG00000000971	C3f, complement C3 derived peptide	expert curated	ProGeM_2019	False	LOW	High
ENSG00000010704_Iron_1800562	6	26092913	rs1800562	ENSG00000010704	ENSG00000010704	Iron	expert curated	ProGeM_2019	False	LOW	High
ENSG00000169174_Hypercholesterolemia_nan	1	55021673		ENSG00000169174	ENSG00000169174	Hypercholesterolemia	drug	ProGeM_2019	False	LOW	High
ENSG00000169174_Disorder_of_lipid_me_nan	1	55023869		ENSG00000169174	ENSG00000169174	Disorder of lipid metabolism	drug	ProGeM_2019	False	LOW	High
ENSG00000169174_coronary_artery_dise_nan	1	55030366		ENSG00000169174	ENSG00000169174	coronary artery disease	drug	ProGeM_2019	False	LOW	High
ENSG00000169174_cardiovascular_syste_nan	1	55039974		ENSG00000169174	ENSG00000169174	cardiovascular system disease	drug	ProGeM_2019	False	LOW	High
ENSG00000132170_diabetes_mellitus_nan	3	12288284		ENSG00000132170	ENSG00000132170	diabetes mellitus	drug	ProGeM_2019	False	LOW	High
ENSG00000132170_type_II_diabetes_mel_nan	3	12288284		ENSG00000132170	ENSG00000132170	type II diabetes mellitus	drug	ProGeM_2019	False	LOW	High
ENSG00000096968_polycythemia_vera_nan	9	5049092		ENSG00000096968	ENSG00000096968	polycythemia vera	drug	ProGeM_2019	False	LOW	High
ENSG00000187486_type_II_diabetes_mel_nan	11	17386857		ENSG00000187486	ENSG00000187486	type II diabetes mellitus	functional observational	ProGeM_2019	False	LOW	High
ENSG00000134640_type_II_diabetes_mel_nan	11	92935809		ENSG00000134640	ENSG00000134640	type II diabetes mellitus	functional observational	ProGeM_2019	False	LOW	High
ENSG00000135100_type_II_diabetes_mel_nan	12	120890006		ENSG00000135100	ENSG00000135100	type II diabetes mellitus	functional observational	ProGeM_2019	False	LOW	High
ENSG00000166603_type_II_diabetes_mel_nan	18	60171168		ENSG00000166603	ENSG00000166603	type II diabetes mellitus	functional observational	ProGeM_2019	False	LOW	High
ENSG00000130203_type_II_diabetes_mel_nan	19	44888997		ENSG00000130203	ENSG00000130203	type II diabetes mellitus	functional observational	ProGeM_2019	False	LOW	High
ENSG00000100344_type_II_diabetes_mel_nan	22	43928847		ENSG00000100344	ENSG00000100344	type II diabetes mellitus	functional observational	ProGeM_2019	False	LOW	High
ENSG00000106633_type_II_diabetes_mel_nan	7	44135258		ENSG00000106633	ENSG00000106633	type II diabetes mellitus	functional observational	ProGeM_2019	False	LOW	High
ENSG00000177508_obesity_nan	16	53767042		ENSG00000177508	ENSG00000177508	obesity	functional observational|functional experimental	ProGeM_2019	False	LOW	High
ENSG00000145335_Parkinson's_disease_nan	4	89716450		ENSG00000145335	ENSG00000145335	Parkinson's disease	functional observational	ProGeM_2019	False	LOW	High
ENSG00000132855_lipid_measurement_nan	1	62679768		ENSG00000132855	ENSG00000132855	lipid measurement	functional observational|functional experimental	ProGeM_2019	False	LOW	High
ENSG00000169174_low_density_lipoprot_nan	1	55039974		ENSG00000169174	ENSG00000169174	low density lipoprotein cholesterol measurement	expert curated	ProGeM_2019	False	LOW	High
ENSG00000134242_rheumatoid_arthritis_nan	1	113834946		ENSG00000134242	ENSG00000134242	rheumatoid arthritis	expert curated	ProGeM_2019	False	LOW	High
ENSG00000169344_nephrolithiasis_nan	16	20355185		ENSG00000169344	ENSG00000169344	nephrolithiasis	expert curated	ProGeM_2019	False	LOW	High
ENSG00000141510_skin_carcinoma_nan	17	7668434		ENSG00000141510	ENSG00000141510	skin carcinoma	expert curated	ProGeM_2019	False	LOW	High
ENSG00000166603_lean_body_mass_nan	18	60183694		ENSG00000166603	ENSG00000166603	lean body mass	expert curated	ProGeM_2019	False	LOW	High
ENSG00000130164_low_density_lipoprot_nan	19	11076648		ENSG00000130164	ENSG00000130164	low density lipoprotein cholesterol measurement	expert curated	ProGeM_2019	False	LOW	High
ENSG00000130203_diet_measurement_nan	19	44908684		ENSG00000130203	ENSG00000130203	diet measurement	expert curated	ProGeM_2019	False	LOW	High
ENSG00000130203_simvastatin_nan	19	44909976		ENSG00000130203	ENSG00000130203	simvastatin	expert curated	ProGeM_2019	False	LOW	High
ENSG00000100344_liver_disease_nan	22	43928850		ENSG00000100344	ENSG00000100344	liver disease	expert curated	ProGeM_2019	False	LOW	High
ENSG00000010704_iron_biomarker_measu_nan	6	26092913		ENSG00000010704	ENSG00000010704	iron biomarker measurement	expert curated	ProGeM_2019	False	LOW	High
nan_Urate_levels_2231142	4	88131171	rs2231142			Urate levels		OpenTargets_GoldStandards_2019	False	LOW	
nan_Total_Cholesterol_558971	1	234717659	rs558971			Total Cholesterol		OpenTargets_GoldStandards_2019	False	LOW	
nan_Cholesterol,_total_2287623	2	168973645	rs2287623			Cholesterol, total		OpenTargets_GoldStandards_2019	False	LOW	
nan_Total_Cholesterol_7616006	3	12226148	rs7616006			Total Cholesterol		OpenTargets_GoldStandards_2019	False	LOW	
nan_HDL_Cholesterol_1883025	9	104902020	rs1883025			HDL Cholesterol		OpenTargets_GoldStandards_2019	False	LOW	
nan_HDL_Cholesterol_3847502	11	47312134	rs3847502			HDL Cholesterol		OpenTargets_GoldStandards_2019	False	LOW	
